Date,Open,High,Low,Close,Adj Close,Volume
1992-12-17,7.508680,7.508680,7.258391,7.258391,5.929375,1080300
1992-12-18,7.258391,7.508680,7.258391,7.258391,5.929375,236400
1992-12-21,7.258391,7.508680,7.133246,7.133246,5.827144,119400
1992-12-22,7.383535,7.383535,7.133246,7.133246,5.827144,63000
1992-12-23,7.133246,7.383535,7.133246,7.195818,5.878260,43600
1992-12-24,7.133246,7.195818,7.133246,7.195818,5.878260,13200
1992-12-28,7.383535,7.383535,7.133246,7.133246,5.827144,40400
1992-12-29,7.258391,7.258391,7.133246,7.195818,5.878260,37500
1992-12-30,7.195818,7.383535,7.133246,7.258391,5.929375,71900
1992-12-31,7.133246,7.383535,7.133246,7.133246,5.827144,31500
1993-01-04,7.133246,7.383535,7.133246,7.133246,5.827144,39600
1993-01-05,7.133246,7.383535,7.133246,7.383535,6.031606,29400
1993-01-06,7.258391,7.508680,7.133246,7.133246,5.827144,26400
1993-01-07,7.133246,7.133246,7.133246,7.133246,5.827144,12500
1993-01-08,7.133246,7.383535,7.133246,7.133246,5.827144,19900
1993-01-11,7.133246,7.195818,7.133246,7.195818,5.878260,10400
1993-01-12,7.133246,7.258391,7.133246,7.195818,5.878260,30200
1993-01-13,7.195818,7.195818,7.133246,7.133246,5.827144,80000
1993-01-14,7.133246,7.195818,7.133246,7.133246,5.827144,47900
1993-01-15,7.133246,7.383535,7.133246,7.195818,5.878260,75500
1993-01-18,7.133246,7.383535,7.133246,7.133246,5.827144,1100
1993-01-19,7.383535,7.383535,7.133246,7.133246,5.827144,6800
1993-01-20,7.133246,7.258391,7.008101,7.133246,5.827144,255300
1993-01-21,6.882957,6.945529,6.882957,6.945529,5.673799,46300
1993-01-22,6.882957,6.945529,6.882957,6.945529,5.673799,89000
1993-01-25,6.882957,7.258391,6.882957,6.945529,5.673799,42200
1993-01-26,7.258391,7.258391,6.757812,6.820385,5.571568,141100
1993-01-27,6.757812,7.133246,6.757812,6.757812,5.520452,9900
1993-01-28,6.757812,7.008101,6.757812,7.008101,5.724914,172100
1993-01-29,6.757812,6.820385,6.757812,6.820385,5.571568,9700
1993-02-01,6.882957,7.008101,6.882957,6.882957,5.622683,9300
1993-02-02,6.882957,7.008101,6.882957,6.945529,5.673799,41400
1993-02-03,6.882957,6.945529,6.882957,6.882957,5.622683,176500
1993-02-04,6.882957,7.258391,6.882957,7.258391,5.929375,91400
1993-02-05,7.258391,7.258391,6.882957,7.258391,5.929375,114900
1993-02-08,7.383535,7.383535,7.195818,7.195818,5.878260,6800
1993-02-09,7.008101,7.133246,7.008101,7.008101,5.724914,109900
1993-02-10,7.383535,7.383535,7.008101,7.008101,5.724914,7100
1993-02-11,7.008101,7.008101,7.008101,7.008101,5.724914,5600
1993-02-12,7.008101,7.133246,7.008101,7.133246,5.827144,106100
1993-02-16,7.008101,7.133246,7.008101,7.008101,5.724914,17800
1993-02-17,7.008101,7.070673,6.882957,6.882957,5.622683,85200
1993-02-18,7.008101,7.008101,6.507523,6.507523,5.315991,47600
1993-02-19,6.570095,6.632668,6.507523,6.570095,5.367106,71500
1993-02-22,6.757812,7.008101,6.757812,6.757812,5.520452,20300
1993-02-23,6.757812,6.757812,6.757812,6.757812,5.520452,2800
1993-02-24,7.008101,7.508680,7.008101,7.383535,6.031606,250800
1993-02-25,7.383535,7.383535,7.383535,7.383535,6.031606,0
1993-02-26,7.508680,7.508680,7.383535,7.446108,6.082721,21000
1993-03-01,7.508680,7.571252,7.383535,7.571252,6.184951,121400
1993-03-02,7.884114,7.884114,7.571252,7.884114,6.440528,351200
1993-03-03,7.633825,8.009258,7.633825,7.821542,6.389413,413900
1993-03-04,7.633825,7.884114,7.633825,7.758969,6.338297,179700
1993-03-05,8.009258,8.009258,7.758969,8.009258,6.542758,24200
1993-03-08,7.633825,7.758969,7.633825,7.758969,6.338297,113100
1993-03-09,7.758969,7.884114,7.633825,7.758969,6.338297,297500
1993-03-10,7.633825,7.884114,7.633825,7.821542,6.389413,23200
1993-03-11,7.821542,7.884114,7.633825,7.758969,6.338297,168300
1993-03-12,7.633825,7.884114,7.633825,7.696397,6.287182,230100
1993-03-15,8.009258,8.009258,7.758969,8.009258,6.542758,13200
1993-03-16,7.884114,8.009258,7.884114,8.009258,6.542758,220200
1993-03-17,7.884114,8.134403,7.884114,8.009258,6.542758,73600
1993-03-18,7.946686,8.009258,7.884114,8.009258,6.542758,5200
1993-03-19,7.884114,8.134403,7.884114,8.134403,6.644989,402300
1993-03-22,8.009258,8.760127,8.009258,8.509837,6.951681,72700
1993-03-23,8.384693,8.760127,8.384693,8.509837,6.951681,72600
1993-03-24,8.760127,9.636139,8.634982,9.510995,7.769526,186100
1993-03-25,9.510995,9.636139,9.385850,9.636139,7.871756,69100
1993-03-26,9.636139,9.636139,9.385850,9.510995,7.769526,101900
1993-03-29,9.761284,9.761284,9.385850,9.385850,7.667295,149400
1993-03-30,9.385850,9.761284,9.385850,9.510995,7.769526,8800
1993-03-31,9.510995,9.698711,9.385850,9.698711,7.922872,91600
1993-04-01,9.761284,9.761284,9.510995,9.510995,7.769526,58000
1993-04-02,9.510995,9.698711,9.260705,9.260705,7.565064,128200
1993-04-05,9.260705,9.260705,9.260705,9.260705,7.565064,500
1993-04-06,9.260705,9.510995,9.260705,9.510995,7.769526,24000
1993-04-07,9.510995,9.886429,9.385850,9.886429,8.076218,97900
1993-04-08,10.011574,10.136718,9.761284,10.011574,8.178449,137400
1993-04-12,10.011574,10.011574,9.761284,9.886429,8.076218,2800
1993-04-13,10.011574,10.136718,10.011574,10.136718,8.280679,53800
1993-04-14,9.886429,10.261863,9.886429,10.261863,8.382910,58000
1993-04-15,10.011574,10.637297,10.011574,10.637297,8.689601,18300
1993-04-16,10.261863,10.387008,10.261863,10.387008,8.485141,900
1993-04-19,10.387008,10.387008,10.387008,10.387008,8.485141,0
1993-04-20,10.637297,10.637297,10.637297,10.637297,8.689601,300
1993-04-21,10.387008,10.387008,10.387008,10.387008,8.485141,1500
1993-04-22,10.387008,10.637297,10.387008,10.574724,8.638486,38200
1993-04-23,10.637297,10.762442,10.387008,10.762442,8.791832,109800
1993-04-26,10.762442,10.887586,10.637297,10.887586,8.894062,44800
1993-04-27,10.637297,10.637297,10.637297,10.637297,8.689601,900
1993-04-28,10.637297,10.887586,10.637297,10.887586,8.894062,1200
1993-04-29,10.887586,11.012731,10.637297,11.012731,8.996293,20300
1993-04-30,10.762442,11.012731,10.762442,10.887586,8.894062,50200
1993-05-03,10.762442,10.825014,10.512152,10.637297,8.689601,127800
1993-05-04,10.762442,10.762442,10.512152,10.512152,8.587371,36300
1993-05-05,10.387008,10.387008,10.387008,10.387008,8.485141,2000
1993-05-06,10.512152,10.637297,10.512152,10.637297,8.689601,19900
1993-05-07,10.387008,10.512152,10.387008,10.387008,8.485141,5600
1993-05-10,10.261863,10.512152,10.261863,10.512152,8.587371,16300
1993-05-11,10.637297,10.637297,10.387008,10.387008,8.485141,27900
1993-05-12,10.637297,10.887586,10.387008,10.887586,8.894062,15900
1993-05-13,10.762442,10.887586,10.762442,10.762442,8.791832,11800
1993-05-14,10.887586,10.887586,10.887586,10.887586,8.894062,12300
1993-05-17,10.887586,10.887586,10.699869,10.762442,8.791832,96300
1993-05-18,10.887586,10.887586,10.887586,10.887586,8.894062,10300
1993-05-19,11.012731,11.388165,11.012731,11.388165,9.302984,22700
1993-05-20,11.513309,11.513309,11.325592,11.450737,9.354100,12800
1993-05-21,11.325592,11.638454,11.263021,11.638454,9.507446,103400
1993-05-24,11.513309,11.888743,11.513309,11.888743,9.711907,11100
1993-05-25,11.888743,11.888743,11.701026,11.826171,9.660792,85000
1993-05-26,11.888743,11.888743,11.763598,11.763598,9.609676,6800
1993-05-27,11.888743,12.451895,11.888743,12.451895,10.171946,67800
1993-05-28,12.514466,13.140190,12.514466,13.140190,10.734213,11500
1993-06-01,13.015045,13.140190,12.889901,12.952473,10.580867,113000
1993-06-02,12.889901,13.015045,12.764756,12.764756,10.427521,10300
1993-06-03,12.764756,13.015045,12.764756,12.889901,10.529752,52400
1993-06-04,12.764756,12.889901,12.764756,12.889901,10.529752,19900
1993-06-07,12.827329,12.889901,12.827329,12.889901,10.529752,1600
1993-06-08,12.764756,13.015045,12.764756,13.015045,10.631982,47000
1993-06-09,12.639611,12.827329,12.639611,12.827329,10.478637,5800
1993-06-10,13.015045,13.015045,12.889901,12.889901,10.529752,12800
1993-06-11,12.827329,13.015045,12.577039,12.577039,10.274176,33500
1993-06-14,12.389322,12.389322,12.139032,12.201605,9.967484,10400
1993-06-15,12.139032,12.264177,11.638454,11.888743,9.711907,73400
1993-06-16,11.638454,11.701026,11.638454,11.638454,9.507446,7600
1993-06-17,12.013888,12.013888,11.638454,11.701026,9.558561,49200
1993-06-18,11.638454,11.638454,11.388165,11.388165,9.302984,10700
1993-06-21,11.513309,11.513309,11.388165,11.388165,9.302984,5100
1993-06-22,11.263021,11.263021,10.762442,10.887586,8.894062,68600
1993-06-23,10.512152,10.512152,10.261863,10.512152,8.587371,41400
1993-06-24,10.261863,10.762442,10.136718,10.261863,8.382910,292100
1993-06-25,10.136718,10.387008,10.074145,10.136718,8.280679,110700
1993-06-28,10.261863,10.261863,10.011574,10.074145,8.229563,31100
1993-06-29,10.261863,10.637297,10.199290,10.512152,8.587371,298100
1993-06-30,10.512152,10.637297,10.449579,10.512152,8.587371,99800
1993-07-01,10.512152,11.137876,10.387008,11.137876,9.098524,261800
1993-07-02,11.137876,11.137876,11.075303,11.137876,9.098524,30000
1993-07-06,11.137876,11.137876,10.887586,11.012731,8.996293,66300
1993-07-07,11.137876,11.137876,10.887586,10.887586,8.894062,11800
1993-07-08,11.012731,11.137876,11.012731,11.137876,9.098524,32400
1993-07-09,11.012731,11.075303,11.012731,11.075303,9.047408,72300
1993-07-12,10.887586,11.012731,10.887586,11.012731,8.996293,35100
1993-07-13,10.887586,11.137876,10.887586,11.137876,9.098524,15500
1993-07-14,11.012731,11.137876,11.012731,11.137876,9.098524,60200
1993-07-15,11.137876,11.137876,11.012731,11.012731,8.996293,89800
1993-07-16,11.012731,11.137876,11.012731,11.137876,9.098524,33600
1993-07-19,10.887586,11.137876,10.887586,11.137876,9.098524,14800
1993-07-20,11.137876,11.137876,11.012731,11.137876,9.098524,51100
1993-07-21,11.075303,11.075303,10.887586,11.075303,9.047408,85600
1993-07-22,11.012731,11.012731,11.012731,11.012731,8.996293,104700
1993-07-23,11.012731,11.012731,11.012731,11.012731,8.996293,0
1993-07-26,11.137876,11.137876,11.137876,11.137876,9.098524,100
1993-07-27,11.137876,11.137876,11.012731,11.012731,8.996293,64800
1993-07-28,11.137876,11.137876,11.137876,11.137876,9.098524,1200
1993-07-29,11.137876,11.388165,11.137876,11.137876,9.098524,35200
1993-07-30,11.263021,11.513309,11.263021,11.388165,9.302984,70000
1993-08-02,11.450737,12.264177,11.263021,12.076461,9.865253,219000
1993-08-03,12.013888,12.139032,11.888743,12.076461,9.865253,31900
1993-08-04,11.763598,12.264177,11.763598,12.264177,10.018599,30200
1993-08-05,12.139032,12.264177,12.013888,12.264177,10.018599,105000
1993-08-06,12.139032,12.264177,12.139032,12.264177,10.018599,27500
1993-08-09,12.264177,12.264177,12.264177,12.264177,10.018599,0
1993-08-10,12.139032,12.201605,12.139032,12.201605,9.967484,67200
1993-08-11,12.264177,12.264177,12.264177,12.264177,10.018599,1100
1993-08-12,12.139032,12.264177,12.139032,12.264177,10.018599,201700
1993-08-13,12.326750,12.326750,12.264177,12.264177,10.018599,55800
1993-08-16,12.389322,12.389322,12.389322,12.389322,10.120830,300
1993-08-17,12.201605,12.389322,12.139032,12.389322,10.120830,24700
1993-08-18,12.139032,12.139032,12.139032,12.139032,9.916368,1500
1993-08-19,12.514466,12.514466,12.389322,12.389322,10.120830,1500
1993-08-20,12.326750,12.326750,12.326750,12.326750,10.069715,8000
1993-08-23,12.326750,12.326750,12.326750,12.326750,10.069715,0
1993-08-24,12.201605,12.514466,12.201605,12.514466,10.223060,23800
1993-08-25,12.451895,12.514466,12.264177,12.264177,10.018599,8400
1993-08-26,12.264177,12.514466,12.264177,12.389322,10.120830,44600
1993-08-27,12.514466,12.514466,12.139032,12.201605,9.967484,87500
1993-08-30,12.389322,12.389322,12.389322,12.389322,10.120830,1200
1993-08-31,12.514466,12.514466,12.514466,12.514466,10.223060,1100
1993-09-01,12.514466,13.515624,12.514466,13.140190,10.734213,153300
1993-09-02,13.265335,13.265335,13.015045,13.077618,10.683098,29400
1993-09-03,13.265335,13.265335,13.265335,13.265335,10.836444,9000
1993-09-07,13.265335,13.265335,13.015045,13.015045,10.631982,6500
1993-09-08,13.015045,13.015045,12.639611,12.702184,10.376407,33000
1993-09-09,12.639611,12.764756,12.514466,12.514466,10.223060,19200
1993-09-10,12.389322,12.639611,12.013888,12.139032,9.916368,119800
1993-09-13,12.264177,12.389322,12.076461,12.139032,9.916368,61600
1993-09-14,11.888743,12.013888,11.638454,11.701026,9.558561,45900
1993-09-15,11.888743,11.888743,11.763598,11.763598,9.609676,1500
1993-09-16,11.763598,11.826171,11.763598,11.826171,9.660792,3900
1993-09-17,11.951316,12.013888,11.951316,12.013888,9.814137,3900
1993-09-20,12.013888,12.139032,11.826171,11.826171,9.660792,32200
1993-09-21,12.013888,12.013888,11.763598,11.763598,9.609676,21900
1993-09-22,11.763598,11.826171,11.763598,11.763598,9.609676,35800
1993-09-23,12.076461,12.076461,12.076461,12.076461,9.865253,21900
1993-09-24,12.139032,12.139032,11.763598,11.763598,9.609676,3500
1993-09-27,11.763598,11.763598,11.763598,11.763598,9.609676,0
1993-09-28,11.763598,12.139032,11.763598,12.139032,9.916368,12700
1993-09-29,12.139032,12.139032,12.139032,12.139032,9.916368,300
1993-09-30,12.264177,12.514466,12.264177,12.514466,10.223060,35600
1993-10-01,12.514466,13.140190,12.514466,13.140190,10.734213,46300
1993-10-04,13.390479,14.016203,13.390479,13.765913,11.245366,87100
1993-10-05,14.016203,14.016203,13.703341,13.891058,11.347597,65400
1993-10-06,13.891058,13.891058,13.390479,13.390479,10.938675,41400
1993-10-07,13.390479,13.390479,13.390479,13.390479,10.938675,1900
1993-10-08,13.390479,13.390479,13.265335,13.265335,10.836444,15300
1993-10-11,13.390479,13.515624,13.390479,13.390479,10.938675,6300
1993-10-12,13.390479,13.390479,13.390479,13.390479,10.938675,0
1993-10-13,13.515624,13.515624,13.265335,13.390479,10.938675,5100
1993-10-14,13.515624,13.515624,13.515624,13.515624,11.040905,1900
1993-10-15,13.515624,13.765913,13.265335,13.765913,11.245366,12700
1993-10-18,13.765913,13.765913,13.765913,13.765913,11.245366,0
1993-10-19,13.891058,13.891058,13.515624,13.515624,11.040905,18000
1993-10-20,13.515624,13.515624,12.889901,12.889901,10.529752,34000
1993-10-21,12.639611,12.889901,12.514466,12.639611,10.325291,43500
1993-10-22,12.764756,12.764756,12.514466,12.514466,10.223060,35200
1993-10-25,12.639611,12.639611,12.514466,12.514466,10.223060,11100
1993-10-26,12.514466,12.639611,12.389322,12.451895,10.171946,112600
1993-10-27,12.451895,12.451895,12.451895,12.451895,10.171946,0
1993-10-28,12.451895,12.451895,12.451895,12.451895,10.171946,0
1993-10-29,12.264177,12.639611,12.264177,12.639611,10.325291,15900
1993-11-01,12.639611,12.639611,12.639611,12.639611,10.325291,500
1993-11-02,12.639611,12.639611,12.639611,12.639611,10.325291,0
1993-11-03,12.639611,12.639611,12.389322,12.389322,10.120830,4700
1993-11-04,12.639611,12.889901,12.639611,12.702184,10.376407,75400
1993-11-05,12.514466,12.702184,12.514466,12.514466,10.223060,14400
1993-11-08,12.514466,12.514466,12.514466,12.514466,10.223060,0
1993-11-09,12.514466,12.764756,12.514466,12.577039,10.274176,12800
1993-11-10,12.514466,12.764756,12.514466,12.764756,10.427521,5800
1993-11-11,13.265335,13.515624,13.265335,13.390479,10.938675,23100
1993-11-12,13.578197,13.578197,13.390479,13.390479,10.938675,9300
1993-11-15,13.515624,13.515624,13.515624,13.515624,11.040905,1900
1993-11-16,13.390479,13.390479,13.390479,13.390479,10.938675,92200
1993-11-17,13.265335,13.265335,12.514466,12.889901,10.529752,56700
1993-11-18,12.389322,12.451895,12.389322,12.389322,10.120830,69800
1993-11-19,12.264177,12.389322,12.264177,12.389322,10.120830,4400
1993-11-22,12.389322,12.389322,12.389322,12.389322,10.120830,0
1993-11-23,12.514466,12.514466,12.451895,12.451895,10.171946,3300
1993-11-24,12.639611,12.889901,12.639611,12.889901,10.529752,12700
1993-11-26,12.889901,12.889901,12.889901,12.889901,10.529752,0
1993-11-29,12.639611,12.639611,12.013888,12.076461,9.865253,265600
1993-11-30,11.888743,12.013888,11.826171,11.888743,9.711907,55600
1993-12-01,11.826171,11.888743,11.638454,11.888743,9.711907,44600
1993-12-02,11.638454,11.638454,11.638454,11.638454,9.507446,16800
1993-12-03,11.638454,11.638454,11.638454,11.638454,9.507446,0
1993-12-06,11.763598,11.763598,11.638454,11.638454,9.507446,5800
1993-12-07,11.888743,11.888743,11.513309,11.513309,9.405215,500
1993-12-08,11.513309,11.513309,11.513309,11.513309,9.405215,25900
1993-12-09,11.513309,11.513309,11.388165,11.450737,9.354100,54800
1993-12-10,11.575882,11.826171,11.388165,11.826171,9.660792,46300
1993-12-13,11.263021,11.513309,10.950158,11.012731,8.996293,218800
1993-12-14,10.887586,10.887586,10.261863,10.261863,8.382910,51500
1993-12-15,10.261863,10.261863,9.886429,9.886429,8.076218,99000
1993-12-16,9.949001,10.136718,9.886429,9.886429,8.076218,40300
1993-12-17,10.261863,10.261863,10.011574,10.136718,8.280679,60200
1993-12-20,10.387008,10.387008,10.011574,10.011574,8.178449,47600
1993-12-21,10.011574,10.261863,10.011574,10.261863,8.382910,20800
1993-12-22,10.261863,10.637297,10.199290,10.512152,8.587371,24200
1993-12-23,10.762442,10.762442,10.762442,10.762442,8.791832,17100
1993-12-27,10.762442,11.012731,10.762442,10.950158,8.945177,53200
1993-12-28,10.950158,11.263021,10.950158,11.263021,9.200754,33600
1993-12-29,11.263021,11.263021,11.263021,11.263021,9.200754,4400
1993-12-30,11.012731,11.263021,11.012731,11.263021,9.200754,1900
1993-12-31,11.388165,11.701026,11.388165,11.701026,9.558561,28400
1994-01-03,11.513309,11.763598,11.513309,11.763598,9.609676,20800
1994-01-04,11.513309,11.763598,11.513309,11.513309,9.405215,42800
1994-01-05,11.513309,11.513309,11.513309,11.513309,9.405215,29100
1994-01-06,11.638454,11.763598,11.638454,11.763598,9.609676,42800
1994-01-07,11.513309,11.763598,11.513309,11.763598,9.609676,20600
1994-01-10,11.701026,11.763598,11.638454,11.763598,9.609676,60700
1994-01-11,11.638454,11.638454,11.638454,11.638454,9.507446,5800
1994-01-12,11.763598,11.763598,11.763598,11.763598,9.609676,500
1994-01-13,11.513309,11.638454,11.513309,11.513309,9.405215,82200
1994-01-14,11.513309,11.763598,11.388165,11.513309,9.405215,103400
1994-01-17,11.263021,11.763598,11.263021,11.763598,9.609676,4300
1994-01-18,11.763598,11.763598,11.263021,11.263021,9.200754,8300
1994-01-19,11.200448,11.388165,11.200448,11.263021,9.200754,20800
1994-01-20,11.263021,11.263021,11.263021,11.263021,9.200754,0
1994-01-21,11.388165,11.388165,11.012731,11.325592,9.251869,3700
1994-01-24,11.137876,11.388165,11.137876,11.263021,9.200754,24200
1994-01-25,11.388165,11.388165,11.325592,11.325592,9.251869,4700
1994-01-26,11.513309,11.513309,11.263021,11.325592,9.251869,80700
1994-01-27,11.325592,11.325592,11.325592,11.325592,9.251869,0
1994-01-28,11.137876,11.513309,11.137876,11.513309,9.405215,700
1994-01-31,11.513309,11.513309,11.513309,11.513309,9.405215,1500
1994-02-01,11.513309,11.513309,11.137876,11.137876,9.098524,16700
1994-02-02,11.012731,11.137876,10.762442,11.137876,9.098524,150300
1994-02-03,10.637297,11.137876,10.637297,10.699869,8.740716,259600
1994-02-04,10.512152,10.762442,9.886429,9.886429,8.076218,253400
1994-02-07,9.886429,9.886429,9.886429,9.886429,8.076218,0
1994-02-08,10.136718,10.637297,10.136718,10.637297,8.689601,107800
1994-02-09,10.637297,11.137876,10.637297,11.137876,9.098524,107000
1994-02-10,11.263021,11.263021,11.263021,11.263021,9.200754,3100
1994-02-11,11.263021,11.263021,11.263021,11.263021,9.200754,0
1994-02-14,11.263021,11.388165,11.263021,11.388165,9.302984,11600
1994-02-15,11.388165,11.388165,11.012731,11.263021,9.200754,5200
1994-02-16,11.388165,11.388165,11.137876,11.137876,9.098524,6100
1994-02-17,11.325592,11.388165,11.263021,11.388165,9.302984,32000
1994-02-18,11.388165,11.513309,11.325592,11.513309,9.405215,40000
1994-02-22,11.638454,11.638454,11.263021,11.263021,9.200754,8800
1994-02-23,11.263021,11.263021,11.263021,11.263021,9.200754,0
1994-02-24,11.513309,11.513309,11.513309,11.513309,9.405215,2300
1994-02-25,11.638454,11.638454,11.638454,11.638454,9.507446,4700
1994-02-28,11.638454,11.638454,11.263021,11.638454,9.507446,6100
1994-03-01,11.638454,11.638454,11.388165,11.638454,9.507446,4700
1994-03-02,11.638454,11.638454,11.638454,11.638454,9.507446,3500
1994-03-03,11.638454,11.763598,11.513309,11.763598,9.609676,20000
1994-03-04,11.513309,11.638454,11.388165,11.388165,9.302984,16700
1994-03-07,11.388165,11.388165,11.263021,11.263021,9.200754,39000
1994-03-08,11.137876,11.137876,11.012731,11.137876,9.098524,13900
1994-03-09,11.012731,11.012731,11.012731,11.012731,8.996293,300
1994-03-10,11.263021,11.263021,11.263021,11.263021,9.200754,10700
1994-03-11,11.075303,11.075303,11.075303,11.075303,9.047408,3300
1994-03-14,11.075303,11.075303,11.075303,11.075303,9.047408,0
1994-03-15,11.012731,11.263021,11.012731,11.263021,9.200754,2400
1994-03-16,11.075303,11.263021,11.012731,11.012731,8.996293,36200
1994-03-17,11.012731,11.012731,11.012731,11.012731,8.996293,4000
1994-03-18,11.137876,11.137876,10.887586,10.887586,8.894062,500
1994-03-21,11.012731,11.012731,10.887586,10.887586,8.894062,3900
1994-03-22,11.075303,11.075303,10.950158,10.950158,8.945177,51000
1994-03-23,10.950158,10.950158,10.950158,10.950158,8.945177,0
1994-03-24,10.950158,10.950158,10.950158,10.950158,8.945177,1900
1994-03-25,10.762442,10.887586,10.762442,10.887586,8.894062,29200
1994-03-28,10.887586,10.887586,10.887586,10.887586,8.894062,0
1994-03-29,10.762442,10.762442,10.762442,10.762442,8.791832,4700
1994-03-30,10.637297,10.699869,10.637297,10.699869,8.740716,6800
1994-03-31,10.699869,10.699869,10.699869,10.699869,8.740716,0
1994-04-04,10.512152,10.637297,10.387008,10.387008,8.485141,11100
1994-04-05,10.637297,10.637297,10.387008,10.637297,8.689601,1100
1994-04-06,10.449579,10.449579,10.449579,10.449579,8.536255,13200
1994-04-07,10.261863,10.261863,10.261863,10.261863,8.382910,100
1994-04-08,10.261863,10.261863,10.261863,10.261863,8.382910,0
1994-04-11,10.637297,10.637297,10.637297,10.637297,8.689601,100
1994-04-12,10.261863,10.324435,9.886429,10.011574,8.178449,56600
1994-04-13,9.761284,9.761284,9.510995,9.573567,7.820642,85400
1994-04-14,9.886429,10.074145,9.886429,10.074145,8.229563,18300
1994-04-15,10.011574,10.011574,9.886429,9.886429,8.076218,47800
1994-04-18,10.136718,10.261863,10.136718,10.261863,8.382910,7900
1994-04-19,10.261863,10.261863,10.261863,10.261863,8.382910,0
1994-04-20,10.011574,10.011574,10.011574,10.011574,8.178449,7900
1994-04-21,10.011574,10.011574,10.011574,10.011574,8.178449,0
1994-04-22,10.011574,10.011574,10.011574,10.011574,8.178449,0
1994-04-25,10.011574,10.011574,10.011574,10.011574,8.178449,2800
1994-04-26,9.823856,9.823856,9.698711,9.761284,7.973987,192100
1994-04-28,9.761284,9.761284,9.510995,9.573567,7.820642,32000
1994-04-29,9.510995,9.761284,9.510995,9.761284,7.973987,2800
1994-05-02,9.761284,9.761284,9.761284,9.761284,7.973987,0
1994-05-03,9.385850,9.448422,9.323277,9.323277,7.616179,3300
1994-05-04,9.260705,9.260705,9.260705,9.260705,7.565064,8700
1994-05-05,9.135561,9.260705,9.135561,9.260705,7.565064,18800
1994-05-06,8.885271,9.135561,8.885271,9.010416,7.360603,12300
1994-05-09,8.885271,9.010416,8.885271,8.885271,7.258373,27500
1994-05-10,8.885271,9.010416,8.885271,9.010416,7.360603,47900
1994-05-11,8.916557,8.916557,8.885271,8.885271,7.258373,2400
1994-05-12,9.135561,9.886429,9.135561,9.886429,8.076218,67800
1994-05-13,9.886429,9.886429,9.823856,9.823856,8.025103,3900
1994-05-16,10.011574,10.637297,9.636139,10.324435,8.434025,69000
1994-05-17,10.387008,10.574724,10.387008,10.387008,8.485141,27500
1994-05-18,10.387008,10.387008,10.387008,10.387008,8.485141,0
1994-05-19,10.387008,10.387008,10.387008,10.387008,8.485141,0
1994-05-20,10.387008,10.387008,10.387008,10.387008,8.485141,0
1994-05-23,10.387008,10.387008,10.387008,10.387008,8.485141,0
1994-05-24,10.387008,10.387008,10.387008,10.387008,8.485141,0
1994-05-25,10.261863,10.261863,10.261863,10.261863,8.382910,4800
1994-05-26,10.261863,10.261863,10.261863,10.261863,8.382910,0
1994-05-27,10.261863,10.261863,10.261863,10.261863,8.382910,500
1994-05-31,10.261863,10.261863,10.261863,10.261863,8.382910,0
1994-06-01,10.261863,10.261863,10.261863,10.261863,8.382910,0
1994-06-02,10.261863,10.261863,10.261863,10.261863,8.382910,0
1994-06-03,10.512152,10.512152,10.449579,10.449579,8.536255,19900
1994-06-06,10.449579,10.449579,10.449579,10.449579,8.536255,0
1994-06-07,10.261863,10.261863,9.886429,9.949001,8.127333,25900
1994-06-08,10.136718,10.136718,10.011574,10.136718,8.280679,11500
1994-06-09,9.886429,9.949001,9.886429,9.949001,8.127333,55200
1994-06-10,10.136718,10.136718,10.136718,10.136718,8.280679,300
1994-06-13,10.136718,10.136718,10.136718,10.136718,8.280679,0
1994-06-14,10.074145,10.074145,10.074145,10.074145,8.229563,500
1994-06-15,10.074145,10.074145,10.074145,10.074145,8.229563,0
1994-06-16,10.011574,10.011574,10.011574,10.011574,8.178449,700
1994-06-17,10.011574,10.011574,10.011574,10.011574,8.178449,0
1994-06-20,10.136718,10.136718,10.136718,10.136718,8.280679,1900
1994-06-21,10.011574,10.136718,9.886429,10.136718,8.280679,24200
1994-06-22,10.887586,10.887586,10.637297,10.637297,8.689601,8000
1994-06-23,10.637297,10.637297,10.637297,10.637297,8.689601,0
1994-06-24,10.512152,10.512152,10.512152,10.512152,8.587371,300
1994-06-27,10.512152,10.512152,10.512152,10.512152,8.587371,300
1994-06-28,10.699869,10.699869,10.512152,10.512152,8.587371,3500
1994-06-29,10.637297,10.637297,10.512152,10.637297,8.689601,10000
1994-06-30,10.512152,10.762442,10.512152,10.762442,8.791832,9500
1994-07-01,10.512152,10.512152,10.512152,10.512152,8.587371,100
1994-07-05,10.699869,10.699869,10.637297,10.699869,8.740716,4300
1994-07-06,10.574724,10.699869,10.574724,10.699869,8.740716,4700
1994-07-07,10.574724,10.637297,10.574724,10.637297,8.689601,21900
1994-07-08,10.512152,10.762442,10.512152,10.699869,8.740716,4400
1994-07-11,10.699869,10.699869,10.699869,10.699869,8.740716,0
1994-07-12,10.543438,10.606010,10.543438,10.606010,8.664043,17800
1994-07-13,10.887586,10.887586,10.887586,10.887586,8.894062,2800
1994-07-14,10.637297,10.637297,10.637297,10.637297,8.689601,100
1994-07-15,10.637297,10.637297,10.637297,10.637297,8.689601,0
1994-07-18,10.887586,10.887586,10.887586,10.887586,8.894062,700
1994-07-19,10.887586,10.887586,10.887586,10.887586,8.894062,0
1994-07-20,10.887586,10.887586,10.887586,10.887586,8.894062,700
1994-07-21,10.762442,11.137876,10.762442,10.950158,8.945177,116300
1994-07-22,11.137876,11.137876,11.137876,11.137876,9.098524,900
1994-07-25,11.137876,11.137876,11.137876,11.137876,9.098524,900
1994-07-26,11.012731,11.012731,10.762442,10.887586,8.894062,12700
1994-07-27,10.637297,10.637297,10.261863,10.512152,8.587371,26000
1994-07-28,10.449579,10.449579,10.449579,10.449579,8.536255,900
1994-07-29,10.449579,10.449579,10.449579,10.449579,8.536255,0
1994-08-01,10.449579,10.449579,10.449579,10.449579,8.536255,0
1994-08-02,10.387008,10.637297,10.387008,10.637297,8.689601,4700
1994-08-03,10.637297,10.637297,10.637297,10.637297,8.689601,0
1994-08-04,10.637297,10.637297,10.637297,10.637297,8.689601,0
1994-08-05,10.261863,10.261863,10.261863,10.261863,8.382910,300
1994-08-08,10.261863,10.324435,10.261863,10.261863,8.382910,7200
1994-08-09,10.261863,10.261863,10.261863,10.261863,8.382910,0
1994-08-10,10.261863,10.261863,10.261863,10.261863,8.382910,300
1994-08-11,10.261863,10.261863,10.261863,10.261863,8.382910,1900
1994-08-12,10.261863,10.261863,10.011574,10.199290,8.331794,23100
1994-08-15,10.011574,10.261863,10.011574,10.261863,8.382910,3100
1994-08-16,10.011574,10.261863,10.011574,10.136718,8.280679,17100
1994-08-17,10.011574,10.011574,9.792570,9.792570,7.999545,146200
1994-08-18,9.917715,9.917715,9.886429,9.886429,8.076218,40400
1994-08-19,9.886429,9.886429,9.886429,9.886429,8.076218,0
1994-08-22,9.886429,9.886429,9.886429,9.886429,8.076218,100
1994-08-23,9.886429,10.136718,9.886429,10.011574,8.178449,10800
1994-08-24,10.011574,10.011574,10.011574,10.011574,8.178449,0
1994-08-25,9.886429,9.949001,9.886429,9.949001,8.127333,24200
1994-08-26,10.011574,10.387008,10.011574,10.355721,8.459582,39400
1994-08-29,10.512152,10.512152,10.512152,10.512152,8.587371,3900
1994-08-30,10.261863,10.512152,10.261863,10.512152,8.587371,2000
1994-08-31,10.512152,10.512152,10.512152,10.512152,8.587371,7900
1994-09-01,10.512152,11.263021,10.512152,11.200448,9.149639,51900
1994-09-02,11.263021,11.263021,11.263021,11.263021,9.200754,1900
1994-09-06,11.012731,11.012731,11.012731,11.012731,8.996293,3900
1994-09-07,11.012731,11.012731,11.012731,11.012731,8.996293,6700
1994-09-08,10.887586,11.012731,10.762442,11.012731,8.996293,9700
1994-09-09,10.637297,10.637297,10.574724,10.637297,8.689601,21500
1994-09-12,10.574724,10.574724,10.574724,10.574724,8.638486,1900
1994-09-13,10.574724,10.574724,10.574724,10.574724,8.638486,0
1994-09-14,10.699869,10.762442,10.699869,10.762442,8.791832,11600
1994-09-15,10.637297,10.637297,10.637297,10.637297,8.689601,4300
1994-09-16,10.887586,10.887586,10.887586,10.887586,8.894062,300
1994-09-19,10.887586,10.887586,10.887586,10.887586,8.894062,0
1994-09-20,10.887586,10.887586,10.887586,10.887586,8.894062,0
1994-09-21,10.887586,10.887586,10.887586,10.887586,8.894062,0
1994-09-22,10.887586,10.887586,10.887586,10.887586,8.894062,0
1994-09-23,10.887586,10.887586,10.887586,10.887586,8.894062,0
1994-09-26,10.887586,10.887586,10.887586,10.887586,8.894062,0
1994-09-27,10.637297,10.637297,10.637297,10.637297,8.689601,1900
1994-09-28,10.825014,10.887586,10.825014,10.887586,8.894062,9700
1994-09-29,10.887586,10.887586,10.887586,10.887586,8.894062,0
1994-09-30,10.762442,10.762442,10.637297,10.762442,8.791832,10800
1994-10-03,10.887586,10.887586,10.887586,10.887586,8.894062,2000
1994-10-04,10.762442,10.825014,10.762442,10.825014,8.842947,22800
1994-10-05,10.825014,10.825014,10.825014,10.825014,8.842947,0
1994-10-06,10.825014,10.825014,10.825014,10.825014,8.842947,0
1994-10-07,11.012731,11.294306,11.012731,11.263021,9.200754,20000
1994-10-10,11.012731,11.294306,11.012731,11.294306,9.226312,2800
1994-10-11,11.263021,11.263021,11.200448,11.200448,9.149639,6800
1994-10-12,11.012731,11.012731,10.887586,10.887586,8.894062,8800
1994-10-13,10.950158,10.950158,10.950158,10.950158,8.945177,100
1994-10-14,10.887586,10.887586,10.762442,10.825014,8.842947,24700
1994-10-17,10.825014,10.825014,10.825014,10.825014,8.842947,700
1994-10-18,10.825014,10.825014,10.825014,10.825014,8.842947,0
1994-10-19,10.887586,10.887586,10.825014,10.825014,8.842947,5200
1994-10-20,10.762442,10.762442,10.762442,10.762442,8.791832,1900
1994-10-21,11.012731,11.012731,11.012731,11.012731,8.996293,10800
1994-10-24,11.012731,11.012731,11.012731,11.012731,8.996293,1200
1994-10-25,11.012731,11.012731,11.012731,11.012731,8.996293,0
1994-10-26,11.012731,11.012731,11.012731,11.012731,8.996293,0
1994-10-27,10.887586,11.012731,10.887586,11.012731,8.996293,5500
1994-10-28,11.012731,11.012731,11.012731,11.012731,8.996293,1500
1994-10-31,10.762442,11.012731,10.762442,11.012731,8.996293,47000
1994-11-01,11.012731,11.012731,10.762442,11.012731,8.996293,6800
1994-11-02,10.950158,10.950158,10.950158,10.950158,8.945177,300
1994-11-03,10.762442,10.887586,10.762442,10.887586,8.894062,7900
1994-11-04,10.887586,10.887586,10.887586,10.887586,8.894062,0
1994-11-07,10.887586,10.887586,10.887586,10.887586,8.894062,0
1994-11-08,11.012731,11.012731,10.887586,10.887586,8.894062,15300
1994-11-09,10.887586,10.887586,10.887586,10.887586,8.894062,0
1994-11-10,10.762442,10.825014,10.762442,10.825014,8.842947,3900
1994-11-11,11.012731,11.012731,10.762442,10.825014,8.842947,65900
1994-11-14,11.012731,11.012731,11.012731,11.012731,8.996293,900
1994-11-15,11.012731,11.012731,11.012731,11.012731,8.996293,0
1994-11-16,11.012731,11.012731,11.012731,11.012731,8.996293,0
1994-11-17,11.137876,11.137876,11.137876,11.137876,9.098524,100
1994-11-18,11.137876,11.137876,10.887586,10.887586,8.894062,500
1994-11-21,10.887586,10.887586,10.887586,10.887586,8.894062,0
1994-11-22,10.887586,10.887586,10.887586,10.887586,8.894062,0
1994-11-23,10.574724,10.574724,10.512152,10.512152,8.587371,3900
1994-11-25,10.512152,10.512152,10.512152,10.512152,8.587371,0
1994-11-28,10.574724,10.574724,10.512152,10.512152,8.587371,1200
1994-11-29,10.512152,10.512152,10.512152,10.512152,8.587371,0
1994-11-30,10.887586,10.887586,10.887586,10.887586,8.894062,3100
1994-12-01,10.512152,10.512152,10.512152,10.512152,8.587371,1200
1994-12-02,10.762442,10.887586,10.512152,10.887586,8.894062,32000
1994-12-05,10.512152,10.512152,10.512152,10.512152,8.587371,1600
1994-12-06,10.512152,10.512152,10.512152,10.512152,8.587371,100
1994-12-07,10.825014,10.887586,10.637297,10.887586,8.894062,12300
1994-12-08,10.887586,10.887586,10.887586,10.887586,8.894062,0
1994-12-09,10.637297,10.762442,10.637297,10.637297,8.689601,6700
1994-12-12,10.637297,10.637297,10.637297,10.637297,8.689601,0
1994-12-13,10.637297,10.637297,10.637297,10.637297,8.689601,1100
1994-12-14,10.637297,10.825014,10.637297,10.825014,8.842947,3300
1994-12-15,11.012731,11.263021,11.012731,11.012731,8.996293,26800
1994-12-16,11.263021,11.263021,11.200448,11.200448,9.149639,3300
1994-12-19,11.200448,11.200448,11.200448,11.200448,9.149639,0
1994-12-20,11.137876,11.137876,11.137876,11.137876,9.098524,30000
1994-12-21,10.762442,10.762442,10.261863,10.387008,8.485141,93500
1994-12-22,10.512152,10.512152,10.324435,10.324435,8.434025,3300
1994-12-23,10.512152,10.512152,10.136718,10.261863,8.382910,14600
1994-12-27,10.136718,10.324435,10.136718,10.324435,8.434025,8800
1994-12-28,10.512152,10.512152,9.886429,10.136718,8.280679,49500
1994-12-29,10.136718,10.136718,10.136718,10.136718,8.280679,0
1994-12-30,10.074145,10.136718,9.761284,9.761284,7.973987,24700
1995-01-03,10.011574,10.011574,9.761284,9.823856,8.025103,23800
1995-01-04,9.761284,9.761284,9.636139,9.636139,7.871756,12300
1995-01-05,9.636139,10.011574,9.636139,9.761284,7.973987,3500
1995-01-06,10.011574,10.011574,10.011574,10.011574,8.178449,1100
1995-01-09,10.011574,10.011574,10.011574,10.011574,8.178449,0
1995-01-10,9.886429,9.886429,9.886429,9.886429,8.076218,7500
1995-01-11,9.886429,9.886429,9.886429,9.886429,8.076218,0
1995-01-12,9.636139,9.636139,9.636139,9.636139,7.871756,1200
1995-01-13,10.011574,10.011574,10.011574,10.011574,8.178449,1200
1995-01-16,10.011574,10.011574,9.636139,9.636139,7.871756,1200
1995-01-17,9.636139,9.636139,9.636139,9.636139,7.871756,0
1995-01-18,9.636139,9.636139,9.636139,9.636139,7.871756,900
1995-01-19,9.636139,9.636139,9.636139,9.636139,7.871756,0
1995-01-20,9.667425,9.667425,9.636139,9.636139,7.871756,18500
1995-01-23,9.636139,9.698711,9.636139,9.636139,7.871756,15900
1995-01-24,9.636139,9.636139,9.636139,9.636139,7.871756,0
1995-01-25,9.636139,9.636139,9.636139,9.636139,7.871756,0
1995-01-26,9.510995,9.886429,9.510995,9.542281,7.795084,2000
1995-01-27,9.510995,9.573567,9.448422,9.448422,7.718410,65800
1995-01-30,9.385850,9.385850,9.385850,9.385850,7.667295,300
1995-01-31,9.636139,9.636139,9.636139,9.636139,7.871756,500
1995-02-01,9.510995,9.510995,9.510995,9.510995,7.769526,10000
1995-02-02,9.510995,9.510995,9.510995,9.510995,7.769526,0
1995-02-03,9.510995,9.573567,9.510995,9.573567,7.820642,15900
1995-02-06,9.573567,9.761284,9.385850,9.385850,7.667295,12300
1995-02-07,9.761284,9.761284,9.761284,9.761284,7.973987,900
1995-02-08,9.761284,9.761284,9.761284,9.761284,7.973987,0
1995-02-09,9.385850,9.385850,9.385850,9.385850,7.667295,9900
1995-02-10,9.761284,9.761284,9.385850,9.448422,7.718410,43900
1995-02-13,9.385850,9.385850,9.385850,9.385850,7.667295,900
1995-02-14,9.385850,9.385850,9.135561,9.198133,7.513950,19600
1995-02-15,9.385850,9.385850,9.385850,9.385850,7.667295,900
1995-02-16,9.385850,9.385850,9.385850,9.385850,7.667295,500
1995-02-17,9.385850,9.385850,9.385850,9.385850,7.667295,0
1995-02-21,9.198133,9.198133,9.198133,9.198133,7.513950,9900
1995-02-22,9.198133,9.198133,9.198133,9.198133,7.513950,300
1995-02-23,9.198133,9.198133,9.198133,9.198133,7.513950,3700
1995-02-24,9.135561,9.385850,9.135561,9.385850,7.667295,11500
1995-02-27,9.135561,9.198133,9.135561,9.198133,7.513950,5800
1995-02-28,9.323277,9.385850,9.323277,9.385850,7.667295,1200
1995-03-01,9.385850,9.385850,9.385850,9.385850,7.667295,0
1995-03-02,9.135561,9.198133,9.010416,9.198133,7.513950,13200
1995-03-03,9.260705,9.260705,9.072989,9.135561,7.462834,16000
1995-03-06,9.072989,9.072989,9.072989,9.072989,7.411719,500
1995-03-07,9.072989,9.072989,9.072989,9.072989,7.411719,0
1995-03-08,9.385850,9.385850,9.385850,9.385850,7.667295,900
1995-03-09,9.385850,9.385850,9.385850,9.385850,7.667295,0
1995-03-10,9.385850,9.385850,9.385850,9.385850,7.667295,0
1995-03-13,9.385850,9.385850,9.385850,9.385850,7.667295,0
1995-03-14,9.385850,9.385850,9.385850,9.385850,7.667295,0
1995-03-15,9.072989,9.354564,9.072989,9.354564,7.641737,3500
1995-03-16,9.510995,9.510995,9.510995,9.510995,7.769526,17600
1995-03-17,9.510995,9.510995,9.510995,9.510995,7.769526,900
1995-03-20,9.510995,9.510995,9.510995,9.510995,7.769526,0
1995-03-21,9.510995,9.636139,9.510995,9.636139,7.871756,25200
1995-03-22,9.385850,9.448422,9.385850,9.448422,7.718410,14300
1995-03-23,9.510995,9.604854,9.510995,9.604854,7.846199,70000
1995-03-24,9.604854,9.604854,9.604854,9.604854,7.846199,0
1995-03-27,9.385850,9.385850,9.385850,9.385850,7.667295,300
1995-03-28,9.385850,9.761284,9.385850,9.761284,7.973987,4700
1995-03-29,9.761284,10.136718,9.510995,10.011574,8.178449,81100
1995-03-30,9.761284,10.261863,9.761284,10.261863,8.382910,36200
1995-03-31,10.387008,10.637297,10.355721,10.637297,8.689601,32800
1995-04-03,10.637297,10.637297,10.512152,10.512152,8.587371,2700
1995-04-04,10.637297,10.637297,10.324435,10.387008,8.485141,234000
1995-04-05,10.387008,11.075303,10.387008,11.075303,9.047408,77500
1995-04-06,11.137876,11.137876,10.887586,11.075303,9.047408,17800
1995-04-07,10.762442,10.950158,10.762442,10.950158,8.945177,5600
1995-04-10,10.762442,10.981444,10.762442,10.825014,8.842947,10300
1995-04-11,10.887586,11.137876,10.887586,11.012731,8.996293,37100
1995-04-12,10.950158,10.950158,10.887586,10.887586,8.894062,54200
1995-04-13,11.263021,11.263021,11.263021,11.263021,9.200754,300
1995-04-17,11.075303,11.075303,10.918872,10.918872,8.919621,27900
1995-04-18,11.075303,11.263021,10.637297,10.668583,8.715159,83000
1995-04-19,10.668583,11.012731,10.637297,10.825014,8.842947,77200
1995-04-20,10.762442,10.793728,10.637297,10.762442,8.791832,137800
1995-04-21,11.012731,11.012731,11.012731,11.012731,8.996293,1500
1995-04-24,11.012731,11.012731,11.012731,11.012731,8.996293,0
1995-04-25,10.762442,11.012731,10.637297,11.012731,8.996293,11100
1995-04-26,11.012731,11.012731,11.012731,11.012731,8.996293,0
1995-04-27,10.637297,10.637297,10.637297,10.637297,8.689601,100
1995-04-28,10.637297,10.825014,10.637297,10.825014,8.842947,5800
1995-05-01,10.637297,10.887586,10.637297,10.887586,8.894062,9900
1995-05-02,11.012731,11.325592,11.012731,11.075303,9.047408,131800
1995-05-03,11.169162,11.388165,11.169162,11.388165,9.302984,5100
1995-05-04,11.388165,11.388165,11.231734,11.263021,9.200754,6100
1995-05-05,11.263021,11.263021,11.263021,11.263021,9.200754,0
1995-05-08,11.263021,11.388165,11.263021,11.388165,9.302984,7600
1995-05-09,11.388165,11.388165,11.137876,11.137876,9.098524,500
1995-05-10,11.137876,11.137876,11.137876,11.137876,9.098524,0
1995-05-11,11.263021,11.263021,11.263021,11.263021,9.200754,500
1995-05-12,11.137876,11.263021,11.137876,11.263021,9.200754,8300
1995-05-15,11.263021,11.263021,11.263021,11.263021,9.200754,0
1995-05-16,11.137876,11.263021,11.137876,11.263021,9.200754,6100
1995-05-17,11.388165,11.388165,11.263021,11.388165,9.302984,26000
1995-05-18,11.388165,11.388165,11.388165,11.388165,9.302984,0
1995-05-19,11.388165,11.388165,11.388165,11.388165,9.302984,0
1995-05-22,11.388165,11.388165,11.388165,11.388165,9.302984,0
1995-05-23,11.513309,11.513309,11.513309,11.513309,9.405215,100
1995-05-24,11.513309,11.513309,11.513309,11.513309,9.405215,100
1995-05-25,11.263021,11.263021,11.137876,11.137876,9.098524,23400
1995-05-26,11.137876,11.388165,11.137876,11.388165,9.302984,13200
1995-05-30,11.263021,11.513309,11.263021,11.513309,9.405215,28400
1995-05-31,11.513309,11.763598,11.388165,11.701026,9.558561,32200
1995-06-01,11.701026,11.763598,11.513309,11.763598,9.609676,131100
1995-06-02,11.638454,11.638454,11.513309,11.513309,9.405215,133300
1995-06-05,11.575882,11.763598,11.575882,11.638454,9.507446,55100
1995-06-06,11.638454,11.763598,11.638454,11.763598,9.609676,37100
1995-06-07,11.513309,11.701026,11.513309,11.513309,9.405215,62600
1995-06-08,11.513309,12.264177,11.513309,12.264177,10.018599,55200
1995-06-09,11.888743,12.013888,11.888743,11.951316,9.763023,23800
1995-06-12,11.888743,12.076461,11.888743,11.951316,9.763023,6800
1995-06-13,12.076461,12.264177,11.888743,11.888743,9.711907,13500
1995-06-14,12.076461,12.264177,12.076461,12.264177,10.018599,9500
1995-06-15,12.264177,12.264177,12.076461,12.076461,9.865253,3100
1995-06-16,12.076461,12.264177,12.076461,12.139032,9.916368,19900
1995-06-19,11.888743,12.264177,11.888743,12.139032,9.916368,22800
1995-06-20,12.076461,12.076461,12.076461,12.076461,9.865253,2700
1995-06-21,12.076461,12.076461,12.076461,12.076461,9.865253,0
1995-06-22,11.888743,11.888743,11.888743,11.888743,9.711907,1900
1995-06-23,11.888743,11.888743,11.888743,11.888743,9.711907,0
1995-06-26,11.888743,11.888743,11.888743,11.888743,9.711907,0
1995-06-27,12.076461,12.076461,12.076461,12.076461,9.865253,13200
1995-06-28,12.264177,12.264177,12.013888,12.013888,9.814137,300
1995-06-29,11.982602,11.982602,11.982602,11.982602,9.788580,1100
1995-06-30,12.264177,12.264177,12.264177,12.264177,10.018599,300
1995-07-03,11.888743,11.888743,11.888743,11.888743,9.711907,1900
1995-07-05,12.232891,12.264177,12.076461,12.076461,9.865253,23400
1995-07-06,12.076461,12.076461,12.076461,12.076461,9.865253,51900
1995-07-07,12.013888,12.013888,12.013888,12.013888,9.814137,1900
1995-07-10,12.076461,12.264177,11.951316,12.264177,10.018599,2300
1995-07-11,12.264177,12.264177,11.888743,11.888743,9.711907,7100
1995-07-12,12.264177,12.264177,11.888743,11.888743,9.711907,40700
1995-07-13,12.076461,12.076461,12.076461,12.076461,9.865253,93400
1995-07-14,12.139032,12.139032,11.763598,11.763598,9.609676,4000
1995-07-17,11.763598,11.763598,11.763598,11.763598,9.609676,0
1995-07-18,12.139032,12.139032,12.139032,12.139032,9.916368,300
1995-07-19,11.763598,11.763598,11.763598,11.763598,9.609676,5800
1995-07-20,11.701026,11.888743,11.638454,11.888743,9.711907,4800
1995-07-21,11.763598,11.763598,11.763598,11.763598,9.609676,500
1995-07-24,11.888743,11.888743,11.888743,11.888743,9.711907,700
1995-07-25,11.513309,11.888743,11.513309,11.888743,9.711907,17500
1995-07-26,11.755777,11.755777,11.755777,11.755777,9.603288,9700
1995-07-27,11.701026,11.701026,11.701026,11.701026,9.558561,5800
1995-07-28,11.701026,11.701026,11.701026,11.701026,9.558561,0
1995-07-31,11.888743,11.888743,11.888743,11.888743,9.711907,3100
1995-08-01,11.888743,11.888743,11.888743,11.888743,9.711907,0
1995-08-02,11.888743,11.888743,11.888743,11.888743,9.711907,0
1995-08-03,11.763598,11.763598,11.388165,11.388165,9.302984,10700
1995-08-04,11.763598,11.763598,11.763598,11.763598,9.609676,300
1995-08-07,11.388165,11.638454,11.388165,11.638454,9.507446,20800
1995-08-08,11.638454,11.638454,11.513309,11.638454,9.507446,142500
1995-08-09,11.638454,11.638454,11.638454,11.638454,9.507446,4700
1995-08-10,11.638454,11.638454,11.638454,11.638454,9.507446,5800
1995-08-11,11.638454,11.638454,11.450737,11.638454,9.507446,96600
1995-08-14,11.513309,11.513309,11.388165,11.388165,9.302984,48800
1995-08-15,11.513309,11.575882,11.513309,11.575882,9.456331,21900
1995-08-16,11.638454,11.638454,11.513309,11.513309,9.405215,157000
1995-08-17,11.513309,11.513309,11.513309,11.513309,9.405215,0
1995-08-18,11.513309,11.513309,11.513309,11.513309,9.405215,0
1995-08-21,11.763598,11.763598,11.763598,11.763598,9.609676,100
1995-08-22,11.388165,11.732312,11.388165,11.513309,9.405215,5100
1995-08-23,11.513309,11.513309,11.513309,11.513309,9.405215,0
1995-08-24,11.763598,11.763598,11.763598,11.763598,9.609676,1200
1995-08-25,11.763598,11.763598,11.763598,11.763598,9.609676,0
1995-08-28,11.763598,11.763598,11.763598,11.763598,9.609676,0
1995-08-29,11.763598,11.763598,11.638454,11.701026,9.558561,5100
1995-08-30,11.388165,11.388165,11.388165,11.388165,9.302984,1900
1995-08-31,11.763598,11.763598,11.763598,11.763598,9.609676,500
1995-09-01,11.763598,12.139032,11.638454,12.139032,9.916368,50800
1995-09-05,12.139032,12.139032,11.888743,12.013888,9.814137,17800
1995-09-06,12.139032,12.139032,12.139032,12.139032,9.916368,100
1995-09-07,11.888743,12.139032,11.763598,12.139032,9.916368,32600
1995-09-08,12.139032,12.139032,12.139032,12.139032,9.916368,2700
1995-09-11,12.139032,12.139032,12.139032,12.139032,9.916368,0
1995-09-12,12.013888,12.076461,12.013888,12.013888,9.814137,9900
1995-09-13,12.076461,12.076461,12.013888,12.076461,9.865253,422600
1995-09-14,12.139032,12.264177,11.888743,12.264177,10.018599,8700
1995-09-15,11.888743,12.264177,11.888743,12.264177,10.018599,2700
1995-09-18,12.076461,12.201605,12.076461,12.201605,9.967484,22000
1995-09-19,12.076461,12.076461,12.076461,12.076461,9.865253,100
1995-09-20,12.076461,12.076461,12.076461,12.076461,9.865253,0
1995-09-21,12.076461,12.076461,11.920030,11.920030,9.737465,25900
1995-09-22,11.920030,11.920030,11.920030,11.920030,9.737465,0
1995-09-25,11.920030,11.920030,11.920030,11.920030,9.737465,0
1995-09-26,11.951316,12.013888,11.951316,12.013888,9.814137,5600
1995-09-27,11.888743,11.888743,11.888743,11.888743,9.711907,7900
1995-09-28,12.076461,12.139032,12.013888,12.139032,9.916368,81800
1995-09-29,12.139032,12.139032,12.139032,12.139032,9.916368,0
1995-10-02,12.139032,12.139032,12.139032,12.139032,9.916368,0
1995-10-03,12.139032,12.139032,11.888743,12.013888,9.814137,16800
1995-10-04,11.888743,11.951316,11.888743,11.951316,9.763023,22400
1995-10-05,12.076461,12.076461,11.763598,11.763598,9.609676,24000
1995-10-06,11.951316,11.951316,11.951316,11.951316,9.763023,700
1995-10-09,12.139032,12.139032,12.139032,12.139032,9.916368,500
1995-10-10,12.139032,12.139032,12.139032,12.139032,9.916368,0
1995-10-11,12.139032,12.139032,11.826171,11.826171,9.660792,300
1995-10-12,11.826171,11.826171,11.826171,11.826171,9.660792,0
1995-10-13,11.763598,12.139032,11.763598,12.139032,9.916368,7500
1995-10-16,12.139032,12.264177,12.013888,12.013888,9.814137,27900
1995-10-17,12.264177,12.389322,12.232891,12.389322,10.120830,15900
1995-10-18,12.514466,12.514466,12.389322,12.389322,10.120830,5800
1995-10-19,12.326750,12.451895,12.326750,12.326750,10.069715,33000
1995-10-20,12.326750,12.326750,12.326750,12.326750,10.069715,6800
1995-10-23,12.326750,12.389322,12.264177,12.326750,10.069715,99000
1995-10-24,12.326750,12.326750,12.326750,12.326750,10.069715,0
1995-10-25,12.139032,12.514466,12.139032,12.139032,9.916368,1100
1995-10-26,12.139032,12.139032,12.139032,12.139032,9.916368,0
1995-10-27,12.201605,12.201605,12.139032,12.139032,9.916368,54800
1995-10-30,12.139032,12.326750,12.139032,12.326750,10.069715,4000
1995-10-31,12.139032,12.139032,12.139032,12.139032,9.916368,300
1995-11-01,12.139032,12.514466,12.139032,12.514466,10.223060,7200
1995-11-02,12.514466,12.514466,12.514466,12.514466,10.223060,0
1995-11-03,12.514466,12.514466,12.514466,12.514466,10.223060,0
1995-11-06,12.514466,12.514466,12.139032,12.139032,9.916368,15000
1995-11-07,12.139032,12.139032,12.139032,12.139032,9.916368,0
1995-11-08,12.139032,12.139032,12.139032,12.139032,9.916368,1500
1995-11-09,12.514466,12.514466,12.139032,12.139032,9.916368,2400
1995-11-10,12.139032,12.389322,12.139032,12.389322,10.120830,8300
1995-11-13,12.139032,12.389322,12.139032,12.389322,10.120830,14300
1995-11-14,12.389322,12.514466,12.389322,12.514466,10.223060,9900
1995-11-15,12.514466,12.514466,12.514466,12.514466,10.223060,0
1995-11-16,12.639611,12.639611,12.639611,12.639611,10.325291,1500
1995-11-17,12.389322,12.389322,11.137876,11.325592,9.251869,236800
1995-11-20,11.388165,11.513309,11.388165,11.388165,9.302984,107500
1995-11-21,11.513309,11.638454,11.482023,11.638454,9.507446,50600
1995-11-22,11.388165,11.388165,11.388165,11.388165,9.302984,100
1995-11-24,11.638454,11.638454,11.638454,11.638454,9.507446,1200
1995-11-27,11.388165,11.388165,11.388165,11.388165,9.302984,2700
1995-11-28,11.388165,11.388165,11.388165,11.388165,9.302984,1900
1995-11-29,11.513309,11.638454,11.513309,11.638454,9.507446,4800
1995-11-30,11.450737,11.513309,11.388165,11.513309,9.405215,27500
1995-12-01,11.388165,11.513309,11.388165,11.513309,9.405215,92300
1995-12-04,11.638454,11.763598,11.575882,11.575882,9.456331,10400
1995-12-05,11.763598,11.763598,11.763598,11.763598,9.609676,10800
1995-12-06,11.888743,11.888743,11.826171,11.826171,9.660792,5200
1995-12-07,11.888743,12.514466,11.888743,12.201605,9.967484,87800
1995-12-08,12.514466,12.702184,12.264177,12.451895,10.171946,123100
1995-12-11,11.388165,12.264177,11.263021,12.013888,9.814137,150500
1995-12-12,12.201605,12.264177,12.013888,12.139032,9.916368,99000
1995-12-13,12.389322,12.389322,12.139032,12.264177,10.018599,129500
1995-12-14,12.139032,13.265335,12.139032,13.015045,10.631982,2454300
1995-12-15,13.015045,13.265335,13.015045,13.202763,10.785329,294800
1995-12-18,13.015045,13.202763,13.015045,13.108904,10.708656,248500
1995-12-19,13.171476,14.016203,13.140190,13.515624,11.040905,486700
1995-12-20,13.640769,13.640769,13.265335,13.359193,10.913116,308100
1995-12-21,13.515624,13.515624,13.265335,13.515624,11.040905,463100
1995-12-22,13.515624,13.703341,13.453052,13.640769,11.143136,134600
1995-12-26,13.765913,13.765913,13.515624,13.515624,11.040905,22300
1995-12-27,13.640769,13.640769,13.453052,13.515624,11.040905,14300
1995-12-28,13.453052,13.609483,13.453052,13.609483,11.117579,12800
1995-12-29,13.609483,13.609483,13.453052,13.515624,11.040905,95800
1996-01-02,13.453052,13.453052,13.453052,13.453052,10.989790,7100
1996-01-03,13.453052,13.609483,13.453052,13.515624,11.040905,8800
1996-01-04,13.453052,13.609483,13.453052,13.453052,10.989790,44000
1996-01-05,13.453052,13.703341,13.390479,13.703341,11.194251,31900
1996-01-08,13.515624,13.578197,13.515624,13.515624,11.040905,13100
1996-01-09,13.390479,13.578197,13.390479,13.578197,11.092020,184900
1996-01-10,13.390479,13.578197,13.390479,13.390479,10.938675,73800
1996-01-11,13.578197,13.765913,13.453052,13.515624,11.040905,74600
1996-01-12,13.515624,13.546910,13.453052,13.515624,11.040905,30700
1996-01-15,13.390479,13.390479,13.390479,13.390479,10.938675,300
1996-01-16,13.390479,13.421765,13.202763,13.202763,10.785329,61100
1996-01-17,13.515624,13.515624,13.515624,13.515624,11.040905,300
1996-01-18,13.202763,13.202763,13.202763,13.202763,10.785329,700
1996-01-19,13.202763,13.515624,13.202763,13.202763,10.785329,44200
1996-01-22,13.515624,13.515624,13.515624,13.515624,11.040905,300
1996-01-23,13.202763,13.265335,13.202763,13.265335,10.836444,59400
1996-01-24,13.515624,13.703341,13.249692,13.578197,11.092020,443400
1996-01-25,13.765913,14.266492,13.515624,14.016203,11.449828,309500
1996-01-26,14.203919,14.892216,13.891058,14.516782,11.858750,331700
1996-01-29,14.767071,14.767071,14.516782,14.516782,11.858750,622100
1996-01-30,14.516782,14.516782,14.266492,14.391637,11.756519,105100
1996-01-31,14.266492,14.516782,14.141347,14.297778,11.679847,51500
1996-02-01,14.516782,14.516782,14.329064,14.360351,11.730962,59400
1996-02-02,14.391637,14.641926,14.266492,14.641926,11.960980,308500
1996-02-05,14.516782,14.767071,14.391637,14.767071,12.063211,361900
1996-02-06,14.892216,15.830800,14.829643,15.267650,12.472134,667500
1996-02-07,15.267650,15.517939,15.267650,15.267650,12.472134,27000
1996-02-08,15.330222,15.643084,15.330222,15.392794,12.574364,71400
1996-02-09,15.267650,15.517939,15.142505,15.392794,12.574364,249800
1996-02-12,15.142505,15.330222,15.142505,15.330222,12.523250,24000
1996-02-13,15.142505,15.517939,15.142505,15.142505,12.369903,7100
1996-02-14,15.517939,15.517939,15.330222,15.517939,12.676595,50600
1996-02-15,15.267650,15.517939,15.142505,15.142505,12.369903,255200
1996-02-16,15.142505,15.517939,15.142505,15.267650,12.472134,790300
1996-02-20,15.643084,15.893373,15.517939,15.517939,12.676595,1007200
1996-02-21,15.643084,15.830800,15.517939,15.643084,12.778826,489300
1996-02-22,15.768229,16.018517,15.643084,16.018517,13.085516,311500
1996-02-23,15.830800,16.519096,15.768229,16.268806,13.289978,417800
1996-02-26,16.393951,16.769386,16.268806,16.268806,13.289978,511300
1996-02-27,16.644241,16.769386,16.393951,16.769386,13.698901,182200
1996-02-28,16.644241,17.050961,16.644241,16.644241,13.596670,238400
1996-02-29,16.769386,16.769386,16.519096,16.769386,13.698901,91400
1996-03-01,16.519096,16.644241,16.519096,16.581669,13.545555,700700
1996-03-04,16.769386,17.019674,16.769386,16.957102,13.852246,85200
1996-03-05,17.144819,17.144819,16.894529,16.894529,13.801131,389100
1996-03-06,16.769386,16.769386,16.769386,16.769386,13.698901,1900
1996-03-07,16.894529,17.144819,16.894529,17.019674,13.903362,473700
1996-03-08,17.144819,17.144819,16.644241,16.675528,13.622229,97400
1996-03-11,16.644241,17.019674,16.644241,16.957102,13.852246,174900
1996-03-12,17.019674,17.019674,16.425238,16.644241,13.596670,104600
1996-03-13,16.644241,16.644241,16.393951,16.393951,13.392209,4300
1996-03-14,16.519096,16.894529,16.519096,16.831957,13.750015,575300
1996-03-15,16.519096,16.831957,16.519096,16.831957,13.750015,280400
1996-03-18,16.706814,17.019674,16.581669,16.581669,13.545555,158600
1996-03-19,17.019674,17.082247,16.831957,16.894529,13.801131,41600
1996-03-20,17.082247,17.269964,17.082247,17.144819,14.005593,102200
1996-03-21,17.269964,17.269964,17.019674,17.269964,14.107823,20400
1996-03-22,17.269964,17.269964,17.269964,17.269964,14.107823,500
1996-03-25,17.269964,17.395109,17.019674,17.269964,14.107823,213800
1996-03-26,17.395109,17.895687,17.019674,17.770542,14.516746,143100
1996-03-27,17.770542,18.145977,17.770542,18.145977,14.823438,507400
1996-03-28,18.145977,18.521410,17.770542,18.333694,14.976784,234500
1996-03-29,18.396267,18.646555,18.145977,18.458838,15.079013,221700
1996-04-01,18.458838,18.521410,18.208549,18.396267,15.027900,207800
1996-04-02,18.271122,18.896845,18.145977,18.771700,15.334590,242800
1996-04-03,18.896845,18.896845,18.396267,18.646555,15.232359,455500
1996-04-04,18.771700,18.771700,18.521410,18.709127,15.283475,251700
1996-04-08,18.458838,19.397423,18.271122,19.397423,15.845743,185700
1996-04-09,19.522568,20.148291,19.272278,20.148291,16.459126,495900
1996-04-10,20.273436,20.273436,19.397423,19.522568,15.947974,894900
1996-04-11,19.522568,20.085718,19.334850,20.085718,16.408010,191400
1996-04-12,19.835430,20.148291,19.835430,19.898003,16.254665,296000
1996-04-15,19.898003,19.898003,19.898003,19.898003,16.254665,0
1996-04-16,19.835430,21.149448,19.835430,20.648870,16.868050,750700
1996-04-17,20.899158,20.899158,20.148291,20.148291,16.459126,170500
1996-04-18,19.991861,20.523726,19.772858,20.148291,16.459126,326300
1996-04-19,20.148291,20.273436,19.898003,20.273436,16.561357,260400
1996-04-22,20.273436,20.328186,20.023148,20.273436,16.561357,86700
1996-04-23,20.085718,20.398581,19.898003,20.398581,16.663588,204600
1996-04-24,20.273436,20.398581,19.898003,20.148291,16.459126,602800
1996-04-25,20.398581,20.398581,19.898003,20.148291,16.459126,121400
1996-04-26,20.023148,20.523726,20.023148,20.398581,16.663588,418300
1996-04-29,20.148291,21.524883,20.148291,20.774015,16.970282,300800
1996-04-30,21.024303,21.024303,20.648870,20.648870,16.868050,53200
1996-05-01,21.024303,21.274593,21.024303,21.024303,17.174742,128200
1996-05-02,20.899158,21.024303,20.273436,20.398581,16.663588,390300
1996-05-03,20.648870,20.648870,20.273436,20.461153,16.714703,19600
1996-05-06,20.273436,20.774015,20.273436,20.648870,16.868050,128600
1996-05-07,20.304722,20.398581,19.898003,19.898003,16.254665,365600
1996-05-08,19.898003,20.148291,19.898003,20.148291,16.459126,106300
1996-05-09,20.774015,22.463469,20.774015,22.400896,18.299278,978500
1996-05-10,22.526041,23.652342,22.400896,23.276909,19.014893,611800
1996-05-13,23.527197,23.527197,23.026619,23.026619,18.810431,521700
1996-05-14,23.402052,23.402052,22.901474,23.276909,19.014893,164500
1996-05-15,23.276909,23.276909,22.776329,22.901474,18.708200,270000
1996-05-16,22.776329,23.026619,22.776329,22.901474,18.708200,389900
1996-05-17,23.026619,23.026619,22.776329,23.026619,18.810431,218400
1996-05-20,22.901474,23.026619,22.776329,23.026619,18.810431,72600
1996-05-21,22.776329,23.902632,22.776329,23.378588,19.097954,226800
1996-05-22,23.714914,24.027777,23.589769,23.902632,19.526047,162500
1996-05-23,24.027777,24.278065,23.652342,23.996490,19.602718,243800
1996-05-24,24.027777,25.529512,23.902632,25.404367,20.752813,452700
1996-05-28,25.529512,25.529512,24.778645,24.778645,20.241659,454600
1996-05-29,24.841217,25.028933,24.778645,24.778645,20.241659,377900
1996-05-30,24.841217,25.028933,24.653500,25.028933,20.446119,278900
1996-05-31,24.653500,24.653500,24.027777,24.027777,19.628275,52000
1996-06-03,24.215492,24.278065,24.027777,24.090349,19.679392,220800
1996-06-04,24.027777,24.278065,24.027777,24.278065,19.832735,23100
1996-06-05,24.090349,24.278065,23.777487,23.840059,19.474930,93900
1996-06-06,23.777487,24.152922,23.777487,23.902632,19.526047,883300
1996-06-07,23.402052,23.402052,22.901474,23.089191,18.861547,69500
1996-06-10,23.026619,23.276909,22.901474,22.995333,18.784874,123700
1996-06-11,23.276909,23.276909,21.587456,21.650028,17.685894,303100
1996-06-12,21.524883,22.025461,21.524883,21.962889,17.941469,334000
1996-06-13,21.900316,22.150606,21.900316,22.150606,18.094816,236100
1996-06-14,22.150606,22.150606,21.900316,21.962889,17.941469,489900
1996-06-17,21.900316,22.150606,20.398581,20.648870,16.868050,332700
1996-06-18,20.586298,20.774015,20.398581,20.586298,16.816933,328000
1996-06-19,20.774015,21.399738,20.586298,21.079056,17.219467,165700
1996-06-20,21.149448,21.399738,20.774015,20.774015,16.970282,79600
1996-06-21,20.774015,21.149448,20.774015,21.149448,17.276972,83500
1996-06-24,20.899158,21.149448,20.774015,21.024303,17.174742,171800
1996-06-25,21.024303,21.149448,20.961731,21.149448,17.276972,131400
1996-06-26,21.024303,21.274593,20.774015,21.149448,17.276972,23800
1996-06-27,21.024303,22.088034,21.024303,22.025461,17.992586,318100
1996-06-28,22.025461,22.651184,21.775171,22.400896,18.299278,1291700
1996-07-01,22.400896,23.339481,22.275751,23.276909,19.014893,625200
1996-07-02,23.402052,24.778645,23.276909,24.528355,20.037197,613700
1996-07-03,24.528355,24.903790,24.152922,24.903790,20.343891,225700
1996-07-05,24.590927,24.653500,24.278065,24.278065,19.832735,258000
1996-07-08,24.278065,24.903790,24.027777,24.716072,20.190544,606900
1996-07-09,24.778645,25.279222,24.653500,25.028933,20.446119,494300
1996-07-10,25.279222,27.093821,25.279222,26.843531,21.928463,1048700
1996-07-11,27.031248,27.031248,24.778645,25.779802,21.059504,982500
1996-07-12,25.779802,26.280380,24.778645,24.841217,20.292774,759800
1996-07-15,25.154078,25.154078,24.528355,24.653500,20.139429,618000
1996-07-16,24.528355,24.778645,23.902632,24.653500,20.139429,605600
1996-07-17,24.778645,24.903790,24.278065,24.653500,20.139429,553800
1996-07-18,24.653500,24.903790,24.278065,24.528355,20.037197,252000
1996-07-19,24.340637,24.653500,24.278065,24.465782,19.986082,457400
1996-07-22,24.278065,24.528355,24.027777,24.152922,19.730507,290900
1996-07-23,24.278065,24.278065,22.275751,22.275751,18.197048,612500
1996-07-24,21.650028,22.275751,21.149448,22.275751,18.197048,600400
1996-07-25,22.400896,23.527197,22.400896,23.151764,18.912663,435400
1996-07-26,23.527197,23.527197,22.651184,22.776329,18.605968,470500
1996-07-29,22.776329,22.901474,22.651184,22.838902,18.657085,145300
1996-07-30,22.682470,22.682470,21.650028,22.025461,17.992586,729400
1996-07-31,21.650028,22.025461,21.650028,21.900316,17.890354,309100
1996-08-01,21.650028,22.526041,21.650028,22.526041,18.401508,258100
1996-08-02,22.651184,23.276909,22.275751,22.964046,18.759315,136500
1996-08-05,22.776329,24.152922,22.776329,23.902632,19.526047,264300
1996-08-06,23.777487,24.027777,23.151764,23.527197,19.219353,193700
1996-08-07,23.402052,23.777487,21.900316,22.150606,18.094816,555200
1996-08-08,22.150606,23.026619,20.273436,21.024303,17.174742,1670400
1996-08-09,20.899158,21.524883,20.899158,21.337166,17.430319,1019500
1996-08-12,21.650028,21.775171,21.149448,21.650028,17.685894,553300
1996-08-13,21.650028,22.275751,21.274593,22.275751,18.197048,214100
1996-08-14,22.275751,23.151764,22.267929,22.901474,18.708200,383600
1996-08-15,22.901474,23.151764,22.651184,22.776329,18.605968,477000
1996-08-16,22.651184,22.901474,22.400896,22.526041,18.401508,338300
1996-08-19,22.526041,22.901474,22.526041,22.713757,18.554853,116700
1996-08-20,22.901474,22.901474,22.588612,22.901474,18.708200,87100
1996-08-21,23.151764,23.777487,23.151764,23.527197,19.219353,360000
1996-08-22,23.777487,23.777487,23.402052,23.683628,19.347141,79400
1996-08-23,23.777487,23.965204,23.402052,23.965204,19.577160,188700
1996-08-26,24.027777,24.152922,23.652342,23.652342,19.321585,135100
1996-08-27,23.652342,24.278065,23.652342,24.215492,19.781620,91600
1996-08-28,23.902632,24.278065,23.527197,23.527197,19.219353,91100
1996-08-29,23.777487,23.777487,22.651184,22.901474,18.708200,167700
1996-08-30,22.901474,22.901474,22.526041,22.776329,18.605968,37500
1996-09-03,21.900316,22.651184,21.900316,22.651184,18.503738,108200
1996-09-04,22.651184,23.527197,22.400896,23.151764,18.912663,204100
1996-09-05,23.026619,23.840059,22.776329,23.433338,19.142679,326000
1996-09-06,23.402052,24.278065,23.402052,23.714914,19.372698,430300
1996-09-09,23.902632,23.902632,23.527197,23.902632,19.526047,60600
1996-09-10,23.527197,23.902632,23.151764,23.339481,19.066008,1516900
1996-09-11,23.527197,24.278065,23.151764,24.278065,19.832735,144500
1996-09-12,24.278065,25.028933,24.278065,24.528355,20.037197,399100
1996-09-13,24.653500,24.653500,24.278065,24.528355,20.037197,121100
1996-09-16,24.278065,24.278065,24.027777,24.027777,19.628275,48200
1996-09-17,24.027777,24.528355,24.027777,24.403210,19.934967,96200
1996-09-18,24.340637,24.528355,24.152922,24.340637,19.883852,643900
1996-09-19,24.403210,24.403210,23.527197,23.902632,19.526047,542600
1996-09-20,24.027777,24.152922,23.777487,23.902632,19.526047,58700
1996-09-23,23.902632,24.403210,23.902632,24.152922,19.730507,575400
1996-09-24,24.215492,24.403210,24.152922,24.403210,19.934967,238800
1996-09-25,24.528355,24.841217,24.027777,24.778645,20.241659,182500
1996-09-26,25.028933,25.529512,24.903790,25.302687,20.669750,492100
1996-09-27,25.404367,25.404367,24.778645,25.028933,20.446119,71000
1996-09-30,25.028933,25.529512,24.778645,25.404367,20.752813,52000
1996-10-01,25.216650,26.342953,25.216650,25.529512,20.855042,212000
1996-10-02,25.654657,26.280380,25.529512,26.030090,21.263964,233600
1996-10-03,26.280380,26.780958,25.904945,26.280380,21.468426,280500
1996-10-04,26.530670,26.780958,26.155235,26.655813,21.775118,240500
1996-10-07,26.780958,27.031248,26.655813,26.655813,21.775118,76600
1996-10-08,26.655813,26.655813,25.779802,25.842373,21.110619,169700
1996-10-09,25.654657,26.030090,25.529512,25.529512,20.855042,121400
1996-10-10,25.529512,25.529512,24.528355,24.716072,20.190544,203400
1996-10-11,25.154078,25.154078,24.778645,24.778645,20.241659,344300
1996-10-14,25.154078,25.404367,24.778645,25.028933,20.446119,710000
1996-10-15,25.904945,27.406683,25.904945,27.156393,22.184040,740400
1996-10-16,27.406683,28.532984,27.406683,27.406683,22.388502,514900
1996-10-17,27.782116,28.282694,27.406683,28.032406,22.899656,257300
1996-10-18,28.157551,28.157551,27.907261,27.907261,22.797424,190200
1996-10-21,27.907261,29.659286,27.782116,29.534142,24.126423,675200
1996-10-22,29.659286,29.659286,27.907261,28.532984,23.308577,503300
1996-10-23,28.532984,28.595556,28.345266,28.345266,23.155231,41800
1996-10-24,28.345266,28.595556,28.282694,28.532984,23.308577,64300
1996-10-25,28.595556,28.595556,28.345266,28.407839,23.206347,22400
1996-10-28,28.407839,28.470411,28.220123,28.407839,23.206347,58400
1996-10-29,28.407839,28.407839,27.844688,27.907261,22.797424,237700
1996-10-30,27.969833,27.969833,27.281538,27.344110,22.337387,514700
1996-10-31,27.344110,27.344110,26.843531,27.031248,22.081810,708400
1996-11-01,27.031248,27.031248,26.843531,26.906103,21.979580,122600
1996-11-04,26.843531,26.843531,26.092663,26.593243,21.724003,401900
1996-11-05,26.530670,26.718386,26.217808,26.718386,21.826233,210900
1996-11-06,26.718386,28.595556,26.718386,28.595556,23.359694,883400
1996-11-07,28.532984,29.283852,28.032406,28.908419,23.615269,808100
1996-11-08,29.033564,30.535299,29.033564,30.285009,24.739805,691100
1996-11-11,30.410154,31.411312,30.410154,30.910732,25.250959,334800
1996-11-12,30.973305,30.973305,30.535299,30.535299,24.944267,151800
1996-11-13,30.597872,30.660444,30.347582,30.347582,24.790922,139900
1996-11-14,30.285009,31.035877,30.034719,30.910732,25.250959,275600
1996-11-15,30.910732,31.724173,30.910732,31.724173,25.915457,268800
1996-11-18,31.724173,31.849318,31.661600,31.849318,26.017689,126200
1996-11-19,31.786745,31.786745,31.536457,31.724173,25.915457,101000
1996-11-20,31.724173,32.287323,31.536457,32.162178,26.273264,170500
1996-11-21,32.224751,32.412468,31.911890,31.974463,26.119919,131800
1996-11-22,31.849318,32.162178,31.599028,31.661600,25.864342,197200
1996-11-25,31.786745,32.349895,31.661600,32.162178,26.273264,166100
1996-11-26,32.224751,32.224751,31.473885,31.473885,25.710997,288100
1996-11-27,31.536457,31.661600,31.411312,31.473885,25.710997,103400
1996-11-29,31.536457,31.661600,31.473885,31.661600,25.864342,31100
1996-12-02,31.661600,31.786745,31.223595,31.223595,25.506535,67600
1996-12-03,31.286167,31.286167,29.659286,29.972147,24.484228,222100
1996-12-04,30.410154,30.660444,29.909576,29.909576,24.433113,172600
1996-12-05,29.909576,31.348740,29.909576,31.348740,25.608767,157800
1996-12-06,31.223595,31.911890,30.910732,31.911890,26.068804,257300
1996-12-09,31.911890,31.911890,31.786745,31.911890,26.068804,149500
1996-12-10,31.911890,32.224751,31.911890,32.037033,26.171032,152900
1996-12-11,31.911890,32.662758,31.599028,32.662758,26.682188,418200
1996-12-12,32.787903,33.038193,32.287323,32.287323,26.375494,69800
1996-12-13,32.037033,32.099606,31.786745,31.786745,25.966572,48300
1996-12-16,31.786745,31.849318,31.536457,31.536457,25.762112,74000
1996-12-17,31.536457,31.661600,31.223595,31.661600,25.864342,140200
1996-12-18,31.661600,32.162178,31.599028,32.037033,26.171032,180500
1996-12-19,32.162178,32.662758,32.162178,32.537613,26.579956,85000
1996-12-20,32.725330,33.225910,32.099606,32.412468,26.477726,112300
1996-12-23,32.287323,32.537613,32.287323,32.412468,26.477726,49600
1996-12-24,32.475040,32.475040,32.287323,32.287323,26.375494,28800
1996-12-26,32.287323,32.475040,32.037033,32.037033,26.171032,81400
1996-12-27,32.162178,32.224751,31.911890,31.911890,26.068804,109600
1996-12-30,31.911890,32.037033,31.473885,31.661600,25.864342,105700
1996-12-31,31.786745,31.786745,31.348740,31.536457,25.762112,71400
1997-01-02,31.536457,31.536457,30.347582,30.535299,24.944267,172600
1997-01-03,30.660444,30.723017,30.472727,30.535299,24.944267,15000
1997-01-06,31.035877,31.223595,30.535299,30.597872,24.995382,113900
1997-01-07,30.848160,31.661600,30.848160,31.661600,25.864342,151300
1997-01-08,32.099606,33.038193,32.099606,32.850475,26.835533,189400
1997-01-09,32.975620,33.163338,32.787903,33.100765,27.039995,154200
1997-01-10,33.100765,33.601341,33.100765,33.476200,27.346687,29200
1997-01-13,33.601341,33.663914,33.351055,33.413628,27.295572,31600
1997-01-14,33.351055,33.351055,32.725330,32.787903,26.784418,313300
1997-01-15,32.787903,32.850475,32.662758,32.662758,26.682188,42700
1997-01-16,33.038193,33.663914,32.787903,32.913048,26.886648,64600
1997-01-17,32.787903,32.913048,32.725330,32.725330,26.733303,51100
1997-01-20,32.662758,32.850475,32.537613,32.725330,26.733303,82200
1997-01-21,32.600185,32.787903,32.349895,32.412468,26.477726,57500
1997-01-22,32.537613,32.537613,31.599028,31.724173,25.915457,73800
1997-01-23,31.724173,32.662758,31.599028,32.224751,26.324379,302500
1997-01-24,32.349895,32.412468,31.473885,31.473885,25.710997,99900
1997-01-27,31.098450,31.161022,30.472727,30.472727,24.893152,175000
1997-01-28,30.597872,30.660444,29.534142,29.534142,24.126423,104200
1997-01-29,29.659286,30.034719,28.407839,28.595556,23.359694,240500
1997-01-30,28.658129,29.721859,28.532984,29.534142,24.126423,106100
1997-01-31,29.534142,29.659286,29.221279,29.408997,24.024191,206900
1997-02-03,29.471569,29.596714,28.532984,28.532984,23.308577,66300
1997-02-04,28.407839,28.407839,27.031248,27.218966,22.235157,341300
1997-02-05,27.344110,27.469254,26.405525,26.530670,21.672888,476500
1997-02-06,26.718386,26.718386,25.904945,26.280380,21.468426,389500
1997-02-07,26.405525,26.655813,25.842373,25.967518,21.212851,111000
1997-02-10,25.967518,26.030090,24.966362,25.028933,20.446119,286500
1997-02-11,24.966362,25.404367,24.841217,25.028933,20.446119,534200
1997-02-12,25.279222,26.092663,25.279222,26.030090,21.263964,376800
1997-02-13,26.155235,26.780958,26.155235,26.655813,21.775118,304500
1997-02-14,27.031248,27.281538,26.968676,27.218966,22.235157,135100
1997-02-18,27.281538,27.469254,27.156393,27.344110,22.337387,42700
1997-02-19,27.281538,27.281538,26.530670,26.593243,21.724003,626100
1997-02-20,26.468098,26.468098,25.529512,25.654657,20.957273,235200
1997-02-21,25.654657,25.654657,24.403210,24.403210,19.934967,243700
1997-02-24,24.528355,24.778645,23.402052,23.464624,19.168236,553200
1997-02-25,23.652342,23.652342,22.838902,23.089191,18.861547,534500
1997-02-26,23.276909,23.402052,22.964046,23.089191,18.861547,535300
1997-02-27,23.151764,23.589769,22.588612,22.901474,18.708200,648900
1997-02-28,22.964046,23.214336,22.838902,23.214336,18.963778,134300
1997-03-03,23.151764,23.339481,22.838902,22.838902,18.657085,356700
1997-03-04,22.651184,24.278065,22.400896,23.840059,19.474930,391200
1997-03-05,24.027777,24.590927,24.027777,24.340637,19.883852,340000
1997-03-06,24.340637,25.091505,24.340637,24.841217,20.292774,359500
1997-03-07,24.778645,25.028933,24.590927,24.841217,20.292774,244600
1997-03-10,24.653500,24.903790,24.528355,24.653500,20.139429,105400
1997-03-11,24.778645,24.778645,24.465782,24.528355,20.037197,82600
1997-03-12,24.403210,24.403210,23.902632,23.965204,19.577160,68000
1997-03-13,23.902632,24.215492,23.902632,23.902632,19.526047,233000
1997-03-14,23.965204,24.465782,23.965204,24.465782,19.986082,148200
1997-03-17,24.465782,24.465782,23.902632,24.090349,19.679392,38200
1997-03-18,24.027777,24.465782,23.902632,24.403210,19.934967,30200
1997-03-19,24.778645,24.841217,24.090349,24.528355,20.037197,90300
1997-03-20,24.778645,25.654657,24.653500,25.341795,20.701696,360400
1997-03-21,25.404367,26.405525,25.404367,26.030090,21.263964,194900
1997-03-24,26.280380,26.342953,25.779802,25.904945,21.161734,398700
1997-03-25,25.842373,26.530670,25.842373,26.468098,21.621773,253200
1997-03-26,26.530670,27.969833,26.530670,27.719543,22.644079,343700
1997-03-27,27.656971,27.656971,27.218966,27.344110,22.337387,199700
1997-03-31,27.218966,27.281538,26.780958,26.843531,21.928463,79100
1997-04-01,26.906103,26.968676,26.593243,26.968676,22.030695,64400
1997-04-02,26.968676,27.344110,26.718386,26.968676,22.030695,99000
1997-04-03,26.906103,26.906103,26.342953,26.655813,21.775118,371500
1997-04-04,26.593243,27.093821,26.468098,26.906103,21.979580,112100
1997-04-07,26.843531,27.406683,26.780958,27.406683,22.388502,491500
1997-04-08,27.281538,27.469254,27.281538,27.406683,22.388502,67600
1997-04-09,27.469254,28.658129,27.469254,28.658129,23.410807,704300
1997-04-10,28.658129,28.720701,27.969833,28.032406,22.899656,320000
1997-04-11,27.907261,27.907261,27.469254,27.531826,22.490732,101800
1997-04-14,27.656971,27.656971,27.406683,27.469254,22.439617,73100
1997-04-15,27.594398,27.656971,26.593243,27.093821,22.132925,166200
1997-04-16,26.968676,26.968676,26.155235,26.155235,21.366196,190600
1997-04-17,26.217808,26.280380,25.779802,26.155235,21.366196,140300
1997-04-18,26.280380,26.655813,26.280380,26.530670,21.672888,71400
1997-04-21,26.655813,26.780958,25.904945,25.967518,21.212851,127400
1997-04-22,25.904945,26.155235,25.779802,25.779802,21.059504,171800
1997-04-23,25.779802,25.779802,25.279222,25.592085,20.906158,206900
1997-04-24,25.967518,26.092663,25.779802,25.779802,21.059504,111100
1997-04-25,25.904945,25.904945,24.403210,24.403210,19.934967,155900
1997-04-28,21.024303,21.399738,19.835430,20.023148,16.356897,3158800
1997-04-29,20.648870,21.086876,20.023148,21.024303,17.174742,1631600
1997-04-30,21.149448,21.587456,21.149448,21.524883,17.583664,310800
1997-05-01,21.587456,21.587456,21.024303,21.086876,17.225857,331100
1997-05-02,21.212021,21.399738,20.899158,21.274593,17.379202,145700
1997-05-05,21.274593,21.900316,21.274593,21.837744,17.839241,188400
1997-05-06,21.712601,22.338324,21.712601,22.150606,18.094816,255200
1997-05-07,22.025461,22.275751,21.274593,21.337166,17.430319,247000
1997-05-08,21.337166,22.776329,21.212021,22.588612,18.452623,925800
1997-05-09,22.901474,23.214336,22.776329,23.026619,18.810431,272800
1997-05-12,23.402052,24.027777,23.089191,24.027777,19.628275,179900
1997-05-13,24.027777,24.966362,24.027777,24.528355,20.037197,408000
1997-05-14,24.653500,24.966362,24.465782,24.841217,20.292774,208500
1997-05-15,24.903790,25.154078,24.778645,25.028933,20.446119,297300
1997-05-16,25.279222,25.529512,24.841217,24.841217,20.292774,213800
1997-05-19,24.903790,24.903790,24.465782,24.653500,20.139429,103600
1997-05-20,24.716072,24.716072,24.465782,24.590927,20.088314,98600
1997-05-21,24.716072,25.404367,24.590927,25.341795,20.701696,268500
1997-05-22,25.341795,25.779802,25.154078,25.717230,21.008390,210900
1997-05-23,25.654657,25.842373,25.404367,25.717230,21.008390,118100
1997-05-27,25.654657,26.530670,25.592085,26.468098,21.621773,178600
1997-05-28,26.468098,26.843531,26.342953,26.718386,21.826233,177700
1997-05-29,26.780958,26.843531,25.904945,26.092663,21.315081,483900
1997-05-30,26.030090,26.030090,25.592085,25.904945,21.161734,140200
1997-06-02,26.030090,26.530670,25.842373,26.468098,21.621773,188400
1997-06-03,26.342953,26.906103,26.342953,26.906103,21.979580,128300
1997-06-04,26.906103,27.469254,26.655813,27.218966,22.235157,92200
1997-06-05,27.218966,27.969833,27.218966,27.782116,22.695194,158200
1997-06-06,27.719543,28.407839,27.719543,28.220123,23.053001,125900
1997-06-09,28.282694,28.595556,28.220123,28.282694,23.104116,133100
1997-06-10,28.345266,28.658129,28.282694,28.595556,23.359694,101900
1997-06-11,28.532984,28.532984,27.782116,27.844688,22.746307,113800
1997-06-12,27.844688,27.969833,27.782116,27.969833,22.848539,57500
1997-06-13,27.844688,27.969833,27.594398,27.656971,22.592962,63900
1997-06-16,27.594398,27.719543,27.344110,27.656971,22.592962,119900
1997-06-17,27.531826,28.032406,27.531826,28.032406,22.899656,274900
1997-06-18,28.032406,28.845846,28.032406,28.783274,23.513039,196600
1997-06-19,28.783274,29.158707,28.470411,29.158707,23.819729,116600
1997-06-20,29.096134,29.283852,28.783274,28.845846,23.564156,207000
1997-06-23,28.783274,28.783274,28.470411,28.532984,23.308577,49900
1997-06-24,28.532984,28.532984,27.844688,27.969833,22.848539,175800
1997-06-25,27.844688,27.907261,26.530670,26.655813,21.775118,217600
1997-06-26,26.718386,26.780958,25.685944,25.779802,21.059504,172900
1997-06-27,25.779802,26.280380,25.529512,25.623371,20.931717,274000
1997-06-30,25.654657,26.405525,25.654657,26.186522,21.391752,344700
1997-07-01,26.030090,27.031248,25.967518,26.906103,21.979580,123000
1997-07-02,26.906103,27.782116,26.906103,27.656971,22.592962,194900
1997-07-03,27.594398,28.220123,27.594398,27.907261,22.797424,115300
1997-07-07,28.032406,28.470411,28.032406,28.032406,22.899656,135700
1997-07-08,28.032406,28.783274,28.032406,28.032406,22.899656,280900
1997-07-09,28.032406,28.282694,27.938547,28.032406,22.899656,256800
1997-07-10,27.969833,27.969833,27.782116,27.969833,22.848539,274500
1997-07-11,28.032406,28.532984,28.001120,28.001120,22.874098,132300
1997-07-14,28.032406,28.032406,27.031248,27.156393,22.184040,195400
1997-07-15,27.156393,27.156393,26.655813,26.655813,21.775118,211400
1997-07-16,26.530670,27.250252,26.530670,27.156393,22.184040,216100
1997-07-17,27.218966,27.688257,27.125107,27.688257,22.618521,352600
1997-07-18,27.782116,28.282694,27.406683,27.594398,22.541847,71000
1997-07-21,27.656971,27.656971,27.218966,27.406683,22.388502,46300
1997-07-22,27.469254,29.283852,27.469254,29.283852,23.921961,241800
1997-07-23,29.471569,29.628000,28.908419,29.033564,23.717501,132500
1997-07-24,29.064850,29.158707,28.720701,28.751987,23.487480,54300
1997-07-25,28.877132,28.877132,28.157551,28.157551,23.001886,176100
1997-07-28,27.969833,28.407839,27.938547,28.345266,23.155231,32400
1997-07-29,28.157551,28.157551,27.844688,28.157551,23.001886,123300
1997-07-30,28.157551,28.532984,28.157551,28.501698,23.283018,69000
1997-07-31,28.783274,29.690573,28.658129,28.908419,23.615269,523700
1997-08-01,29.158707,29.408997,28.595556,28.783274,23.513039,109300
1997-08-04,28.783274,29.283852,28.658129,29.064850,23.743057,88200
1997-08-05,29.189993,29.252565,28.783274,28.970991,23.666386,58300
1997-08-06,28.908419,29.283852,28.908419,29.189993,23.845287,76600
1997-08-07,29.283852,29.847004,29.283852,29.753145,24.305326,111100
1997-08-08,29.346424,29.753145,28.908419,29.502855,24.100866,296500
1997-08-11,29.502855,29.721859,29.158707,29.189993,23.845287,59000
1997-08-12,29.189993,29.189993,28.376553,28.470411,23.257462,109100
1997-08-13,28.532984,28.595556,28.282694,28.313980,23.129673,77000
1997-08-14,28.313980,28.313980,27.218966,27.531826,22.490732,410200
1997-08-15,27.656971,28.094978,27.531826,27.719543,22.644079,100800
1997-08-18,27.750830,27.907261,27.688257,27.688257,22.618521,152600
1997-08-19,27.782116,27.969833,27.750830,27.782116,22.695194,102900
1997-08-20,27.907261,27.907261,27.719543,27.719543,22.644079,76800
1997-08-21,27.750830,27.750830,27.031248,27.125107,22.158484,158700
1997-08-22,27.093821,27.093821,26.280380,26.530670,21.672888,236500
1997-08-25,26.655813,27.281538,26.624529,27.093821,22.132925,144500
1997-08-26,27.218966,27.625685,27.031248,27.406683,22.388502,189300
1997-08-27,27.656971,27.844688,27.625685,27.813402,22.720751,423900
1997-08-28,27.782116,28.282694,27.531826,27.656971,22.592962,598900
1997-08-29,27.625685,27.625685,26.906103,27.093821,22.132925,286900
1997-09-02,27.281538,27.938547,27.281538,27.907261,22.797424,236000
1997-09-03,27.844688,28.345266,27.719543,28.032406,22.899656,187000
1997-09-04,27.969833,28.501698,27.844688,28.313980,23.129673,284900
1997-09-05,28.439125,28.751987,28.282694,28.751987,23.487480,75900
1997-09-08,28.751987,29.534142,28.751987,29.534142,24.126423,249800
1997-09-09,29.534142,29.847004,29.408997,29.502855,24.100866,148100
1997-09-10,29.502855,29.909576,29.158707,29.690573,24.254211,142500
1997-09-11,29.815718,29.815718,29.189993,29.283852,23.921961,133300
1997-09-12,29.346424,30.504013,29.346424,30.222437,24.688690,206200
1997-09-15,30.253723,31.411312,30.253723,31.286167,25.557652,341500
1997-09-16,31.286167,32.662758,31.286167,32.568901,26.605516,420800
1997-09-17,32.600185,33.038193,32.537613,32.694046,26.707747,217800
1997-09-18,32.725330,33.413628,32.725330,33.100765,27.039995,298400
1997-09-19,32.975620,33.413628,32.537613,32.975620,26.937765,118700
1997-09-22,33.038193,33.351055,32.662758,33.194622,27.116667,112700
1997-09-23,32.287323,32.725330,32.162178,32.287323,26.375494,274800
1997-09-24,32.224751,32.287323,31.348740,31.411312,25.659882,82600
1997-09-25,31.411312,31.411312,30.942019,31.254881,25.532093,198600
1997-09-26,31.254881,31.411312,30.848160,30.848160,25.199842,59200
1997-09-29,30.410154,31.286167,30.159864,31.129736,25.429861,182900
1997-09-30,31.129736,31.129736,30.691730,31.035877,25.353189,131400
1997-10-01,31.035877,31.286167,30.973305,31.286167,25.557652,242000
1997-10-02,31.286167,31.974463,31.161022,31.505171,25.736555,81900
1997-10-03,31.599028,31.786745,31.286167,31.348740,25.608767,79200
1997-10-06,31.473885,31.911890,31.473885,31.849318,26.017689,238900
1997-10-07,32.037033,32.568901,32.005749,32.412468,26.477726,163700
1997-10-08,32.506329,32.600185,32.287323,32.287323,26.375494,183300
1997-10-09,32.162178,32.881760,31.911890,32.787903,26.784418,319200
1997-10-10,32.662758,34.039349,32.537613,34.039349,27.806725,237400
1997-10-13,36.291954,36.855106,35.353367,35.478512,28.982374,569400
1997-10-14,35.384655,35.384655,34.289639,34.414783,28.113415,165800
1997-10-15,34.289639,34.289639,33.663914,34.101921,27.857838,179900
1997-10-16,34.414783,35.040508,33.538773,33.570057,27.423359,272800
1997-10-17,33.507484,33.538773,31.786745,32.756618,26.758862,172600
1997-10-20,33.006905,34.039349,32.850475,34.039349,27.806725,187400
1997-10-21,34.164494,34.508640,33.914204,33.976776,27.755608,259700
1997-10-22,33.976776,34.508640,33.976776,34.227066,27.960070,89400
1997-10-23,33.851631,34.289639,33.538773,34.227066,27.960070,82800
1997-10-24,34.320927,34.320927,33.351055,33.507484,27.372244,150300
1997-10-27,33.413628,33.413628,30.785587,30.785587,25.148727,165700
1997-10-28,29.534142,30.910732,29.534142,30.910732,25.250959,388200
1997-10-29,30.910732,31.786745,30.910732,31.661600,25.864342,143000
1997-10-30,31.599028,32.537613,30.785587,32.193466,26.298822,258600
1997-10-31,32.318611,32.787903,32.287323,32.600185,26.631071,276000
1997-11-03,32.725330,34.289639,32.725330,34.227066,27.960070,125100
1997-11-04,34.164494,34.320927,33.288483,33.570057,27.423359,309500
1997-11-05,33.695202,33.820347,33.413628,33.695202,27.525589,155100
1997-11-06,33.726486,33.757774,32.819187,32.819187,26.809975,289700
1997-11-07,32.694046,32.694046,31.630314,32.099606,26.222149,124200
1997-11-10,32.162178,32.412468,31.911890,32.005749,26.145477,158700
1997-11-11,32.005749,32.037033,31.161022,31.161022,25.455421,109300
1997-11-12,31.035877,31.442598,30.034719,30.159864,24.637575,408000
1997-11-13,30.285009,30.597872,28.908419,29.408997,24.024191,294800
1997-11-14,29.534142,30.097292,29.471569,30.034719,24.535343,138300
1997-11-17,30.347582,30.504013,30.034719,30.034719,24.535343,278500
1997-11-18,30.034719,30.034719,29.221279,29.534142,24.126423,253700
1997-11-19,29.283852,29.346424,28.783274,29.002277,23.691942,235800
1997-11-20,29.002277,29.471569,28.282694,28.970991,23.666386,441400
1997-11-21,29.033564,29.471569,29.033564,29.096134,23.768616,185400
1997-11-24,28.845846,29.002277,27.281538,27.281538,22.286272,208200
1997-11-25,27.406683,27.907261,26.968676,27.469254,22.439617,246500
1997-11-26,27.531826,27.875975,27.531826,27.719543,22.644079,82800
1997-11-28,27.594398,28.032406,27.594398,27.875975,22.771868,30800
1997-12-01,27.875975,28.157551,27.375397,28.032406,22.899656,439100
1997-12-02,28.032406,28.908419,28.032406,28.501698,23.283018,238200
1997-12-03,28.720701,29.158707,28.626842,29.096134,23.768616,220800
1997-12-04,29.408997,29.815718,29.283852,29.596714,24.177538,421900
1997-12-05,29.628000,30.347582,29.534142,30.253723,24.714249,283600
1997-12-08,30.378868,30.660444,29.721859,29.784431,24.330885,178900
1997-12-09,29.659286,30.097292,29.534142,29.596714,24.177538,123000
1997-12-10,29.534142,29.596714,29.221279,29.440283,24.049749,197800
1997-12-11,29.315138,29.315138,28.908419,29.096134,23.768616,362100
1997-12-12,29.221279,29.534142,28.626842,28.970991,23.666386,79100
1997-12-15,29.096134,29.283852,28.439125,28.689415,23.436367,241200
1997-12-16,28.689415,29.127420,28.658129,28.689415,23.436367,198600
1997-12-17,28.814560,29.471569,28.814560,29.158707,23.819729,89900
1997-12-18,29.158707,29.283852,28.532984,28.783274,23.513039,37200
1997-12-19,28.595556,28.595556,28.094978,28.345266,23.155231,123700
1997-12-22,28.720701,28.877132,28.470411,28.564270,23.334135,110300
1997-12-23,28.532984,28.658129,28.282694,28.626842,23.385250,196200
1997-12-24,28.751987,28.908419,28.532984,28.908419,23.615269,77200
1997-12-26,29.033564,29.283852,28.939705,28.939705,23.640827,77500
1997-12-29,29.033564,29.502855,29.033564,29.283852,23.921961,97800
1997-12-30,29.315138,29.659286,29.189993,29.283852,23.921961,66700
1997-12-31,29.408997,30.754301,29.408997,30.159864,24.637575,150500
1998-01-02,30.285009,30.597872,29.659286,29.753145,24.305326,172200
1998-01-05,29.628000,29.815718,29.534142,29.753145,24.305326,374700
1998-01-06,29.628000,29.628000,28.470411,28.501698,23.283018,224900
1998-01-07,28.439125,28.751987,28.345266,28.532984,23.308577,111500
1998-01-08,28.407839,28.532984,27.907261,27.907261,22.797424,174900
1998-01-09,27.938547,27.938547,27.031248,27.531826,22.490732,469100
1998-01-12,27.531826,27.531826,26.843531,26.843531,21.928463,246600
1998-01-13,26.843531,27.218966,26.843531,27.156393,22.184040,69500
1998-01-14,27.250252,27.719543,27.250252,27.719543,22.644079,97100
1998-01-15,27.844688,28.313980,27.844688,27.969833,22.848539,143800
1998-01-16,28.094978,28.376553,28.001120,28.345266,23.155231,91800
1998-01-20,28.220123,28.908419,28.220123,28.908419,23.615269,181400
1998-01-21,28.845846,28.845846,28.251410,28.532984,23.308577,111000
1998-01-22,28.407839,28.407839,26.906103,27.187679,22.209599,391000
1998-01-23,27.187679,27.218966,26.155235,26.530670,21.672888,775100
1998-01-26,26.593243,26.843531,25.154078,25.404367,20.752813,1094700
1998-01-27,25.435654,26.030090,25.404367,25.404367,20.752813,165400
1998-01-28,25.404367,25.685944,25.404367,25.685944,20.982832,127800
1998-01-29,25.685944,26.780958,25.685944,26.468098,21.621773,139000
1998-01-30,26.499384,26.499384,25.279222,25.529512,20.855042,92600
1998-02-02,25.404367,25.779802,25.404367,25.685944,20.982832,113800
1998-02-03,25.623371,25.623371,25.341795,25.529512,20.855042,98700
1998-02-04,25.466940,26.123949,25.404367,25.654657,20.957273,398700
1998-02-05,25.779802,26.655813,25.779802,26.123949,21.340639,204900
1998-02-06,26.217808,26.687099,26.030090,26.561956,21.698446,150900
1998-02-09,26.655813,27.156393,26.655813,27.031248,22.081810,102600
1998-02-10,26.780958,27.031248,26.718386,26.999962,22.056252,51400
1998-02-11,26.937389,26.937389,26.280380,26.436811,21.596214,94400
1998-02-12,26.311666,26.405525,26.030090,26.342953,21.519541,149100
1998-02-13,26.906103,27.531826,26.718386,27.375397,22.362946,433400
1998-02-17,27.500540,27.531826,26.249094,26.249094,21.442869,627200
1998-02-18,26.374239,26.874817,26.374239,26.530670,21.672888,373200
1998-02-19,26.530670,26.780958,26.468098,26.655813,21.775118,145400
1998-02-20,26.655813,26.968676,26.561956,26.749672,21.851789,84600
1998-02-23,26.624529,26.780958,25.779802,26.030090,21.263964,241200
1998-02-24,25.904945,26.186522,25.685944,25.811089,21.085062,41400
1998-02-25,25.936232,27.156393,25.936232,27.125107,22.158484,94800
1998-02-26,27.782116,28.282694,27.782116,28.188837,23.027445,170100
1998-02-27,28.282694,28.282694,27.750830,28.001120,22.874098,150700
1998-03-02,28.063692,28.658129,28.063692,28.470411,23.257462,58700
1998-03-03,28.532984,29.221279,28.282694,28.970991,23.666386,88600
1998-03-04,29.096134,29.534142,29.033564,29.158707,23.819729,84300
1998-03-05,29.033564,29.283852,28.626842,29.033564,23.717501,83800
1998-03-06,29.033564,29.659286,29.033564,29.158707,23.819729,97800
1998-03-09,29.283852,29.283852,28.345266,28.470411,23.257462,167900
1998-03-10,28.532984,28.532984,28.063692,28.470411,23.257462,57400
1998-03-11,28.094978,28.783274,28.032406,28.345266,23.155231,99000
1998-03-12,28.376553,28.376553,27.875975,27.938547,22.822983,42200
1998-03-13,27.875975,27.969833,27.688257,27.844688,22.746307,51000
1998-03-16,27.969833,28.157551,27.656971,27.656971,22.592962,93100
1998-03-17,27.594398,27.844688,26.906103,27.156393,22.184040,306300
1998-03-18,27.156393,28.345266,27.093821,28.345266,23.155231,165300
1998-03-19,28.407839,28.783274,28.407839,28.783274,23.513039,69800
1998-03-20,28.720701,29.283852,28.720701,29.283852,23.921961,81000
1998-03-23,30.159864,30.285009,29.753145,29.784431,24.330885,142200
1998-03-24,29.659286,29.753145,28.908419,28.908419,23.615269,142600
1998-03-25,28.532984,29.659286,28.532984,29.596714,24.177538,88400
1998-03-26,29.471569,30.347582,29.471569,30.347582,24.790922,71000
1998-03-27,30.222437,30.535299,29.659286,29.659286,24.228653,42700
1998-03-30,29.909576,29.909576,29.221279,29.628000,24.203094,49500
1998-03-31,29.534142,29.534142,29.127420,29.127420,23.794172,58300
1998-04-01,29.158707,29.596714,29.158707,29.283852,23.921961,121900
1998-04-02,29.158707,29.408997,28.877132,28.877132,23.589712,109900
1998-04-03,28.970991,29.158707,28.845846,28.939705,23.640827,79800
1998-04-06,29.033564,29.408997,28.720701,28.751987,23.487480,94600
1998-04-07,28.783274,28.783274,27.938547,27.969833,22.848539,75400
1998-04-08,27.969833,27.969833,27.656971,27.907261,22.797424,103100
1998-04-09,27.907261,27.907261,27.406683,27.625685,22.567406,322400
1998-04-13,27.625685,27.656971,27.031248,27.375397,22.362946,353300
1998-04-14,27.312824,28.313980,27.187679,28.313980,23.129673,146200
1998-04-15,28.188837,29.096134,28.188837,28.313980,23.129673,101000
1998-04-16,28.564270,28.689415,28.220123,28.313980,23.129673,44600
1998-04-17,28.313980,28.689415,28.188837,28.689415,23.436367,172500
1998-04-20,28.751987,29.628000,28.689415,29.064850,23.743057,107400
1998-04-21,29.408997,29.408997,28.970991,29.158707,23.819729,51000
1998-04-22,29.189993,29.753145,29.189993,29.596714,24.177538,71900
1998-04-23,29.721859,29.721859,28.877132,28.877132,23.589712,65000
1998-04-24,28.783274,28.783274,27.938547,28.126265,22.976328,125000
1998-04-27,28.032406,28.032406,27.187679,27.563112,22.516289,223200
1998-04-28,27.656971,28.814560,27.656971,28.532984,23.308577,212000
1998-04-29,28.470411,29.502855,28.470411,29.377710,23.998634,118100
1998-04-30,29.471569,29.471569,28.845846,29.346424,23.973076,72300
1998-05-01,29.471569,29.972147,29.377710,29.784431,24.330885,95000
1998-05-04,29.784431,30.848160,29.534142,30.378868,24.816479,184200
1998-05-05,30.097292,30.222437,29.721859,30.222437,24.688690,150100
1998-05-06,30.159864,30.222437,29.753145,30.034719,24.535343,65400
1998-05-07,30.034719,30.066006,29.909576,29.940861,24.458672,37100
1998-05-08,30.003433,30.066006,29.815718,29.847004,24.382000,108900
1998-05-11,30.159864,30.691730,30.159864,30.378868,24.816479,173200
1998-05-12,30.410154,30.566586,30.410154,30.504013,24.918711,82400
1998-05-13,30.472727,31.004591,30.472727,31.004591,25.327633,33500
1998-05-14,31.004591,31.004591,30.410154,30.597872,24.995382,79100
1998-05-15,30.535299,30.535299,29.784431,29.784431,24.330885,40300
1998-05-18,29.847004,30.034719,29.408997,29.534142,24.126423,38000
1998-05-19,29.596714,29.847004,29.346424,29.659286,24.228653,54600
1998-05-20,29.534142,29.565428,28.845846,28.970991,23.666386,101500
1998-05-21,28.908419,29.315138,28.845846,29.252565,23.896404,92200
1998-05-22,29.377710,29.502855,29.033564,29.158707,23.819729,52700
1998-05-26,29.158707,29.158707,28.689415,28.689415,23.436367,36300
1998-05-27,28.564270,28.595556,28.220123,28.407839,23.206347,118500
1998-05-28,28.407839,29.534142,28.407839,29.534142,24.126423,95100
1998-05-29,29.534142,29.596714,28.783274,29.283852,23.921961,103400
1998-06-01,29.346424,29.346424,28.220123,28.251410,23.078558,97100
1998-06-02,28.282694,28.470411,27.907261,28.126265,22.976328,260900
1998-06-03,28.157551,28.282694,27.406683,27.469254,22.439617,170100
1998-06-04,27.437969,27.907261,27.250252,27.406683,22.388502,247600
1998-06-05,27.531826,28.126265,26.780958,28.094978,22.950769,382600
1998-06-08,28.220123,28.845846,28.126265,28.345266,23.155231,147500
1998-06-09,28.376553,28.783274,28.204479,28.626842,23.385250,139700
1998-06-10,28.532984,28.845846,28.063692,28.282694,23.104116,293200
1998-06-11,28.282694,28.282694,27.406683,27.406683,22.388502,514300
1998-06-12,27.344110,27.594398,27.218966,27.375397,22.362946,110200
1998-06-15,27.156393,27.156393,26.780958,26.843531,21.928463,204200
1998-06-16,26.906103,28.407839,26.906103,28.407839,23.206347,256200
1998-06-17,28.345266,29.127420,28.345266,28.970991,23.666386,203000
1998-06-18,29.002277,29.784431,28.970991,29.502855,24.100866,398800
1998-06-19,29.534142,29.972147,29.502855,29.847004,24.382000,208200
1998-06-22,29.784431,29.878290,29.534142,29.847004,24.382000,193800
1998-06-23,29.815718,30.066006,29.815718,30.003433,24.509787,94600
1998-06-24,30.003433,30.097292,29.784431,29.784431,24.330885,109600
1998-06-25,29.784431,29.847004,29.158707,29.315138,23.947517,74600
1998-06-26,29.534142,29.721859,29.189993,29.408997,24.024191,107100
1998-06-29,29.408997,30.003433,29.408997,30.003433,24.509787,81000
1998-06-30,30.034719,30.785587,29.972147,30.629158,25.020941,125900
1998-07-01,30.754301,30.754301,30.410154,30.441441,24.867594,134700
1998-07-02,30.316296,30.629158,30.222437,30.629158,25.020941,51900
1998-07-06,30.691730,30.691730,30.097292,30.222437,24.688690,47200
1998-07-07,30.097292,30.097292,29.158707,29.346424,23.973076,212200
1998-07-08,29.221279,29.221279,28.689415,28.939705,23.640827,254100
1998-07-09,28.845846,28.970991,28.063692,28.407839,23.206347,136500
1998-07-10,28.470411,28.470411,28.094978,28.126265,22.976328,63000
1998-07-13,28.157551,28.220123,27.125107,27.218966,22.235157,164500
1998-07-14,27.250252,27.844688,27.250252,27.406683,22.388502,148900
1998-07-15,27.469254,27.500540,27.344110,27.500540,22.465174,95800
1998-07-16,27.437969,27.500540,27.312824,27.375397,22.362946,91800
1998-07-17,27.500540,27.500540,27.344110,27.406683,22.388502,59800
1998-07-20,27.469254,27.469254,27.156393,27.218966,22.235157,91600
1998-07-21,27.281538,27.281538,26.780958,26.780958,21.877350,79800
1998-07-22,26.780958,26.780958,25.842373,26.280380,21.468426,449500
1998-07-23,26.342953,26.405525,25.529512,26.280380,21.468426,62600
1998-07-24,26.530670,26.561956,25.279222,25.717230,21.008390,246500
1998-07-27,25.592085,25.685944,24.966362,25.247936,20.625023,144900
1998-07-28,25.279222,26.249094,24.684786,26.155235,21.366196,435800
1998-07-29,26.186522,26.593243,25.685944,26.280380,21.468426,189400
1998-07-30,26.155235,26.499384,25.967518,26.499384,21.647331,146200
1998-07-31,26.530670,26.655813,25.936232,26.061377,21.289522,125100
1998-08-03,26.030090,26.030090,25.560799,25.623371,20.931717,60600
1998-08-04,25.685944,25.748516,24.027777,24.278065,19.832735,595700
1998-08-05,24.215492,24.215492,23.276909,23.527197,19.219353,387200
1998-08-06,23.402052,23.902632,22.901474,23.902632,19.526047,191200
1998-08-07,23.840059,24.559641,23.808773,24.309351,19.858295,421100
1998-08-10,24.403210,24.403210,22.776329,23.151764,18.912663,328300
1998-08-11,22.964046,22.964046,22.400896,22.651184,18.503738,275200
1998-08-12,22.651184,23.026619,22.526041,22.995333,18.784874,132500
1998-08-13,22.964046,23.026619,22.181892,22.526041,18.401508,212000
1998-08-14,22.463469,22.651184,22.025461,22.557325,18.427065,209200
1998-08-17,22.526041,22.526041,21.775171,22.150606,18.094816,196500
1998-08-18,22.088034,22.213179,21.431025,22.150606,18.094816,350100
1998-08-19,22.213179,22.275751,21.806458,22.150606,18.094816,460300
1998-08-20,22.150606,22.150606,21.337166,21.712601,17.737011,113800
1998-08-21,21.712601,21.712601,20.711443,20.805302,16.995838,71400
1998-08-24,20.805302,21.712601,20.586298,20.680157,16.893608,96700
1998-08-25,20.742729,21.180735,19.647713,20.023148,16.356897,195700
1998-08-26,20.023148,20.023148,19.147135,19.397423,15.845743,175300
1998-08-27,18.771700,18.865559,17.582827,17.582827,14.363400,371200
1998-08-28,17.614113,18.521410,16.519096,18.458838,15.079013,711400
1998-08-31,18.771700,18.896845,17.144819,17.614113,14.388958,179700
1998-09-01,17.269964,18.145977,17.269964,18.083405,14.772322,131500
1998-09-02,18.052118,18.834272,18.052118,18.302408,14.951226,133700
1998-09-03,18.145977,18.145977,17.582827,17.926973,14.644534,202800
1998-09-04,18.020832,19.272278,18.020832,19.272278,15.743512,190600
1998-09-08,19.522568,20.367294,19.522568,19.741571,16.126877,287900
1998-09-09,19.616426,19.741571,18.396267,18.396267,15.027900,124700
1998-09-10,18.427553,19.459995,17.958260,19.459995,15.896858,573700
1998-09-11,19.334850,19.647713,19.178421,19.428709,15.871301,200200
1998-09-14,19.522568,20.742729,19.334850,19.866716,16.229109,255300
1998-09-15,19.772858,20.304722,19.553854,20.304722,16.586914,450200
1998-09-16,20.210863,20.993017,20.210863,20.993017,17.149181,184900
1998-09-17,20.742729,20.836588,20.304722,20.805302,16.995838,254800
1998-09-18,21.024303,21.180735,20.336008,21.149448,17.276972,274400
1998-09-21,21.024303,21.900316,20.742729,21.431025,17.506992,337700
1998-09-22,21.524883,21.524883,20.054434,21.086876,17.225857,269200
1998-09-23,21.212021,22.150606,21.212021,21.869030,17.864798,259400
1998-09-24,21.869030,21.994175,21.118162,21.118162,17.251413,141300
1998-09-25,21.243307,21.243307,20.711443,20.711443,16.919165,99100
1998-09-28,20.774015,21.086876,20.774015,21.024303,17.174742,208100
1998-09-29,21.024303,21.462311,20.930445,21.431025,17.506992,44600
1998-09-30,21.399738,21.399738,20.774015,20.774015,16.970282,96700
1998-10-01,20.805302,20.930445,19.804144,19.804144,16.177994,90600
1998-10-02,19.960575,20.085718,19.021990,19.209707,15.692398,95100
1998-10-05,19.209707,19.303564,18.583982,18.990704,15.513494,110700
1998-10-06,19.084562,19.647713,18.834272,18.834272,15.385706,58800
1998-10-07,18.771700,18.865559,17.176105,17.176105,14.031150,233000
1998-10-08,17.176105,17.176105,16.206234,16.519096,13.494439,243800
1998-10-09,16.393951,16.456524,15.643084,16.143661,13.187747,360000
1998-10-12,16.268806,17.457682,16.143661,17.426395,14.235612,155500
1998-10-13,17.457682,18.177263,17.082247,17.926973,14.644534,382200
1998-10-14,17.801828,18.552696,17.801828,18.427553,15.053457,307700
1998-10-15,18.521410,19.522568,18.521410,19.366137,15.820186,249800
1998-10-16,19.366137,20.742729,19.366137,20.648870,16.868050,402000
1998-10-19,20.680157,21.618742,20.680157,21.274593,17.379202,191000
1998-10-20,21.305880,22.150606,21.305880,21.556170,17.609221,118100
1998-10-21,21.243307,22.088034,21.024303,22.025461,17.992586,120500
1998-10-22,22.150606,24.090349,22.150606,23.777487,19.423815,182900
1998-10-23,23.840059,24.027777,23.308195,23.527197,19.219353,210900
1998-10-26,23.527197,25.028933,23.339481,24.747358,20.216103,205800
1998-10-27,24.622213,24.997646,23.433338,23.652342,19.321585,176100
1998-10-28,23.777487,24.121635,22.838902,23.558483,19.244911,218000
1998-10-29,23.433338,24.278065,23.370766,24.027777,19.628275,214800
1998-10-30,23.933918,24.090349,23.589769,23.933918,19.551603,283300
1998-11-02,24.059063,25.842373,24.059063,25.842373,21.110619,283200
1998-11-03,25.842373,26.405525,25.185364,26.030090,21.263964,183400
1998-11-04,26.155235,26.405525,25.936232,26.155235,21.366196,333500
1998-11-05,26.123949,27.218966,25.560799,26.968676,22.030695,223000
1998-11-06,26.968676,27.218966,26.530670,26.530670,21.672888,226600
1998-11-09,26.593243,26.593243,25.811089,26.249094,21.442869,129300
1998-11-10,26.123949,26.123949,25.310509,25.341795,20.701696,124700
1998-11-11,25.216650,25.435654,24.590927,25.185364,20.573908,175800
1998-11-12,25.185364,25.592085,24.841217,25.279222,20.650581,71900
1998-11-13,25.373081,25.373081,24.622213,24.684786,20.164986,71900
1998-11-16,24.559641,24.559641,23.840059,23.840059,19.474930,81000
1998-11-17,23.808773,23.840059,23.026619,23.746201,19.398256,87500
1998-11-18,23.683628,24.121635,23.276909,24.121635,19.704948,148100
1998-11-19,24.027777,24.559641,23.308195,24.340637,19.883852,167000
1998-11-20,24.215492,25.060219,24.215492,24.684786,20.164986,123700
1998-11-23,24.653500,24.841217,24.653500,24.747358,20.216103,176500
1998-11-24,24.622213,25.310509,24.622213,25.216650,20.599466,79800
1998-11-25,25.279222,25.779802,25.028933,25.592085,20.906158,238400
1998-11-27,25.529512,25.529512,24.903790,25.154078,20.548351,143400
1998-11-30,25.279222,25.279222,23.902632,23.902632,19.526047,207300
1998-12-01,23.902632,23.902632,23.120478,23.621056,19.296026,356700
1998-12-02,23.621056,23.621056,22.526041,22.870188,18.682642,322000
1998-12-03,22.682470,23.652342,22.557325,23.308195,19.040449,310500
1998-12-04,23.433338,23.902632,23.370766,23.714914,19.372698,175300
1998-12-07,23.746201,24.090349,23.746201,24.027777,19.628275,458700
1998-12-08,24.152922,24.497068,23.245623,23.527197,19.219353,274500
1998-12-09,23.589769,23.840059,23.558483,23.621056,19.296026,187700
1998-12-10,23.621056,23.933918,23.245623,23.464624,19.168236,168100
1998-12-11,23.402052,23.871346,23.214336,23.527197,19.219353,65000
1998-12-14,23.464624,23.965204,23.464624,23.683628,19.347141,52000
1998-12-15,23.621056,23.652342,23.402052,23.402052,19.117123,201000
1998-12-16,23.558483,24.559641,23.558483,24.559641,20.062756,159800
1998-12-17,24.465782,24.465782,23.714914,23.714914,19.372698,99500
1998-12-18,23.714914,24.497068,23.433338,24.465782,19.986082,156500
1998-12-21,24.497068,24.497068,23.871346,24.403210,19.934967,329300
1998-12-22,24.278065,24.497068,23.589769,23.589769,19.270468,215200
1998-12-23,23.652342,24.309351,23.652342,24.059063,19.653835,118700
1998-12-24,24.152922,24.152922,23.777487,24.121635,19.704948,22800
1998-12-28,24.027777,24.152922,23.902632,24.090349,19.679392,55600
1998-12-29,23.902632,24.027777,23.652342,23.902632,19.526047,79800
1998-12-30,23.840059,24.152922,23.714914,24.090349,19.679392,69000
1998-12-31,24.090349,24.747358,24.059063,24.747358,20.216103,30000
1999-01-04,24.622213,25.341795,24.528355,25.185364,20.573908,115900
1999-01-05,25.060219,25.154078,24.966362,24.997646,20.420563,155900
1999-01-06,25.154078,25.216650,24.778645,24.903790,20.343891,197000
1999-01-07,24.903790,25.028933,24.528355,24.997646,20.420563,258100
1999-01-08,25.028933,25.028933,24.528355,24.653500,20.139429,142500
1999-01-11,24.841217,25.373081,24.778645,25.154078,20.548351,165400
1999-01-12,25.028933,25.028933,24.653500,24.653500,20.139429,189400
1999-01-13,24.528355,24.528355,23.652342,23.652342,19.321585,182700
1999-01-14,23.527197,24.090349,23.026619,23.871346,19.500486,190500
1999-01-15,23.996490,24.309351,23.589769,24.152922,19.730507,133300
1999-01-19,24.278065,24.903790,24.152922,24.841217,20.292774,112600
1999-01-20,24.903790,24.903790,23.652342,23.683628,19.347141,207800
1999-01-21,23.746201,23.871346,23.276909,23.621056,19.296026,196500
1999-01-22,23.589769,23.589769,23.151764,23.151764,18.912663,238400
1999-01-25,23.151764,23.151764,22.588612,22.807615,18.631527,245600
1999-01-26,22.932760,22.932760,22.369610,22.400896,18.299278,189800
1999-01-27,22.526041,22.588612,22.275751,22.526041,18.401508,89900
1999-01-28,22.651184,22.964046,22.181892,22.338324,18.248163,236900
1999-01-29,22.400896,22.526041,22.150606,22.275751,18.197048,144100
1999-02-01,22.275751,22.463469,22.025461,22.025461,17.992586,156300
1999-02-02,21.837744,22.025461,21.712601,21.931602,17.915913,103800
1999-02-03,21.869030,21.869030,21.274593,21.587456,17.634781,402300
1999-02-04,21.399738,21.462311,20.993017,21.462311,17.532549,177700
1999-02-05,21.524883,21.524883,21.274593,21.431025,17.506992,70300
1999-02-08,21.556170,22.275751,21.274593,22.275751,18.197048,101100
1999-02-09,22.213179,22.275751,21.650028,21.900316,17.890354,87900
1999-02-10,22.463469,22.463469,21.743885,21.743885,17.762568,216500
1999-02-11,21.650028,21.775171,21.243307,21.337166,17.430319,65000
1999-02-12,21.524883,21.524883,20.774015,20.774015,16.970282,65800
1999-02-16,20.836588,20.836588,19.772858,20.054434,16.382454,1615300
1999-02-17,20.148291,20.367294,19.960575,20.242149,16.535799,207000
1999-02-18,20.273436,20.273436,20.023148,20.054434,16.382454,176200
1999-02-19,20.054434,20.085718,19.804144,19.898003,16.254665,67100
1999-02-22,19.772858,19.835430,19.772858,19.835430,16.203550,56200
1999-02-23,19.804144,19.991861,19.272278,19.960575,16.305782,138300
1999-02-24,20.085718,20.523726,20.054434,20.242149,16.535799,57100
1999-02-25,20.242149,20.242149,20.117004,20.179577,16.484684,88200
1999-02-26,20.179577,20.179577,19.710285,19.710285,16.101320,42800
1999-03-01,19.835430,19.991861,19.710285,19.835430,16.203550,64000
1999-03-02,19.772858,19.835430,19.522568,19.835430,16.203550,51400
1999-03-03,19.710285,20.461153,19.647713,20.461153,16.714703,198600
1999-03-04,20.461153,21.587456,20.210863,21.556170,17.609221,160900
1999-03-05,21.587456,22.400896,21.587456,21.743885,17.762568,166600
1999-03-08,21.775171,21.806458,21.556170,21.587456,17.634781,111500
1999-03-09,21.775171,21.900316,21.650028,21.775171,17.788124,117000
1999-03-10,21.837744,22.651184,21.837744,22.619898,18.478180,154600
1999-03-11,22.494755,22.651184,22.244465,22.526041,18.401508,103800
1999-03-12,22.494755,22.964046,22.088034,22.526041,18.401508,121400
1999-03-15,22.400896,22.400896,21.900316,22.088034,18.043701,101100
1999-03-16,22.088034,22.463469,22.088034,22.338324,18.248163,85200
1999-03-17,22.213179,22.713757,22.150606,22.557325,18.427065,112700
1999-03-18,22.619898,22.745043,22.463469,22.588612,18.452623,297600
1999-03-19,22.588612,23.151764,22.588612,23.151764,18.912663,123000
1999-03-22,23.026619,23.714914,23.026619,23.714914,19.372698,163000
1999-03-23,23.840059,24.371923,23.714914,24.152922,19.730507,258600
1999-03-24,24.184206,24.497068,23.746201,24.497068,20.011641,128700
1999-03-25,24.497068,24.841217,24.434496,24.841217,20.292774,91400
1999-03-26,25.341795,25.904945,25.310509,25.404367,20.752813,402000
1999-03-29,25.529512,26.593243,25.529512,26.499384,21.647331,723500
1999-03-30,26.374239,27.156393,26.155235,26.749672,21.851789,398400
1999-03-31,26.655813,27.281538,26.342953,26.937389,22.005136,198500
1999-04-01,27.031248,27.031248,26.405525,26.655813,21.775118,205400
1999-04-05,26.687099,27.031248,26.624529,26.718386,21.826233,116200
1999-04-06,26.593243,26.906103,26.593243,26.687099,21.800674,185900
1999-04-07,26.687099,26.843531,25.592085,25.623371,20.931717,377900
1999-04-08,25.748516,25.967518,25.592085,25.685944,20.982832,118500
1999-04-09,25.748516,25.842373,25.529512,25.842373,21.110619,103600
1999-04-12,25.842373,25.842373,25.592085,25.811089,21.085062,111100
1999-04-13,25.748516,26.030090,25.717230,25.842373,21.110619,124700
1999-04-14,25.904945,25.904945,25.310509,25.529512,20.855042,173700
1999-04-15,25.592085,26.217808,25.592085,26.155235,21.366196,121300
1999-04-16,26.280380,27.093821,26.280380,26.968676,22.030695,216500
1999-04-19,27.156393,28.845846,27.125107,28.313980,23.129673,353900
1999-04-20,28.188837,28.251410,27.031248,27.250252,22.260714,151300
1999-04-21,27.187679,27.875975,27.187679,27.281538,22.286272,161000
1999-04-22,27.531826,27.594398,26.937389,27.594398,22.541847,72300
1999-04-23,27.719543,27.844688,26.843531,26.999962,22.056252,73600
1999-04-26,27.031248,27.031248,26.123949,26.123949,21.340639,210600
1999-04-27,26.186522,26.874817,26.186522,26.374239,21.545101,126700
1999-04-28,26.530670,26.843531,26.311666,26.374239,21.545101,180600
1999-04-29,26.374239,26.655813,25.967518,26.186522,21.391752,126700
1999-04-30,26.405525,26.718386,25.936232,26.499384,21.647331,611400
1999-05-03,26.499384,26.593243,26.311666,26.499384,21.647331,86600
1999-05-04,26.499384,26.530670,26.155235,26.155235,21.366196,89000
1999-05-05,26.030090,26.030090,24.997646,25.404367,20.752813,160900
1999-05-06,25.466940,25.592085,25.310509,25.341795,20.701696,103100
1999-05-07,25.373081,25.779802,25.373081,25.623371,20.931717,106700
1999-05-10,25.623371,27.093821,25.623371,26.530670,21.672888,122600
1999-05-11,26.593243,26.655813,26.405525,26.436811,21.596214,130200
1999-05-12,26.311666,26.718386,26.186522,26.436811,21.596214,163300
1999-05-13,26.436811,26.718386,26.123949,26.155235,21.366196,48700
1999-05-14,26.030090,26.030090,25.341795,25.466940,20.803928,83400
1999-05-17,25.466940,25.466940,25.310509,25.373081,20.727255,35200
1999-05-18,25.341795,25.373081,24.841217,24.903790,20.343891,50600
1999-05-19,24.716072,25.279222,24.716072,25.185364,20.573908,174500
1999-05-20,25.091505,25.185364,24.997646,25.028933,20.446119,63000
1999-05-21,25.028933,25.028933,24.966362,25.028933,20.446119,67200
1999-05-24,25.091505,25.529512,24.403210,24.403210,19.934967,79600
1999-05-25,24.434496,24.778645,24.278065,24.653500,20.139429,56000
1999-05-26,24.684786,25.279222,24.653500,24.966362,20.395006,202800
1999-05-27,25.091505,25.373081,24.841217,24.841217,20.292774,40700
1999-05-28,24.778645,24.872503,24.653500,24.841217,20.292774,41400
1999-06-01,24.966362,25.373081,24.966362,25.216650,20.599466,70600
1999-06-02,25.091505,25.279222,24.809931,25.279222,20.650581,56700
1999-06-03,25.529512,26.030090,25.466940,25.529512,20.855042,248100
1999-06-04,25.341795,25.373081,25.091505,25.279222,20.650581,48800
1999-06-07,25.279222,25.623371,25.279222,25.592085,20.906158,93500
1999-06-08,25.717230,26.061377,25.404367,25.435654,20.778370,36700
1999-06-09,25.404367,25.529512,25.185364,25.529512,20.855042,27500
1999-06-10,25.466940,25.904945,25.341795,25.373081,20.727255,130100
1999-06-11,25.498226,25.560799,25.028933,25.404367,20.752813,43600
1999-06-14,25.279222,25.279222,25.060219,25.122791,20.522793,21500
1999-06-15,25.122791,25.811089,25.122791,25.560799,20.880602,81500
1999-06-16,25.560799,26.155235,25.560799,25.685944,20.982832,91100
1999-06-17,25.748516,26.468098,25.748516,26.405525,21.570658,92700
1999-06-18,26.155235,26.186522,25.842373,25.842373,21.110619,89800
1999-06-21,25.904945,26.092663,25.373081,25.623371,20.931717,76300
1999-06-22,25.717230,26.311666,25.592085,26.030090,21.263964,93800
1999-06-23,25.904945,26.780958,25.904945,26.342953,21.519541,105400
1999-06-24,26.280380,26.280380,26.030090,26.280380,21.468426,59900
1999-06-25,26.217808,26.280380,26.092663,26.123949,21.340639,29400
1999-06-28,26.030090,26.499384,26.030090,26.061377,21.289522,58400
1999-06-29,26.092663,26.092663,25.967518,25.998804,21.238407,297100
1999-06-30,26.061377,26.999962,26.061377,26.780958,21.877350,250400
1999-07-01,26.655813,26.687099,26.202166,26.311666,21.493984,119100
1999-07-02,26.436811,26.999962,26.436811,26.968676,22.030695,44600
1999-07-06,27.031248,27.031248,26.593243,26.843531,21.928463,65400
1999-07-07,26.780958,27.469254,26.687099,27.031248,22.081810,64400
1999-07-08,27.031248,27.500540,27.031248,27.375397,22.362946,132700
1999-07-09,27.406683,27.500540,27.156393,27.218966,22.235157,25200
1999-07-12,27.218966,27.500540,27.218966,27.469254,22.439617,29400
1999-07-13,27.406683,27.406683,27.031248,27.125107,22.158484,27500
1999-07-14,27.187679,27.281538,27.093821,27.093821,22.132925,34300
1999-07-15,27.156393,27.218966,26.999962,27.218966,22.235157,55800
1999-07-16,27.156393,27.531826,27.156393,27.531826,22.490732,36700
1999-07-19,27.469254,27.500540,27.187679,27.218966,22.235157,75100
1999-07-20,27.218966,27.218966,26.937389,27.031248,22.081810,31100
1999-07-21,27.031248,27.031248,26.468098,26.812244,21.902906,56600
1999-07-22,26.812244,27.344110,26.718386,27.031248,22.081810,84700
1999-07-23,26.968676,27.093821,26.780958,26.906103,21.979580,14300
1999-07-26,26.593243,26.593243,24.027777,24.278065,19.832735,876100
1999-07-27,24.309351,24.622213,23.777487,24.590927,20.088314,441200
1999-07-28,24.528355,24.903790,24.528355,24.747358,20.216103,39600
1999-07-29,24.622213,24.903790,24.497068,24.528355,20.037197,103600
1999-07-30,24.653500,24.903790,24.622213,24.872503,20.318333,62200
1999-08-02,24.809931,24.809931,24.465782,24.653500,20.139429,96700
1999-08-03,24.622213,24.716072,24.497068,24.590927,20.088314,77900
1999-08-04,24.528355,24.559641,24.215492,24.246778,19.807178,67800
1999-08-05,24.309351,24.653500,24.090349,24.653500,20.139429,106700
1999-08-06,24.590927,24.653500,24.559641,24.590927,20.088314,51100
1999-08-09,24.528355,25.748516,24.465782,25.623371,20.931717,161700
1999-08-10,25.717230,26.405525,25.232294,26.217808,21.417313,149400
1999-08-11,26.155235,26.155235,25.842373,25.967518,21.212851,44800
1999-08-12,25.967518,25.967518,25.873659,25.904945,21.161734,17800
1999-08-13,25.904945,26.280380,25.904945,26.092663,21.315081,188000
1999-08-16,26.030090,26.030090,25.873659,25.936232,21.187292,51100
1999-08-17,26.030090,26.280380,26.030090,26.280380,21.468426,45900
1999-08-18,26.280380,27.218966,26.186522,26.906103,21.979580,99900
1999-08-19,26.906103,27.688257,26.718386,27.594398,22.541847,145300
1999-08-20,27.656971,27.813402,27.531826,27.594398,22.541847,97400
1999-08-23,27.531826,27.531826,27.406683,27.437969,22.414061,27900
1999-08-24,27.375397,27.375397,26.718386,26.749672,21.851789,56200
1999-08-25,26.812244,26.999962,26.061377,26.186522,21.391752,91400
1999-08-26,26.186522,26.342953,25.842373,26.217808,21.417313,102600
1999-08-27,26.092663,26.280380,26.061377,26.092663,21.315081,53000
1999-08-30,26.030090,26.092663,25.873659,25.967518,21.212851,77200
1999-08-31,25.967518,26.030090,25.842373,25.998804,21.238407,108600
1999-09-01,26.092663,26.968676,25.967518,26.874817,21.954021,75800
1999-09-02,26.874817,26.874817,26.812244,26.812244,21.902906,16700
1999-09-03,26.812244,26.937389,26.749672,26.937389,22.005136,9000
1999-09-07,26.968676,27.531826,26.968676,27.531826,22.490732,66600
1999-09-08,27.531826,27.531826,26.968676,26.968676,22.030695,65000
1999-09-09,26.999962,27.437969,26.843531,27.031248,22.081810,177400
1999-09-10,27.156393,27.281538,27.031248,27.125107,22.158484,29600
1999-09-13,27.125107,27.218966,26.999962,26.999962,22.056252,42300
1999-09-14,27.031248,27.031248,26.155235,26.155235,21.366196,34300
1999-09-15,26.249094,26.405525,26.217808,26.374239,21.545101,9000
1999-09-16,26.249094,26.280380,25.967518,25.967518,21.212851,15500
1999-09-17,25.873659,26.499384,25.873659,26.499384,21.647331,28800
1999-09-20,26.780958,26.780958,25.904945,26.123949,21.340639,64800
1999-09-21,26.030090,26.030090,25.529512,25.529512,20.855042,55600
1999-09-22,25.779802,25.904945,25.498226,25.498226,20.829485,42300
1999-09-23,25.498226,25.529512,25.279222,25.498226,20.829485,402300
1999-09-24,25.498226,25.498226,24.841217,25.122791,20.522793,79400
1999-09-27,25.060219,25.498226,25.028933,25.404367,20.752813,71800
1999-09-28,25.529512,25.529512,24.903790,25.122791,20.522793,234600
1999-09-29,25.122791,26.374239,23.777487,24.778645,20.241659,1831900
1999-09-30,24.841217,25.779802,24.841217,25.654657,20.957273,174200
1999-10-01,25.560799,25.717230,25.466940,25.466940,20.803928,39000
1999-10-04,25.341795,25.466940,25.216650,25.247936,20.625023,40000
1999-10-05,25.154078,25.404367,24.215492,24.215492,19.781620,138700
1999-10-06,24.309351,24.778645,23.902632,24.434496,19.960526,158700
1999-10-07,24.434496,24.434496,23.777487,23.871346,19.500486,54200
1999-10-08,23.714914,23.777487,23.276909,23.464624,19.168236,125800
1999-10-11,23.495911,23.683628,23.402052,23.495911,19.193796,203200
1999-10-12,23.495911,23.902632,23.214336,23.214336,18.963778,75800
1999-10-13,23.308195,23.965204,23.308195,23.621056,19.296026,84300
1999-10-14,23.621056,23.621056,22.807615,23.214336,18.963778,41600
1999-10-15,23.089191,23.214336,22.932760,22.932760,18.733759,51100
1999-10-18,22.995333,23.495911,22.713757,22.807615,18.631527,29200
1999-10-19,22.932760,22.964046,22.369610,22.494755,18.375952,90200
1999-10-20,22.619898,22.838902,22.447824,22.838902,18.657085,53000
1999-10-21,23.026619,23.558483,22.870188,23.308195,19.040449,62400
1999-10-22,23.183050,23.339481,23.089191,23.245623,18.989336,169800
1999-10-25,23.245623,23.245623,23.089191,23.120478,18.887104,115400
1999-10-26,23.276909,23.339481,23.089191,23.089191,18.861547,229400
1999-10-27,23.089191,23.527197,23.057905,23.057905,18.835987,30300
1999-10-28,23.057905,23.089191,22.838902,22.870188,18.682642,22000
1999-10-29,22.995333,23.276909,22.901474,22.901474,18.708200,55100
1999-11-01,23.026619,24.027777,23.026619,23.933918,19.551603,74300
1999-11-02,23.965204,24.215492,23.777487,23.933918,19.551603,59800
1999-11-03,24.059063,24.747358,24.059063,24.528355,20.037197,97800
1999-11-04,24.653500,24.747358,24.465782,24.559641,20.062756,64300
1999-11-05,24.622213,24.841217,24.278065,24.559641,20.062756,97600
1999-11-08,24.465782,24.747358,24.371923,24.497068,20.011641,73800
1999-11-09,24.747358,25.498226,24.684786,25.185364,20.573908,55500
1999-11-10,25.185364,25.279222,24.966362,24.997646,20.420563,97800
1999-11-11,24.997646,25.341795,24.559641,24.684786,20.164986,63900
1999-11-12,24.809931,25.154078,24.809931,25.091505,20.497234,50200
1999-11-15,25.154078,25.592085,25.060219,25.435654,20.778370,96900
1999-11-16,25.435654,25.842373,25.154078,25.779802,21.059504,90900
1999-11-17,25.685944,26.468098,25.654657,26.342953,21.519541,168100
1999-11-18,26.342953,26.624529,25.654657,26.155235,21.366196,57100
1999-11-19,26.155235,26.280380,26.030090,26.061377,21.289522,61600
1999-11-22,25.936232,26.874817,25.936232,26.405525,21.570658,165300
1999-11-23,26.499384,26.561956,25.936232,26.530670,21.672888,109900
1999-11-24,26.436811,26.499384,25.967518,25.967518,21.212851,108200
1999-11-26,25.904945,26.311666,25.904945,25.967518,21.212851,30800
1999-11-29,25.967518,25.967518,25.607727,25.904945,21.161734,97400
1999-11-30,25.873659,26.217808,25.811089,25.967518,21.212851,152200
1999-12-01,26.030090,26.374239,25.873659,26.374239,21.545101,53400
1999-12-02,26.249094,26.405525,25.748516,26.405525,21.570658,117400
1999-12-03,26.342953,26.468098,25.685944,26.030090,21.263964,133100
1999-12-06,26.155235,27.031248,25.779802,25.904945,21.161734,105900
1999-12-07,25.904945,26.530670,25.373081,26.030090,21.263964,137500
1999-12-08,26.030090,26.030090,25.310509,25.341795,20.701696,201800
1999-12-09,25.341795,25.373081,24.590927,24.590927,20.088314,102600
1999-12-10,24.716072,24.716072,23.683628,23.683628,19.347141,112100
1999-12-13,23.683628,24.403210,23.527197,24.027777,19.628275,64600
1999-12-14,24.152922,24.152922,23.777487,24.027777,19.628275,34400
1999-12-15,24.121635,25.529512,24.121635,25.216650,20.599466,129500
1999-12-16,25.154078,25.373081,25.028933,25.216650,20.599466,35100
1999-12-17,25.091505,25.091505,24.465782,24.497068,20.011641,103100
1999-12-20,24.497068,25.122791,24.215492,24.403210,19.934967,32400
1999-12-21,24.278065,24.809931,24.090349,24.434496,19.960526,62400
1999-12-22,24.434496,24.528355,24.059063,24.528355,20.037197,38800
1999-12-23,24.590927,25.279222,24.528355,25.247936,20.625023,58300
1999-12-27,25.279222,25.717230,25.216650,25.216650,20.599466,67600
1999-12-28,25.341795,25.779802,25.279222,25.427832,20.771980,143000
1999-12-29,25.592085,25.998804,25.592085,25.998804,21.238407,51900
1999-12-30,25.998804,26.092663,25.091505,25.091505,20.497234,103800
1999-12-31,25.216650,25.904945,25.028933,25.904945,21.161734,87400
2000-01-03,25.904945,26.030090,25.247936,25.529512,20.855042,149100
2000-01-04,25.404367,25.435654,25.028933,25.028933,20.446119,68400
2000-01-05,25.028933,25.373081,24.872503,25.216650,20.599466,105500
2000-01-06,25.279222,25.279222,24.903790,25.216650,20.599466,172600
2000-01-07,25.216650,25.404367,24.841217,24.966362,20.395006,230900
2000-01-10,24.966362,24.966362,24.215492,24.403210,19.934967,54800
2000-01-11,24.528355,25.247936,24.215492,25.247936,20.625023,87000
2000-01-12,25.060219,25.060219,24.027777,24.059063,19.653835,56400
2000-01-13,24.278065,24.747358,24.278065,24.465782,19.986082,88800
2000-01-14,24.559641,24.903790,24.497068,24.528355,20.037197,59800
2000-01-18,24.590927,25.466940,24.590927,25.216650,20.599466,155700
2000-01-19,25.341795,25.904945,25.341795,25.654657,20.957273,114300
2000-01-20,25.529512,25.654657,24.809931,25.341795,20.701696,160600
2000-01-21,25.028933,25.529512,25.028933,25.404367,20.752813,132500
2000-01-24,25.466940,25.466940,24.997646,24.997646,20.420563,155100
2000-01-25,24.997646,25.279222,24.903790,24.997646,20.420563,183400
2000-01-26,24.997646,25.279222,24.841217,24.966362,20.395006,136600
2000-01-27,24.966362,25.028933,24.059063,24.059063,19.653835,101000
2000-01-28,24.090349,24.653500,23.840059,23.933918,19.551603,80000
2000-01-31,23.933918,23.933918,23.026619,23.089191,18.861547,133400
2000-02-01,23.214336,23.527197,23.151764,23.308195,19.040449,118500
2000-02-02,23.308195,24.090349,23.214336,23.339481,19.066008,177800
2000-02-03,23.464624,23.589769,23.151764,23.276909,19.014893,76800
2000-02-04,23.402052,23.746201,22.776329,23.183050,18.938219,95500
2000-02-07,23.276909,23.589769,22.901474,22.995333,18.784874,34400
2000-02-08,22.838902,22.838902,22.275751,22.275751,18.197048,39600
2000-02-09,22.088034,22.713757,22.088034,22.463469,18.350393,49900
2000-02-10,22.463469,23.339481,22.150606,22.807615,18.631527,66200
2000-02-11,22.807615,23.402052,22.088034,22.213179,18.145931,62700
2000-02-14,22.213179,22.838902,21.806458,22.838902,18.657085,49200
2000-02-15,22.776329,23.527197,22.400896,22.776329,18.605968,126700
2000-02-16,23.402052,23.840059,22.557325,22.588612,18.452623,321200
2000-02-17,22.713757,22.745043,22.369610,22.682470,18.529297,252800
2000-02-18,22.682470,22.713757,22.494755,22.557325,18.427065,122600
2000-02-22,22.901474,23.527197,22.604256,23.183050,18.938219,279800
2000-02-23,23.120478,23.120478,22.682470,22.682470,18.529297,177100
2000-02-24,22.807615,23.902632,22.807615,23.840059,19.474930,190600
2000-02-25,23.714914,23.808773,23.245623,23.589769,19.270468,255300
2000-02-28,23.652342,23.652342,23.276909,23.464624,19.168236,306100
2000-02-29,23.527197,24.278065,22.838902,24.278065,19.832735,288300
2000-03-01,24.403210,25.279222,24.403210,24.465782,19.986082,110300
2000-03-02,24.622213,25.404367,24.559641,25.404367,20.752813,326300
2000-03-03,25.404367,25.466940,24.590927,24.778645,20.241659,227600
2000-03-06,24.778645,25.717230,24.778645,25.341795,20.701696,108300
2000-03-07,25.341795,26.468098,25.216650,26.249094,21.442869,279100
2000-03-08,26.280380,26.780958,25.967518,26.155235,21.366196,159700
2000-03-09,26.155235,26.186522,25.529512,25.936232,21.187292,149900
2000-03-10,25.967518,26.906103,25.967518,26.030090,21.263964,145400
2000-03-13,25.967518,26.593243,25.279222,25.279222,20.650581,63900
2000-03-14,25.028933,25.592085,25.028933,25.341795,20.701696,105400
2000-03-15,25.435654,25.529512,24.778645,24.778645,20.241659,21000
2000-03-16,24.903790,26.843531,24.903790,26.780958,21.877350,92300
2000-03-17,26.593243,26.655813,26.217808,26.405525,21.570658,63000
2000-03-20,26.342953,26.342953,25.028933,25.341795,20.701696,56700
2000-03-21,25.310509,26.155235,25.216650,25.717230,21.008390,32000
2000-03-22,25.842373,27.312824,25.842373,27.312824,22.311829,160200
2000-03-23,27.500540,27.594398,26.843531,27.156393,22.184040,134700
2000-03-24,27.156393,28.595556,27.156393,28.032406,22.899656,155700
2000-03-27,28.157551,29.158707,27.031248,28.282694,23.104116,179200
2000-03-28,29.252565,29.252565,28.282694,28.470411,23.257462,111500
2000-03-29,28.376553,29.659286,28.032406,29.659286,24.228653,144100
2000-03-30,29.659286,31.348740,29.659286,30.785587,25.148727,377000
2000-03-31,30.535299,31.035877,30.097292,30.222437,24.688690,248100
2000-04-03,30.285009,30.785587,29.987791,30.472727,24.893152,49900
2000-04-04,30.597872,30.910732,30.097292,30.535299,24.944267,230000
2000-04-05,30.566586,30.660444,29.440283,30.159864,24.637575,140900
2000-04-06,30.535299,30.816874,30.316296,30.754301,25.123171,82200
2000-04-07,30.910732,31.974463,30.910732,31.536457,25.762112,214600
2000-04-10,31.411312,31.473885,30.785587,31.035877,25.353189,179000
2000-04-11,30.910732,30.910732,29.784431,30.285009,24.739805,79100
2000-04-12,29.909576,30.848160,29.596714,30.285009,24.739805,120300
2000-04-13,30.942019,30.942019,29.784431,30.128578,24.612017,99500
2000-04-14,30.128578,30.128578,29.534142,29.690573,24.254211,193000
2000-04-17,29.534142,29.534142,28.658129,29.471569,24.075306,187400
2000-04-18,29.283852,29.909576,29.283852,29.690573,24.254211,212900
2000-04-19,29.909576,30.034719,29.534142,30.034719,24.535343,39100
2000-04-20,30.034719,30.034719,29.534142,29.972147,24.484228,64400
2000-04-24,29.847004,30.034719,29.784431,30.034719,24.535343,54200
2000-04-25,30.034719,30.128578,28.720701,29.377710,23.998634,84600
2000-04-26,29.502855,29.721859,29.189993,29.659286,24.228653,33200
2000-04-27,29.721859,30.754301,29.721859,30.660444,25.046499,79400
2000-04-28,30.535299,30.785587,30.159864,30.660444,25.046499,44400
2000-05-01,30.660444,30.660444,29.909576,30.285009,24.739805,68600
2000-05-02,29.784431,30.566586,29.721859,29.972147,24.484228,135500
2000-05-03,29.847004,30.097292,29.002277,29.002277,23.691942,54600
2000-05-04,29.033564,30.034719,29.033564,29.847004,24.382000,62700
2000-05-05,29.784431,30.034719,29.753145,30.034719,24.535343,123700
2000-05-08,30.034719,31.380026,30.034719,31.286167,25.557652,140900
2000-05-09,31.411312,31.411312,30.723017,31.035877,25.353189,68200
2000-05-10,30.910732,31.035877,30.034719,30.347582,24.790922,75500
2000-05-11,30.222437,30.973305,30.034719,30.973305,25.302073,239600
2000-05-12,31.286167,31.505171,31.223595,31.505171,25.736555,43500
2000-05-15,31.536457,32.412468,31.536457,32.412468,26.477726,191200
2000-05-16,32.600185,33.288483,32.130894,32.662758,26.682188,279800
2000-05-17,32.662758,33.570057,32.600185,33.570057,27.423359,101500
2000-05-18,33.476200,33.476200,32.537613,32.537613,26.579956,129700
2000-05-19,32.475040,32.475040,31.098450,31.380026,25.634323,65400
2000-05-22,31.442598,31.442598,30.723017,30.973305,25.302073,109900
2000-05-23,30.973305,32.412468,30.973305,32.287323,26.375494,112300
2000-05-24,32.537613,32.850475,31.880604,31.880604,26.043245,186200
2000-05-25,31.880604,32.349895,31.786745,31.849318,26.017689,29100
2000-05-26,31.724173,32.349895,31.724173,31.755459,25.941015,26300
2000-05-30,31.692886,32.318611,31.692886,31.849318,26.017689,39100
2000-05-31,31.849318,32.475040,31.849318,32.099606,26.222149,90900
2000-06-01,32.287323,33.288483,30.723017,31.035877,25.353189,127100
2000-06-02,31.286167,31.974463,30.191151,30.410154,24.842037,107800
2000-06-05,30.723017,30.723017,29.283852,29.346424,23.973076,70800
2000-06-06,29.596714,30.472727,29.596714,30.034719,24.535343,90900
2000-06-07,30.285009,30.410154,29.690573,30.003433,24.509787,95100
2000-06-08,30.003433,30.410154,29.471569,30.097292,24.586460,362400
2000-06-09,30.097292,30.159864,29.909576,29.972147,24.484228,43200
2000-06-12,30.285009,30.910732,30.159864,30.316296,24.765362,94800
2000-06-13,30.191151,30.347582,29.596714,29.909576,24.433113,35100
2000-06-14,29.847004,30.535299,29.847004,30.159864,24.637575,166500
2000-06-15,30.410154,30.504013,30.003433,30.347582,24.790922,69500
2000-06-16,30.363224,31.395668,30.363224,31.348740,25.608767,120200
2000-06-19,31.161022,31.161022,30.316296,30.316296,24.765362,47700
2000-06-20,30.504013,30.691730,30.316296,30.457083,24.880373,42000
2000-06-21,30.457083,31.161022,30.457083,30.738659,25.110392,46100
2000-06-22,30.550941,31.161022,28.908419,29.283852,23.921961,137200
2000-06-23,29.283852,29.330782,28.439125,28.955347,23.653606,158600
2000-06-26,28.908419,29.283852,27.218966,28.345266,23.155231,185200
2000-06-27,28.532984,28.814560,28.110620,28.673773,23.423586,196800
2000-06-28,28.720701,29.189993,28.204479,28.532984,23.308577,59400
2000-06-29,28.345266,29.565428,28.345266,29.283852,23.921961,126300
2000-06-30,29.565428,29.565428,28.720701,29.049206,23.730278,106300
2000-07-03,29.143064,29.659286,29.143064,29.565428,24.151979,32600
2000-07-05,29.377710,29.518497,28.532984,28.720701,23.461924,96800
2000-07-06,29.002277,29.987791,29.002277,29.612356,24.190315,55600
2000-07-07,29.612356,30.597872,29.189993,29.753145,24.305326,64300
2000-07-10,30.363224,30.504013,29.283852,29.893932,24.420334,45400
2000-07-11,30.034719,30.644800,30.034719,30.363224,24.803699,152200
2000-07-12,30.504013,31.161022,30.457083,30.738659,25.110392,121900
2000-07-13,30.691730,30.691730,30.269367,30.504013,24.918711,112400
2000-07-14,30.691730,30.691730,30.410154,30.410154,24.842037,94000
2000-07-17,30.785587,31.161022,29.753145,30.363224,24.803699,177600
2000-07-18,30.222437,30.222437,29.330782,29.518497,24.113644,66200
2000-07-19,29.659286,30.504013,28.626842,30.504013,24.918711,179100
2000-07-20,30.316296,30.504013,29.847004,30.222437,24.688690,67800
2000-07-21,30.034719,30.175508,29.518497,30.175508,24.650354,64500
2000-07-24,29.940861,30.034719,29.518497,29.659286,24.228653,122400
2000-07-25,29.659286,29.940861,29.659286,29.893932,24.420334,178500
2000-07-26,29.847004,29.847004,29.471569,29.518497,24.113644,114800
2000-07-27,29.377710,29.659286,28.908419,29.659286,24.228653,94100
2000-07-28,29.612356,30.081650,29.377710,29.377710,23.998634,32800
2000-07-31,29.330782,29.987791,29.330782,29.940861,24.458672,37300
2000-08-01,29.847004,30.644800,29.659286,30.410154,24.842037,75300
2000-08-02,30.410154,31.536457,30.222437,30.457083,24.880373,40000
2000-08-03,30.644800,30.973305,30.128578,30.175508,24.650354,15500
2000-08-04,30.175508,30.738659,30.175508,30.738659,25.110392,8100
2000-08-07,30.644800,31.348740,30.504013,30.891178,25.234985,34800
2000-08-08,30.879446,30.879446,30.175508,30.457083,24.880373,34000
2000-08-09,31.161022,31.161022,29.283852,30.597872,24.995382,75800
2000-08-10,30.410154,30.504013,29.706215,30.504013,24.918711,60100
2000-08-11,30.504013,30.504013,29.377710,29.893932,24.420334,148000
2000-08-14,29.753145,30.973305,29.659286,30.926376,25.263739,96900
2000-08-15,30.973305,31.911890,30.973305,31.301809,25.570429,199300
2000-08-16,31.114094,32.662758,31.114094,32.521969,26.567177,147100
2000-08-17,32.521969,32.662758,31.911890,32.099606,26.222149,327400
2000-08-18,31.958820,32.005749,31.020235,31.724173,25.915457,142000
2000-08-21,31.161022,31.630314,31.020235,31.630314,25.838783,122400
2000-08-22,31.536457,32.193466,31.489527,32.099606,26.222149,73600
2000-08-23,32.193466,32.803547,32.193466,32.334255,26.413834,76600
2000-08-24,32.381184,32.615829,32.287323,32.287323,26.375494,43300
2000-08-25,32.381184,32.381184,32.193466,32.381184,26.452168,74700
2000-08-28,32.334255,32.850475,32.287323,32.709686,26.720522,66300
2000-08-29,32.662758,32.991264,32.475040,32.991264,26.950544,80600
2000-08-30,33.178982,33.976776,33.178982,33.695202,27.525589,163000
2000-08-31,33.695202,34.727646,33.695202,34.211422,27.947290,297300
2000-09-01,34.164494,34.258354,33.789059,34.258354,27.985628,47900
2000-09-05,34.164494,34.164494,33.507484,34.070637,27.832283,56400
2000-09-06,34.070637,35.103081,33.976776,34.727646,28.368994,49200
2000-09-07,34.915363,35.103081,33.601341,34.352211,28.062300,71000
2000-09-08,34.258354,34.258354,33.413628,33.554413,27.410580,19200
2000-09-11,33.742130,34.586857,33.742130,34.446068,28.138971,37200
2000-09-12,34.446068,34.868431,34.352211,34.821503,28.445663,34000
2000-09-13,34.727646,34.727646,33.976776,34.070637,27.832283,28900
2000-09-14,34.070637,34.727646,34.070637,34.164494,27.908955,46400
2000-09-15,33.976776,35.103081,33.882919,33.882919,27.678936,74100
2000-09-18,33.976776,33.976776,32.944332,33.178982,27.103889,56000
2000-09-19,33.038193,34.258354,32.850475,34.258354,27.985628,112400
2000-09-20,34.258354,34.868431,33.789059,33.789059,27.602262,37000
2000-09-21,33.835991,33.835991,32.756618,32.756618,26.758862,42600
2000-09-22,32.709686,33.742130,32.709686,33.272839,27.180561,16000
2000-09-25,33.272839,33.319767,32.381184,32.381184,26.452168,40100
2000-09-26,32.381184,33.413628,32.381184,32.897404,26.873869,78100
2000-09-27,32.475040,33.178982,32.428112,32.428112,26.490505,28800
2000-09-28,32.850475,33.413628,32.662758,32.944332,26.912205,23100
2000-09-29,32.944332,35.103081,32.850475,35.009220,28.599010,146900
2000-10-02,35.196938,35.290794,34.234886,34.868431,28.484001,51100
2000-10-03,34.774574,35.009220,34.680717,34.962292,28.560675,43000
2000-10-04,34.962292,35.196938,34.352211,35.009220,28.599010,124100
2000-10-05,34.821503,34.821503,33.648273,34.680717,28.330656,61500
2000-10-06,34.680717,34.868431,33.882919,33.929848,27.717272,51300
2000-10-09,33.742130,33.742130,32.568901,33.038193,26.988878,68000
2000-10-10,33.038193,34.352211,32.099606,32.568901,26.605516,103100
2000-10-11,32.756618,33.789059,32.756618,33.225910,27.142227,102800
2000-10-12,33.225910,33.648273,32.850475,32.991264,26.950544,47000
2000-10-13,32.803547,32.850475,32.146538,32.193466,26.298822,52300
2000-10-16,32.381184,32.568901,31.724173,31.911890,26.068804,37000
2000-10-17,31.958820,32.991264,31.818031,31.818031,25.992130,21500
2000-10-18,31.911890,32.099606,31.536457,31.536457,25.762112,50100
2000-10-19,31.630314,32.381184,31.630314,31.911890,26.068804,50600
2000-10-20,32.005749,32.475040,31.161022,31.489527,25.723776,171200
2000-10-23,32.005749,32.005749,30.973305,31.442598,25.685440,79600
2000-10-24,31.630314,31.911890,30.879446,31.677244,25.877121,84800
2000-10-25,31.536457,31.536457,30.926376,31.348740,25.608767,34800
2000-10-26,31.254881,31.818031,31.020235,31.395668,25.647102,78700
2000-10-27,31.489527,31.489527,30.691730,30.785587,25.148727,25600
2000-10-30,30.597872,30.597872,29.189993,29.987791,24.497007,127300
2000-10-31,29.987791,31.442598,29.987791,31.442598,25.685440,65300
2000-11-01,31.442598,32.850475,31.301809,32.850475,26.835533,58300
2000-11-02,32.756618,32.756618,32.334255,32.475040,26.528841,31900
2000-11-03,32.615829,32.615829,31.958820,32.193466,26.298822,16200
2000-11-06,32.287323,32.287323,31.630314,31.818031,25.992130,32000
2000-11-07,31.818031,32.052677,31.442598,31.536457,25.762112,40900
2000-11-08,31.911890,32.052677,31.536457,31.677244,25.877121,48500
2000-11-09,31.630314,31.724173,30.175508,30.832518,25.187065,36000
2000-11-10,30.691730,31.020235,29.706215,29.847004,24.382000,26000
2000-11-13,29.847004,31.864962,29.847004,31.771103,25.953794,62000
2000-11-14,31.911890,33.038193,31.724173,33.038193,26.988878,59400
2000-11-15,32.850475,34.070637,32.615829,33.038193,26.988878,77500
2000-11-16,33.319767,33.601341,32.756618,32.803547,26.797197,22300
2000-11-17,33.319767,33.507484,32.428112,33.319767,27.218897,18500
2000-11-20,33.366695,33.366695,31.958820,32.850475,26.835533,22400
2000-11-21,32.709686,33.413628,32.052677,33.366695,27.257233,20400
2000-11-22,33.038193,33.038193,31.958820,32.615829,26.643850,24000
2000-11-24,32.803547,34.117565,32.803547,33.882919,27.678936,17700
2000-11-27,33.742130,33.742130,32.475040,33.225910,27.142227,56700
2000-11-28,33.413628,33.601341,32.099606,32.193466,26.298822,26500
2000-11-29,32.287323,32.475040,31.442598,32.146538,26.260489,59000
2000-11-30,31.958820,32.099606,31.536457,31.536457,25.762112,65000
2000-12-01,31.724173,32.991264,31.677244,32.334255,26.413834,23100
2000-12-04,32.193466,32.615829,31.536457,31.630314,25.838783,55500
2000-12-05,31.818031,32.568901,31.536457,32.099606,26.222149,60500
2000-12-06,32.099606,32.615829,32.099606,32.193466,26.298822,34900
2000-12-07,32.287323,33.789059,32.287323,33.601341,27.448915,74500
2000-12-08,33.601341,33.742130,32.991264,33.413628,27.295572,91300
2000-12-11,33.695202,34.493000,33.507484,34.399139,28.100636,46500
2000-12-12,34.399139,34.493000,34.070637,34.070637,27.832283,31500
2000-12-13,34.258354,34.493000,33.742130,33.976776,27.755608,40500
2000-12-14,33.789059,34.352211,33.038193,33.507484,27.372244,57600
2000-12-15,33.413628,35.337727,33.413628,35.056149,28.637346,145200
2000-12-18,35.760090,37.824974,35.619301,37.402611,30.554171,366400
2000-12-19,37.261826,38.106552,37.261826,37.684189,30.784193,158200
2000-12-20,37.543400,38.388126,36.276310,38.200409,31.205893,185700
2000-12-21,38.247337,38.341198,37.027180,37.449543,30.592510,277900
2000-12-22,37.261826,38.998207,36.886391,38.857418,31.742601,99400
2000-12-26,38.998207,39.983723,38.716633,39.936790,32.624340,112900
2000-12-27,39.936790,40.124508,39.420570,39.983723,32.662678,134700
2000-12-28,39.796005,40.922306,39.561359,40.546871,33.122715,196800
2000-12-29,40.640732,40.875378,38.481987,39.514427,32.279308,147200
2001-01-02,39.045135,40.922306,39.045135,40.546871,33.122715,149200
2001-01-03,40.546871,40.734589,39.326714,40.359154,32.969368,211900
2001-01-04,40.312225,40.828449,39.326714,39.420570,32.202641,172100
2001-01-05,39.608288,40.359154,39.232853,39.232853,32.049294,86000
2001-01-08,39.232853,39.326714,37.637260,38.857418,31.742601,209400
2001-01-09,39.326714,39.936790,38.059624,39.608288,32.355988,162800
2001-01-10,40.171436,40.171436,39.655216,39.842934,32.547668,55200
2001-01-11,40.124508,40.546871,39.983723,40.359154,32.969368,110300
2001-01-12,40.359154,40.359154,39.514427,39.514427,32.279308,62400
2001-01-16,39.561359,39.608288,38.481987,39.232853,32.049294,104700
2001-01-17,39.232853,39.373642,37.684189,37.731117,30.822527,196800
2001-01-18,37.918835,37.918835,35.290794,36.229382,29.595760,306400
2001-01-19,36.276310,36.464027,36.041664,36.323238,29.672430,225200
2001-01-22,36.276310,36.745602,36.182453,36.745602,30.017460,37300
2001-01-23,36.745602,37.449543,36.604816,37.121037,30.324154,67100
2001-01-24,36.933319,36.933319,36.182453,36.604816,29.902452,45400
2001-01-25,36.604816,36.698673,36.135521,36.370171,29.710772,115100
2001-01-26,36.510956,37.167965,36.088593,36.464027,29.787441,71800
2001-01-29,37.505856,37.505856,36.642357,36.897655,30.141672,90000
2001-01-30,36.717445,36.852600,36.642357,36.717445,29.994459,140200
2001-01-31,36.709938,37.175476,36.296959,36.296959,29.650963,38000
2001-02-01,36.372047,36.867619,36.357029,36.792534,30.055799,140400
2001-02-02,37.468315,37.821220,37.167965,37.205509,30.393158,44100
2001-02-05,37.243053,38.294270,37.243053,37.588451,30.705982,53700
2001-02-06,37.776169,38.279251,37.776169,38.196655,31.202826,26100
2001-02-07,38.196655,39.420570,37.656029,38.894962,31.773272,184900
2001-02-08,38.894962,39.157768,38.294270,38.294270,31.282566,113900
2001-02-09,38.406898,38.812366,37.986412,37.993919,31.037210,26000
2001-02-12,38.181637,38.864929,37.813713,38.827385,31.718067,107900
2001-02-13,38.827385,39.120224,38.301777,38.406898,31.374571,130500
2001-02-14,38.406898,38.857418,38.399391,38.669701,31.589254,110200
2001-02-15,39.045135,39.495659,37.993919,38.286758,31.276430,282100
2001-02-16,38.144096,38.406898,37.355682,37.355682,30.515833,1133100
2001-02-20,37.265579,37.543400,36.424606,37.017792,30.239811,99800
2001-02-21,37.205509,37.355682,36.792534,36.792534,30.055799,34900
2001-02-22,36.980247,37.092880,36.116753,36.379555,29.718437,26900
2001-02-23,36.342010,36.792534,36.049171,36.154293,29.534420,84100
2001-02-26,36.342010,37.122913,36.259415,36.567272,29.871782,56200
2001-02-27,36.709938,37.167965,36.101734,36.101734,29.491486,46100
2001-02-28,36.289452,36.289452,35.853947,35.929035,29.350407,62900
2001-03-01,36.004120,36.409588,36.004120,36.049171,29.448545,50000
2001-03-02,36.342010,36.942707,36.259415,36.642357,29.933119,98300
2001-03-05,36.642357,37.160458,36.642357,36.822567,30.080332,98500
2001-03-06,36.717445,37.047829,36.417099,36.935196,30.172338,133300
2001-03-07,36.980247,37.821220,36.980247,37.610977,30.724382,130500
2001-03-08,37.543400,37.693573,37.280598,37.693573,30.791859,111100
2001-03-09,37.505856,37.731117,37.160458,37.543400,30.669180,93500
2001-03-12,37.400734,37.656029,37.130424,37.130424,30.331823,89500
2001-03-13,37.017792,37.017792,35.778862,36.604816,29.902452,56500
2001-03-14,36.604816,36.800041,35.583633,35.666229,29.135721,109800
2001-03-15,36.041664,36.146786,35.290794,35.516056,29.013044,64100
2001-03-16,35.891491,35.891491,34.314667,34.314667,28.031631,76900
2001-03-19,34.652557,35.853947,34.427299,35.756336,29.209330,185400
2001-03-20,35.756336,35.778862,35.103081,35.283287,28.822897,92700
2001-03-21,35.133114,35.133114,34.547436,34.765190,28.399662,59800
2001-03-22,34.765190,34.765190,33.789059,33.789059,27.602262,151800
2001-03-23,33.939232,34.367229,33.789059,33.886673,27.682003,106600
2001-03-26,33.939232,35.290794,33.638885,35.283287,28.822897,58800
2001-03-27,35.140621,35.440971,34.539928,35.185673,28.743155,88800
2001-03-28,35.185673,35.185673,34.389755,34.389755,28.092970,55500
2001-03-29,34.202038,34.615013,33.413628,33.413628,27.295572,166400
2001-03-30,33.413628,34.164494,33.413628,33.939232,27.724937,154700
2001-04-02,33.864147,34.389755,33.638885,33.796570,27.608398,108900
2001-04-03,33.879166,34.164494,33.713974,33.721481,27.547056,159600
2001-04-04,33.601341,34.164494,33.601341,33.849129,27.651333,49500
2001-04-05,33.856640,34.615013,33.646397,34.524910,28.203377,71800
2001-04-06,34.389755,34.907852,33.638885,34.802731,28.430328,120000
2001-04-09,34.615013,35.733807,34.615013,35.613670,29.092785,44900
2001-04-10,35.478512,36.417099,35.350864,35.891491,29.319736,34200
2001-04-11,35.921524,35.921524,35.290794,35.440971,28.951708,39300
2001-04-12,35.328339,36.334503,35.290794,36.161804,29.540556,28900
2001-04-16,36.041664,36.041664,35.290794,35.290794,28.829029,54800
2001-04-17,35.103081,36.041664,35.020485,35.703773,29.166391,92600
2001-04-18,35.591145,35.591145,33.563801,33.676430,27.510256,107300
2001-04-19,33.789059,33.864147,32.662758,32.963104,26.927540,82500
2001-04-20,32.963104,33.113277,32.287323,32.662758,26.682188,73400
2001-04-23,32.512585,33.796570,32.512585,33.646397,27.485722,64600
2001-04-24,33.789059,33.789059,32.827950,33.413628,27.295572,43900
2001-04-25,33.225910,35.283287,32.775387,35.140621,28.706352,119900
2001-04-26,35.140621,35.628685,34.915363,35.478512,28.982374,139600
2001-04-27,35.478512,35.741318,34.682594,35.290794,28.829029,85200
2001-04-30,34.727646,34.840275,34.156986,34.389755,28.092970,98700
2001-05-01,34.464840,35.065536,34.187019,34.682594,28.332190,111200
2001-05-02,34.675083,34.675083,32.700302,33.113277,27.050217,79300
2001-05-03,33.188366,33.270962,32.700302,32.730335,26.737391,58300
2001-05-04,32.850475,33.939232,32.850475,33.939232,27.724937,72600
2001-05-07,33.976776,34.690102,33.976776,34.194530,27.933493,77900
2001-05-08,34.194530,34.877819,33.931725,34.630032,28.289251,42000
2001-05-09,34.464840,35.012974,34.464840,34.915363,28.522339,32800
2001-05-10,34.802731,35.012974,34.502384,34.765190,28.399662,16600
2001-05-11,34.795223,34.795223,34.104424,34.172005,27.915089,14800
2001-05-14,34.359718,34.870312,34.217056,34.577473,28.246317,65500
2001-05-15,34.577473,34.802731,34.352211,34.697609,28.344456,65800
2001-05-16,34.615013,34.727646,34.314667,34.622524,28.283119,63500
2001-05-17,34.622524,35.403427,34.547436,35.125607,28.694088,137200
2001-05-18,35.125607,36.326996,35.125607,35.598652,29.080517,109900
2001-05-21,35.598652,36.251907,35.561108,36.154293,29.534420,78600
2001-05-22,36.154293,36.792534,35.726299,36.634850,29.926987,85000
2001-05-23,36.634850,36.634850,35.380901,35.440971,28.951708,71500
2001-05-24,35.440971,35.741318,35.020485,35.741318,29.197062,58000
2001-05-25,35.741318,36.379555,35.666229,36.251907,29.614161,54500
2001-05-29,36.064190,36.424606,35.996613,36.079208,29.473083,102400
2001-05-30,36.342010,36.342010,35.538582,35.538582,29.031446,70100
2001-05-31,35.440971,35.816402,35.290794,35.816402,29.258398,74900
2001-06-01,35.628685,35.891491,34.554947,35.440971,28.951708,118900
2001-06-04,35.365883,37.002777,35.365883,36.785023,30.049664,125400
2001-06-05,36.785023,36.792534,36.409588,36.792534,30.055799,57100
2001-06-06,36.717445,36.717445,35.816402,36.552254,29.859514,94400
2001-06-07,36.417099,36.492184,35.778862,35.778862,29.227730,73600
2001-06-08,35.966576,36.041664,35.553600,35.756336,29.209330,47600
2001-06-11,35.831421,36.116753,35.403427,35.440971,28.951708,60500
2001-06-12,35.365883,35.741318,35.290794,35.628685,29.105051,75500
2001-06-13,35.591145,36.004120,35.065536,35.073044,28.651148,54600
2001-06-14,35.223217,35.328339,34.765190,34.840275,28.461000,97400
2001-06-15,34.765190,35.403427,34.389755,35.403427,28.921040,236800
2001-06-18,35.290794,35.298306,34.389755,34.397263,28.099102,37300
2001-06-19,34.502384,34.607506,34.344704,34.427299,28.123640,145200
2001-06-20,34.539928,34.802731,34.202038,34.539928,28.215647,73200
2001-06-21,34.539928,34.539928,33.488712,34.126949,27.878283,117400
2001-06-22,34.202038,34.202038,33.263454,33.413628,27.295572,80900
2001-06-25,33.526257,33.864147,32.925564,33.811584,27.620663,60900
2001-06-26,33.789059,34.907852,33.691448,34.907852,28.516203,45000
2001-06-27,34.907852,34.915363,34.427299,34.705120,28.350590,95900
2001-06-28,34.840275,34.840275,33.488712,34.314667,28.031631,75800
2001-06-29,34.239582,35.478512,33.713974,35.095570,28.669548,110100
2001-07-02,35.666229,36.154293,34.156986,34.164494,27.908955,46100
2001-07-03,34.164494,34.164494,33.713974,33.789059,27.602262,56600
2001-07-05,33.623871,34.337193,33.623871,34.096916,27.853750,49700
2001-07-06,34.014320,34.652557,33.789059,34.202038,27.939625,39600
2001-07-09,34.089409,34.277122,33.759026,33.901691,27.694271,73100
2001-07-10,33.909199,34.096916,33.623871,33.706463,27.534788,58300
2001-07-11,33.713974,33.713974,32.302341,32.850475,26.835533,113900
2001-07-12,32.963104,33.038193,32.302341,32.640232,26.663784,130000
2001-07-13,32.737846,33.113277,32.174694,32.174694,26.283487,137200
2001-07-16,32.399956,32.610199,31.378775,31.386282,25.639435,99100
2001-07-17,31.423826,31.874348,31.168531,31.866838,26.032001,100800
2001-07-18,31.866838,31.866838,30.785587,31.243618,25.522892,69800
2001-07-19,31.311195,32.084591,31.311195,32.024521,26.160812,50200
2001-07-20,31.836803,33.488712,31.686630,33.331032,27.228098,46400
2001-07-23,33.300995,33.901691,33.150822,33.804077,27.614531,49700
2001-07-24,33.826603,33.976776,32.137150,32.662758,26.682188,76100
2001-07-25,32.655251,33.300995,31.911890,33.300995,27.203562,69400
2001-07-26,33.300995,34.111935,32.572655,34.111935,27.866018,71000
2001-07-27,34.111935,34.539928,33.263454,33.849129,27.651333,65300
2001-07-30,33.856640,34.239582,33.789059,34.066883,27.829216,46700
2001-07-31,33.976776,34.239582,33.270962,33.563801,27.418249,50000
2001-08-01,33.563801,34.652557,32.812931,33.338539,27.234234,104200
2001-08-02,33.225910,34.915363,33.128296,34.727646,28.368994,59800
2001-08-03,34.389755,34.952904,33.796570,34.479858,28.166576,61800
2001-08-06,34.292141,34.705120,34.051865,34.059372,27.823080,29100
2001-08-07,34.239582,34.239582,33.225910,33.488712,27.356909,65700
2001-08-08,33.563801,33.563801,32.129642,32.324867,26.406164,44500
2001-08-09,32.324867,32.587673,31.926907,32.324867,26.406164,53600
2001-08-10,32.437496,32.820442,32.339886,32.662758,26.682188,19200
2001-08-13,32.550129,34.277122,32.550129,34.081898,27.841482,74000
2001-08-14,34.014320,35.403427,33.999302,35.403427,28.921040,76300
2001-08-15,35.215710,36.041664,34.412281,36.041664,29.442413,98100
2001-08-16,36.034157,36.034157,34.389755,35.681248,29.147989,55300
2001-08-17,35.868965,36.034157,35.471004,35.801388,29.246132,92900
2001-08-20,35.658722,35.658722,35.065536,35.591145,29.074385,25000
2001-08-21,35.591145,35.591145,35.215710,35.215710,28.767691,47700
2001-08-22,35.223217,35.846439,34.727646,34.915363,28.522339,47700
2001-08-23,34.915363,35.140621,34.014320,34.014320,27.786276,36100
2001-08-24,33.984287,34.727646,33.638885,34.727646,28.368994,50600
2001-08-27,34.615013,35.290794,34.615013,34.772697,28.405796,30200
2001-08-28,34.780205,34.802731,34.239582,34.239582,27.970293,60900
2001-08-29,34.359718,35.290794,33.826603,35.035500,28.620478,97200
2001-08-30,34.915363,34.997959,33.894180,34.089409,27.847618,99900
2001-08-31,34.164494,35.178165,34.164494,34.907852,28.516203,67300
2001-09-04,34.907852,35.140621,34.494877,34.930378,28.534603,57900
2001-09-05,34.907852,34.907852,34.051865,34.352211,28.062300,77900
2001-09-06,34.464840,35.065536,34.239582,34.494877,28.178844,32100
2001-09-07,34.494877,34.727646,33.744007,34.314667,28.031631,28800
2001-09-10,34.164494,34.374737,33.413628,34.164494,27.908955,33600
2001-09-17,34.314667,34.314667,32.227253,32.557636,26.596313,28700
2001-09-18,32.407463,32.797913,30.410154,30.778080,25.142595,38500
2001-09-19,30.973305,31.438843,28.945961,29.283852,23.921961,61600
2001-09-20,29.133678,29.283852,28.548002,28.930944,23.633671,128200
2001-09-21,28.270180,29.073608,27.789625,28.660631,23.412851,68700
2001-09-24,28.795788,29.156204,27.076300,27.586891,22.535713,58300
2001-09-25,27.692013,27.707029,26.843531,26.993704,22.051140,44600
2001-09-26,27.166405,27.166405,26.280380,26.355467,21.529766,43600
2001-09-27,26.355467,26.648306,25.912455,26.505640,21.652441,50800
2001-09-28,26.881075,27.106335,26.580727,26.805988,21.897797,116800
2001-10-01,26.798479,26.926126,25.717230,26.926126,21.995937,125400
2001-10-02,26.798479,27.061283,26.535675,27.053774,22.100212,79200
2001-10-03,26.903601,27.061283,26.205294,26.926126,21.995937,59200
2001-10-04,26.926126,28.067446,26.926126,27.932289,22.817869,212400
2001-10-05,27.924782,28.382811,27.309069,28.150042,22.995752,102000
2001-10-08,28.007376,28.082464,27.406683,27.782116,22.695194,63400
2001-10-09,27.789625,28.683157,27.444225,27.977343,22.854673,23700
2001-10-10,27.939798,30.635414,27.782116,30.635414,25.026051,46400
2001-10-11,30.635414,30.635414,29.096134,29.133678,23.799284,59200
2001-10-12,29.321396,29.471569,28.945961,29.208765,23.860622,49200
2001-10-15,29.058592,29.253817,28.735718,28.923435,23.627537,26600
2001-10-16,29.246309,30.019703,28.960979,29.997177,24.504675,21600
2001-10-17,29.959633,29.989668,28.532984,28.630596,23.388317,67100
2001-10-18,28.818314,29.651777,28.382811,28.623089,23.382183,61100
2001-10-19,28.435371,28.863365,27.789625,28.720701,23.461924,99800
2001-10-22,28.728210,29.479078,28.728210,29.456553,24.063040,18500
2001-10-23,29.321396,30.627907,28.780771,29.066101,23.744080,86600
2001-10-24,29.216274,29.479078,28.638105,28.758245,23.492594,39300
2001-10-25,27.969833,31.010849,27.969833,30.395136,24.829767,74500
2001-10-26,29.659286,31.461369,29.659286,30.365103,24.805235,79600
2001-10-29,31.348740,31.498913,30.485241,30.778080,25.142595,72700
2001-10-30,30.935762,31.198566,29.434025,29.434025,24.044638,33800
2001-10-31,29.621742,29.959633,28.870874,29.764408,24.314526,73600
2001-11-01,29.614235,29.892056,28.908419,29.246309,23.891293,73600
2001-11-02,29.246309,29.246309,28.247654,28.743227,23.480324,47000
2001-11-05,29.396482,29.396482,28.089972,28.825823,23.547798,56400
2001-11-06,28.082464,29.283852,27.992359,28.908419,23.615269,41800
2001-11-07,28.795788,29.358938,28.675650,29.268835,23.909695,47300
2001-11-08,29.268835,29.358938,28.532984,28.645615,23.400585,51300
2001-11-09,28.833332,29.434025,28.833332,29.246309,23.891293,53400
2001-11-12,29.246309,29.419008,28.870874,29.283852,23.921961,60500
2001-11-13,28.833332,30.184895,28.833332,29.997177,24.504675,109600
2001-11-14,30.109806,30.109806,28.885893,29.328905,23.958765,55800
2001-11-15,29.313887,29.313887,27.294052,27.294052,22.296494,129700
2001-11-16,27.782116,27.954815,27.406683,27.661978,22.597054,72700
2001-11-19,27.819660,28.578035,27.444225,28.570528,23.339247,45900
2001-11-20,28.382811,29.584200,28.382811,29.126169,23.793150,43900
2001-11-21,28.938454,29.021048,28.270180,28.630596,23.388317,27200
2001-11-23,28.795788,29.336412,28.683157,29.276344,23.915829,14400
2001-11-26,29.358938,29.358938,27.631943,27.631943,22.572517,46000
2001-11-27,27.669485,28.232637,27.474260,27.977343,22.854673,68500
2001-11-28,27.977343,28.435371,27.782116,28.232637,23.063225,34900
2001-11-29,28.232637,29.171223,27.954815,29.141188,23.805418,35700
2001-11-30,28.683157,29.291361,28.532984,29.276344,23.915829,120900
2001-12-03,29.253817,29.997177,29.043575,29.246309,23.891293,51400
2001-12-04,29.111153,31.911890,28.870874,31.911890,26.068804,157200
2001-12-05,32.475040,33.939232,32.287323,32.880508,26.860067,164700
2001-12-06,32.782898,33.023174,32.317360,32.512585,26.559509,48800
2001-12-07,32.362411,33.338539,31.836803,32.752861,26.755791,90300
2001-12-10,32.662758,32.812931,31.393791,31.393791,25.645569,40800
2001-12-11,31.536457,31.611544,30.447697,30.785587,25.148727,76400
2001-12-12,30.973305,31.063410,30.199911,30.244963,24.707092,43600
2001-12-13,30.335068,31.243618,30.259981,30.778080,25.142595,48500
2001-12-14,30.672958,32.174694,30.259981,32.174694,26.283487,62500
2001-12-17,32.024521,32.475040,31.558983,32.475040,26.528841,47400
2001-12-18,32.475040,33.976776,32.399956,33.976776,27.755608,105600
2001-12-19,33.864147,33.901691,32.888020,33.113277,27.050217,90600
2001-12-20,33.976776,33.976776,32.955597,33.180859,27.105423,41700
2001-12-21,33.563801,33.954250,32.587673,33.954250,27.737206,102600
2001-12-24,33.954250,34.367229,33.954250,34.367229,28.074570,19200
2001-12-26,34.374737,35.478512,34.374737,35.478512,28.982374,66200
2001-12-27,35.365883,35.666229,34.344704,34.682594,28.332190,64800
2001-12-28,35.005466,35.403427,34.539928,34.990448,28.583675,122200
2001-12-31,34.997959,35.178165,34.314667,34.840275,28.461000,69500
2002-01-02,34.727646,34.960415,33.931725,34.960415,28.559141,79200
2002-01-03,34.772697,35.283287,33.068226,34.502384,28.184977,70600
2002-01-04,34.690102,35.358376,34.615013,34.907852,28.516203,68000
2002-01-07,35.027992,35.591145,34.494877,35.486023,28.988510,181000
2002-01-08,35.365883,35.373390,35.065536,35.208202,28.761559,128300
2002-01-09,35.208202,35.283287,34.539928,34.554947,28.227915,106100
2002-01-10,34.389755,34.765190,34.202038,34.419788,28.117504,86600
2002-01-11,34.314667,34.314667,33.338539,33.338539,27.234234,29800
2002-01-14,33.038193,33.150822,31.243618,31.634069,25.841852,123200
2002-01-15,31.611544,32.287323,31.536457,32.272308,26.363230,47800
2002-01-16,32.272308,32.272308,30.958288,31.619051,25.829584,50400
2002-01-17,32.069572,32.099606,31.491404,32.099606,26.222149,59200
2002-01-18,30.785587,32.062065,30.785587,31.236109,25.516758,87000
2002-01-22,31.168531,31.604034,30.109806,30.109806,24.596682,83900
2002-01-23,30.335068,31.874348,30.335068,31.874348,26.038136,86000
2002-01-24,31.686630,32.399956,31.686630,32.272308,26.363230,41300
2002-01-25,32.099606,32.332375,31.521439,32.174694,26.283487,61600
2002-01-28,32.212238,32.212238,31.386282,31.626560,25.835718,23100
2002-01-29,31.799259,31.874348,30.718010,31.085936,25.394081,73400
2002-01-30,31.093445,32.384937,31.010849,32.384937,26.455236,77300
2002-01-31,32.287323,33.188366,31.904381,32.287323,26.375494,125500
2002-02-01,32.287323,32.512585,31.724173,32.062065,26.191481,79600
2002-02-04,31.896873,32.362411,31.010849,31.423826,25.670105,46000
2002-02-05,31.288670,31.799259,31.010849,31.799259,25.976795,39300
2002-02-06,31.649086,32.024521,31.243618,31.686630,25.884789,47300
2002-02-07,31.543964,31.806768,31.010849,31.085936,25.394081,65900
2002-02-08,31.025866,32.001995,31.018356,31.986977,26.130142,54800
2002-02-11,31.986977,32.587673,31.686630,32.587673,26.620850,37200
2002-02-12,32.249783,32.617706,31.799259,31.949434,26.099472,61300
2002-02-13,31.949434,32.512585,31.761717,32.392445,26.461369,33200
2002-02-14,32.392445,33.000648,31.686630,31.986977,26.130142,66800
2002-02-15,32.159676,32.354900,31.836803,32.174694,26.283487,12300
2002-02-19,32.062065,32.437496,31.438843,31.468878,25.706907,42800
2002-02-20,31.536457,31.784243,31.356247,31.686630,25.884789,37200
2002-02-21,31.694138,31.986977,31.161022,31.161022,25.455421,52000
2002-02-22,31.423826,31.859329,30.785587,31.859329,26.025867,115100
2002-02-25,32.024521,32.287323,31.814278,32.062065,26.191481,70000
2002-02-26,31.611544,32.392445,31.461369,32.249783,26.344828,63100
2002-02-27,32.249783,33.278469,32.077080,32.925564,26.896872,51500
2002-02-28,32.925564,33.038193,32.287323,32.655251,26.676054,73300
2002-03-01,32.737846,33.721481,32.212238,33.713974,27.540924,36300
2002-03-04,33.563801,35.103081,33.563801,34.712627,28.356726,57900
2002-03-05,34.652557,35.223217,34.569962,34.727646,28.368994,68400
2002-03-06,34.915363,35.741318,34.802731,35.741318,29.197062,75600
2002-03-07,35.741318,36.229382,35.741318,36.206856,29.577358,63100
2002-03-08,36.229382,36.229382,35.726299,36.221874,29.589626,72800
2002-03-11,36.116753,36.792534,35.883984,36.417099,29.749105,45000
2002-03-12,36.492184,36.792534,36.101734,36.642357,29.933119,44200
2002-03-13,36.567272,36.567272,35.966576,36.041664,29.442413,32500
2002-03-14,36.026646,36.116753,35.666229,36.116753,29.503754,56400
2002-03-15,35.929035,37.318138,35.929035,36.845093,30.098734,48500
2002-03-18,36.980247,37.122913,36.529728,37.092880,30.301149,65300
2002-03-19,37.092880,37.092880,36.694920,37.017792,30.239811,48300
2002-03-20,36.830074,37.130424,36.484676,37.107895,30.313417,79100
2002-03-21,37.017792,37.543400,36.920181,37.543400,30.669180,85600
2002-03-22,37.355682,37.355682,36.259415,36.259415,29.620295,88800
2002-03-25,36.071697,37.025303,35.816402,35.816402,29.258398,37200
2002-03-26,35.816402,36.905163,35.816402,36.679901,29.963789,62000
2002-03-27,36.567272,37.686066,36.567272,37.445786,30.589439,194700
2002-03-28,37.633503,37.633503,36.792534,36.792534,30.055799,92700
2002-04-01,36.957722,37.806206,36.957722,37.393227,30.546505,70900
2002-04-02,37.318138,38.294270,37.318138,38.144096,31.159887,80100
2002-04-03,38.031464,38.819878,37.550907,37.918835,30.975872,189400
2002-04-04,37.918835,38.159111,37.618488,37.723610,30.816395,48700
2002-04-05,37.746136,38.256725,36.867619,36.867619,30.117134,51000
2002-04-08,37.167965,37.656029,36.980247,37.656029,30.761189,170100
2002-04-09,37.468315,37.468315,36.342010,36.522221,29.834980,61800
2002-04-10,36.679901,37.167965,36.679901,37.167965,30.362488,336300
2002-04-11,37.243053,37.580944,37.205509,37.280598,30.454496,159500
2002-04-12,37.273087,37.468315,36.582291,36.935196,30.172338,163000
2002-04-15,36.942707,38.091534,36.942707,37.243053,30.423828,101400
2002-04-16,37.580944,38.091534,37.430771,37.768661,30.853197,125800
2002-04-17,37.723610,37.768661,37.055336,37.055336,30.270481,126300
2002-04-18,37.055336,37.693573,36.837585,36.837585,30.092602,110500
2002-04-19,36.792534,36.890144,36.229382,36.409588,29.742970,189300
2002-04-22,36.567272,36.567272,36.041664,36.417099,29.749105,192800
2002-04-23,36.567272,36.567272,36.379555,36.417099,29.749105,137900
2002-04-24,36.454643,36.702427,35.816402,35.816402,29.258398,42200
2002-04-25,35.816402,36.342010,35.756336,36.176819,29.552820,109600
2002-04-26,36.221874,36.229382,35.403427,35.410934,28.927172,74500
2002-04-29,35.741318,35.891491,35.170658,35.290794,28.829029,80500
2002-04-30,35.290794,36.116753,35.103081,36.116753,29.503754,100100
2002-05-01,35.440971,36.041664,34.922871,35.921524,29.344271,100000
2002-05-02,35.921524,35.921524,35.561108,35.621178,29.098917,54300
2002-05-03,35.808895,36.567272,35.576126,36.342010,29.687767,120900
2002-05-06,36.417099,36.529728,34.922871,35.080555,28.657284,73300
2002-05-07,35.215710,36.026646,35.065536,35.065536,28.645016,46700
2002-05-08,35.253254,36.259415,34.982941,36.109241,29.497618,98500
2002-05-09,36.109241,36.259415,35.891491,36.004120,29.411743,47900
2002-05-10,35.853947,35.853947,34.915363,35.418446,28.933308,63500
2002-05-13,35.553600,36.259415,35.290794,36.101734,29.491486,29200
2002-05-14,35.951561,36.792534,35.951561,36.154293,29.534420,61700
2002-05-15,36.266926,36.800041,36.191837,36.679901,29.963789,134400
2002-05-16,36.229382,36.642357,36.116753,36.266926,29.626431,125100
2002-05-17,36.417099,37.243053,36.266926,37.243053,30.423828,79600
2002-05-20,37.167965,37.333157,35.741318,35.741318,29.197062,98800
2002-05-21,36.116753,36.274433,35.365883,35.365883,28.890368,72200
2002-05-22,35.516056,36.041664,35.260761,35.546093,29.037582,44500
2002-05-23,35.696266,37.250561,35.508549,37.250561,30.429960,53700
2002-05-24,37.318138,37.468315,36.694920,36.694920,29.976057,93600
2002-05-28,36.266926,36.830074,36.266926,36.537235,29.847244,53600
2002-05-29,36.642357,36.845093,35.966576,36.657375,29.945389,41400
2002-05-30,36.664886,36.830074,35.959068,36.379555,29.718437,38200
2002-05-31,36.379555,37.280598,36.379555,36.567272,29.871782,50800
2002-06-03,36.589798,36.589798,35.741318,35.786369,29.233862,54300
2002-06-04,35.741318,36.041664,35.185673,35.598652,29.080517,61300
2002-06-05,35.553600,35.568619,34.539928,35.043011,28.626614,71000
2002-06-06,35.065536,35.478512,34.044353,34.051865,27.816948,114500
2002-06-07,33.976776,35.741318,33.976776,35.455986,28.963974,103100
2002-06-10,35.591145,35.778862,34.667576,34.915363,28.522339,68100
2002-06-11,34.915363,35.140621,34.449825,34.539928,28.215647,62500
2002-06-12,34.577473,35.238235,34.577473,34.900345,28.510071,31500
2002-06-13,34.900345,35.493530,34.637543,34.727646,28.368994,37500
2002-06-14,34.735153,35.478512,34.352211,35.478512,28.982374,28000
2002-06-17,35.666229,35.876472,35.155640,35.801388,29.246132,79700
2002-06-18,35.666229,35.666229,34.840275,34.990448,28.583675,99900
2002-06-19,34.990448,34.990448,33.263454,33.548782,27.405979,192200
2002-06-20,33.789059,34.547436,33.789059,34.547436,28.221779,123600
2002-06-21,34.990448,34.990448,33.939232,34.164494,27.908955,121200
2002-06-24,34.389755,34.765190,34.172005,34.577473,28.246317,54300
2002-06-25,34.577473,35.471004,34.577473,34.735153,28.375126,103400
2002-06-26,34.494877,34.539928,34.202038,34.329685,28.043900,62900
2002-06-27,34.419788,35.245743,34.419788,34.952904,28.553005,72800
2002-06-28,34.952904,35.658722,34.915363,35.553600,29.043715,87900
2002-07-01,35.553600,36.026646,34.937889,34.937889,28.540741,71400
2002-07-02,35.065536,35.703773,34.337193,34.337193,28.050032,82500
2002-07-03,34.389755,34.389755,33.135803,34.164494,27.908955,125800
2002-07-05,34.314667,34.840275,34.314667,34.840275,28.461000,22500
2002-07-08,34.840275,34.907852,34.164494,34.164494,27.908955,38500
2002-07-09,34.164494,34.502384,34.164494,34.164494,27.908955,77000
2002-07-10,34.232071,34.344704,33.864147,33.864147,27.663601,156000
2002-07-11,33.804077,33.804077,32.888020,33.045700,26.995012,92000
2002-07-12,33.045700,33.248436,32.054554,32.445007,26.504307,119100
2002-07-15,32.512585,32.707809,31.453861,31.949434,26.099472,120400
2002-07-16,31.926907,32.354900,31.829294,32.129642,26.246687,73400
2002-07-17,32.197220,33.038193,31.836803,32.077080,26.203747,86900
2002-07-18,32.032028,32.512585,31.806768,31.806768,25.982929,106500
2002-07-19,31.806768,31.806768,30.838148,31.198566,25.486090,209500
2002-07-22,31.273653,31.498913,29.283852,29.696829,24.259321,197800
2002-07-23,29.696829,29.719355,28.442881,28.532984,23.308577,121700
2002-07-24,28.345266,29.283852,28.345266,29.283852,23.921961,312800
2002-07-25,29.133678,30.019703,28.532984,28.773262,23.504860,192400
2002-07-26,28.923435,29.696829,28.923435,29.696829,24.259321,116300
2002-07-29,29.847004,31.161022,29.847004,30.718010,25.093523,144500
2002-07-30,30.718010,31.296179,29.756899,30.635414,25.026051,93100
2002-07-31,30.612888,30.920744,29.696829,29.824476,24.363596,98600
2002-08-01,29.847004,30.109806,29.058592,29.058592,23.737946,73700
2002-08-02,29.396482,29.546656,28.157551,28.382811,23.185900,105000
2002-08-05,28.307724,28.532984,27.819660,27.864712,22.762667,63100
2002-08-06,28.052429,29.276344,28.052429,29.141188,23.805418,51800
2002-08-07,29.246309,29.426517,28.442881,29.336412,23.964897,85600
2002-08-08,29.208765,30.094790,29.208765,29.959633,24.474007,102800
2002-08-09,29.584200,30.582853,29.501604,30.560328,24.964712,115400
2002-08-12,30.560328,31.221092,30.004686,30.958288,25.289806,125400
2002-08-13,30.635414,30.950779,29.809460,29.824476,24.363596,68700
2002-08-14,29.929598,30.597872,29.411499,30.522785,24.934044,67500
2002-08-15,30.034719,31.461369,30.034719,31.461369,25.700773,75600
2002-08-16,31.161022,31.731682,30.823132,31.153513,25.449286,73400
2002-08-19,31.010849,31.776733,30.830641,31.498913,25.731443,88600
2002-08-20,31.528948,31.528948,30.342575,30.455206,24.878838,70000
2002-08-21,30.635414,30.965796,30.274998,30.672958,25.056721,70300
2002-08-22,30.335068,30.770571,29.584200,30.477732,24.897242,161600
2002-08-23,30.335068,30.560328,29.786934,29.884546,24.412666,86500
2002-08-26,29.997177,30.830641,29.847004,30.830641,25.185532,68500
2002-08-27,30.447697,30.515276,29.771915,29.771915,24.320660,71800
2002-08-28,29.734373,29.771915,29.358938,29.584200,24.167315,74200
2002-08-29,29.208765,29.321396,28.840839,28.885893,23.596869,120900
2002-08-30,28.908419,29.584200,28.893400,29.584200,24.167315,89300
2002-09-03,29.434025,29.434025,28.495441,28.495441,23.277908,83800
2002-09-04,28.608070,29.231291,28.270180,29.208765,23.860622,55600
2002-09-05,29.186239,29.186239,28.345266,28.457897,23.247238,61100
2002-09-06,28.645615,29.974651,28.645615,29.967142,24.480141,73600
2002-09-09,29.959633,29.959633,29.171223,29.689322,24.253189,83400
2002-09-10,29.809460,30.485241,29.734373,30.214928,24.682556,168100
2002-09-11,29.546656,30.410154,29.546656,29.546656,24.136644,55700
2002-09-12,29.696829,29.734373,28.908419,28.915926,23.621403,39800
2002-09-13,28.765753,29.283852,28.540493,29.283852,23.921961,94600
2002-09-16,29.283852,29.591707,28.690666,28.983505,23.676609,56900
2002-09-17,28.795788,28.953470,28.570528,28.570528,23.339247,37200
2002-09-18,28.570528,29.021048,28.570528,28.728210,23.468058,63400
2002-09-19,28.615580,28.991014,28.420355,28.457897,23.247238,62600
2002-09-20,28.908419,28.908419,28.457897,28.540493,23.314711,116700
2002-09-23,28.548002,29.073608,28.548002,28.728210,23.468058,81400
2002-09-24,28.638105,28.945961,28.593054,28.683157,23.431253,94000
2002-09-25,28.645615,29.584200,28.645615,29.058592,23.737946,74900
2002-09-26,29.208765,31.018356,29.208765,31.018356,25.338877,48800
2002-09-27,31.025866,31.273653,30.575346,30.605379,25.001516,80200
2002-09-30,30.417664,30.928253,29.967142,30.778080,25.142595,100500
2002-10-01,30.778080,31.911890,30.778080,31.911890,26.068804,53800
2002-10-02,31.348740,31.911890,31.138496,31.146006,25.443151,64100
2002-10-03,30.973305,31.386282,30.229946,30.237455,24.700958,83400
2002-10-04,30.335068,30.958288,30.335068,30.635414,25.026051,51800
2002-10-07,30.635414,30.958288,29.516621,29.524130,24.118244,53200
2002-10-08,29.524130,30.259981,29.434025,29.509113,24.105978,81200
2002-10-09,29.546656,29.546656,28.345266,28.345266,23.155231,111400
2002-10-10,28.345266,29.516621,28.345266,29.306377,23.940361,73300
2002-10-11,29.313887,30.072264,29.313887,29.471569,24.075306,54300
2002-10-14,29.471569,30.530293,29.471569,30.530293,24.940178,34500
2002-10-15,30.785587,32.099606,30.785587,32.099606,26.222149,81500
2002-10-16,32.099606,32.099606,30.808115,31.213583,25.498358,59700
2002-10-17,31.611544,31.986977,31.386282,31.986977,26.130142,29300
2002-10-18,32.137150,32.137150,31.558983,31.611544,25.823450,83200
2002-10-21,31.573999,31.829294,31.198566,31.754208,25.939993,24100
2002-10-22,31.536457,31.536457,30.785587,30.785587,25.148727,56500
2002-10-23,30.763062,31.461369,30.605379,31.461369,25.700773,73200
2002-10-24,31.521439,31.521439,30.770571,30.973305,25.302073,38900
2002-10-25,30.860676,31.018356,30.259981,30.455206,24.878838,80300
2002-10-28,30.372610,30.432680,29.862020,29.869530,24.400400,104600
2002-10-29,29.862020,29.997177,29.238800,29.997177,24.504675,71000
2002-10-30,29.809460,30.522785,29.809460,30.522785,24.934044,141500
2002-10-31,30.372610,30.860676,30.327559,30.860676,25.210066,147700
2002-11-01,30.597872,32.024521,30.597872,32.024521,26.160812,116500
2002-11-04,32.024521,32.024521,31.191057,31.476387,25.713041,94500
2002-11-05,31.363756,31.611544,31.348740,31.528948,25.755978,87200
2002-11-06,31.423826,32.167187,31.356247,31.836803,26.007465,127100
2002-11-07,31.671612,31.806768,31.498913,31.626560,25.835718,107500
2002-11-08,31.701647,31.866838,31.356247,31.401300,25.651703,43700
2002-11-11,31.461369,31.836803,31.040884,31.108461,25.412483,60500
2002-11-12,30.980814,31.063410,30.132334,30.259981,24.719360,123000
2002-11-13,30.109806,30.680466,30.087280,30.335068,24.780699,94100
2002-11-14,30.410154,30.935762,30.410154,30.710501,25.087389,47600
2002-11-15,30.612888,30.785587,30.560328,30.560328,24.964712,25200
2002-11-18,30.582853,30.755554,30.124825,30.545311,24.952446,71300
2002-11-19,30.522785,31.386282,30.259981,30.545311,24.952446,248900
2002-11-20,30.522785,31.168531,30.425171,31.168531,25.461555,52300
2002-11-21,31.191057,31.754208,30.898218,31.611544,25.823450,43500
2002-11-22,31.348740,31.378775,31.010849,31.018356,25.338877,44600
2002-11-25,31.093445,31.221092,30.560328,30.785587,25.148727,59600
2002-11-26,30.259981,30.853167,29.929598,30.672958,25.056721,77400
2002-11-27,30.687975,31.724173,30.687975,31.536457,25.762112,96300
2002-11-29,30.973305,31.528948,30.965796,31.236109,25.516758,37700
2002-12-02,31.258635,32.429989,30.785587,31.558983,25.780514,242500
2002-12-03,31.536457,32.700302,31.536457,32.362411,26.436834,86300
2002-12-04,32.362411,32.565144,31.949434,32.384937,26.455236,98100
2002-12-05,32.362411,32.662758,32.114624,32.272308,26.363230,65900
2002-12-06,32.137150,32.775387,31.986977,32.625214,26.651516,69600
2002-12-09,32.550129,32.550129,31.919399,31.934416,26.087204,50900
2002-12-10,32.062065,32.287323,31.964451,32.122131,26.240549,69400
2002-12-11,32.024521,32.242271,31.836803,32.017014,26.154680,23400
2002-12-12,32.137150,32.610199,31.949434,32.362411,26.436834,58300
2002-12-13,32.475040,32.797913,32.137150,32.212238,26.314157,31200
2002-12-16,32.272308,32.625214,32.107117,32.625214,26.651516,56000
2002-12-17,32.475040,32.512585,32.137150,32.242271,26.338692,89500
2002-12-18,32.249783,32.249783,31.911890,31.956942,26.105606,50900
2002-12-19,32.062065,32.077080,31.874348,32.024521,26.160812,143000
2002-12-20,32.174694,32.384937,31.911890,32.294834,26.381630,94400
2002-12-23,32.287323,32.557636,32.114624,32.249783,26.344828,52500
2002-12-24,32.249783,32.640232,32.212238,32.625214,26.651516,31200
2002-12-26,32.490059,32.948090,32.490059,32.910545,26.884604,85200
2002-12-27,32.888020,32.888020,32.174694,32.182201,26.289619,57100
2002-12-30,32.257290,32.610199,32.257290,32.587673,26.620850,45100
2002-12-31,32.610199,33.413628,32.249783,33.413628,27.295572,113500
2003-01-02,33.451168,33.668922,33.113277,33.188366,27.111555,122400
2003-01-03,33.188366,33.248436,32.895527,33.113277,27.050217,38200
2003-01-06,33.225910,33.225910,32.767879,33.038193,26.988878,134300
2003-01-07,33.038193,33.038193,32.399956,32.475040,26.528841,128800
2003-01-08,32.475040,32.475040,32.099606,32.114624,26.234417,68000
2003-01-09,32.167187,32.647739,32.167187,32.212238,26.314157,60600
2003-01-10,32.399956,32.505077,31.739191,31.919399,26.074938,111700
2003-01-13,31.919399,31.919399,31.408808,31.536457,25.762112,90700
2003-01-14,31.536457,31.536457,31.281160,31.348740,25.608767,104500
2003-01-15,31.348740,31.348740,31.115971,31.311195,25.578096,93400
2003-01-16,31.311195,32.272308,31.108461,31.799259,25.976795,370800
2003-01-17,31.754208,31.754208,31.401300,31.536457,25.762112,179600
2003-01-21,31.536457,31.536457,30.815622,30.815622,25.173264,100000
2003-01-22,30.785587,30.785587,29.809460,30.259981,24.719360,130000
2003-01-23,30.387629,30.387629,30.034719,30.222437,24.688690,137100
2003-01-24,30.034719,30.147350,29.659286,30.034719,24.535343,137100
2003-01-27,30.034719,30.079773,29.494095,29.531639,24.124378,73400
2003-01-28,29.614235,29.809460,29.283852,29.531639,24.124378,65400
2003-01-29,29.509113,29.734373,29.006031,29.659286,24.228653,69800
2003-01-30,29.659286,29.899565,29.434025,29.704338,24.265455,195000
2003-01-31,29.711847,30.019703,29.554165,29.831985,24.369730,148400
2003-02-03,29.824476,30.034719,29.524130,30.034719,24.535343,148000
2003-02-04,29.959633,30.019703,29.681812,29.997177,24.504675,159100
2003-02-05,30.004686,30.184895,29.546656,29.696829,24.259321,117500
2003-02-06,29.771915,29.892056,29.411499,29.726864,24.283857,177400
2003-02-07,29.877037,29.877037,29.238800,29.358938,23.983299,85300
2003-02-10,29.396482,29.644268,29.223783,29.599216,24.179581,142400
2003-02-11,29.599216,29.636761,29.066101,29.396482,24.013969,75800
2003-02-12,29.411499,29.411499,28.578035,28.638105,23.394451,163700
2003-02-13,28.638105,28.848349,28.172567,28.803297,23.529396,126200
2003-02-14,28.810804,29.276344,28.608070,28.803297,23.529396,98200
2003-02-18,28.953470,29.298870,28.570528,29.201256,23.854486,86000
2003-02-19,29.208765,29.208765,28.255163,28.532984,23.308577,142400
2003-02-20,28.532984,28.585545,28.277689,28.427862,23.222704,115100
2003-02-21,28.435371,28.908419,28.270180,28.908419,23.615269,155900
2003-02-24,28.908419,29.419008,28.630596,29.253817,23.897425,155200
2003-02-25,29.261326,29.434025,29.096134,29.171223,23.829954,287300
2003-02-26,29.171223,29.321396,29.006031,29.268835,23.909695,223200
2003-02-27,29.283852,29.283852,28.540493,28.758245,23.492594,206400
2003-02-28,28.870874,29.096134,27.977343,28.044920,22.909878,502700
2003-03-03,28.082464,28.330250,27.819660,27.969833,22.848539,298800
2003-03-04,28.082464,28.420355,27.819660,28.307724,23.124563,208700
2003-03-05,28.044920,28.104990,27.534330,27.827168,22.731997,244300
2003-03-06,27.782116,27.782116,27.361629,27.631943,22.572517,231900
2003-03-07,27.481770,27.616924,27.286543,27.519312,22.480509,133900
2003-03-10,27.481770,27.481770,26.580727,26.685848,21.799654,230100
2003-03-11,26.655813,27.031248,26.528166,26.565710,21.701511,174500
2003-03-12,26.558201,26.558201,26.092663,26.092663,21.315081,182200
2003-03-13,26.100172,26.453079,25.859894,26.340450,21.517498,181800
2003-03-14,26.393011,26.730902,26.092663,26.190275,21.394819,238900
2003-03-17,26.062628,26.580727,25.732246,26.257854,21.450026,229800
2003-03-18,26.265364,26.423044,26.085154,26.377993,21.548166,246100
2003-03-19,26.415537,26.415537,25.942490,26.130207,21.345751,349200
2003-03-20,26.182768,26.963671,26.017576,26.798479,21.891663,360700
2003-03-21,26.738409,26.738409,26.325432,26.468098,21.621773,239300
2003-03-24,26.468098,26.505640,26.295397,26.377993,21.548166,206400
2003-03-25,26.430553,26.700867,26.370483,26.505640,21.652441,163000
2003-03-26,26.430553,26.760935,26.070137,26.130207,21.345751,250400
2003-03-27,26.107681,26.640797,25.957506,26.640797,21.762852,111100
2003-03-28,26.505640,26.903601,26.438063,26.790970,21.885527,114000
2003-03-31,26.565710,26.565710,26.047611,26.280380,21.468426,129100
2003-04-01,26.317923,26.753428,26.055120,26.753428,21.854858,91400
2003-04-02,26.851040,26.851040,26.280380,26.393011,21.560434,105700
2003-04-03,26.430553,26.430553,25.597090,25.717230,21.008390,128800
2003-04-04,25.717230,26.190275,25.657160,25.859894,21.124931,167000
2003-04-07,26.122698,26.377993,25.567055,25.679686,20.977720,97400
2003-04-08,25.754772,25.867403,25.484461,25.491968,20.824373,126500
2003-04-09,25.454426,26.160242,25.454426,26.130207,21.345751,177300
2003-04-10,26.092663,26.603252,26.062628,26.317923,21.499094,175700
2003-04-11,26.317923,26.317923,25.567055,25.732246,21.020657,152700
2003-04-14,25.604599,25.980032,25.604599,25.904945,21.161734,143100
2003-04-15,25.980032,26.280380,25.784807,25.829859,21.100397,135000
2003-04-16,26.017576,26.205294,25.717230,25.784807,21.063593,163300
2003-04-17,25.972525,26.062628,25.754772,25.807333,21.081995,220400
2003-04-21,25.859894,25.859894,25.379339,25.649651,20.953184,158700
2003-04-22,25.604599,26.017576,25.446917,25.919964,21.174002,119100
2003-04-23,25.980032,26.393011,25.980032,26.130207,21.345751,165100
2003-04-24,26.205294,26.483114,26.205294,26.280380,21.468426,155100
2003-04-25,26.242836,26.580727,26.205294,26.280380,21.468426,132700
2003-04-28,26.468098,27.031248,26.370483,26.881075,21.959133,142600
2003-04-29,26.881075,27.256508,26.655813,26.745918,21.848724,152300
2003-04-30,26.753428,27.256508,26.543184,26.896091,21.971401,126700
2003-05-01,26.971178,26.971178,26.362976,26.483114,21.634039,123100
2003-05-02,26.468098,27.354122,26.468098,27.166405,22.192219,107900
2003-05-05,27.106335,27.474260,27.031248,27.399174,22.382368,81200
2003-05-06,27.331594,28.420355,27.331594,28.157551,23.001886,218200
2003-05-07,28.157551,28.532984,28.052429,28.457897,23.247238,146000
2003-05-08,28.382811,28.382811,28.082464,28.157551,23.001886,128800
2003-05-09,28.157551,28.818314,28.157551,28.818314,23.541664,127300
2003-05-12,28.758245,28.803297,28.570528,28.630596,23.388317,184100
2003-05-13,28.645615,28.983505,28.487932,28.983505,23.676609,150000
2003-05-14,28.758245,28.908419,28.645615,28.653124,23.406719,197400
2003-05-15,28.908419,29.253817,28.870874,29.028557,23.713409,146200
2003-05-16,28.908419,28.930944,28.532984,28.532984,23.308577,213200
2003-05-19,28.495441,28.570528,27.857203,27.857203,22.756533,163700
2003-05-20,27.887238,28.232637,27.887238,27.992359,22.866940,107800
2003-05-21,27.992359,28.780771,27.992359,28.780771,23.510994,96800
2003-05-22,28.758245,28.765753,28.495441,28.585545,23.351515,82800
2003-05-23,28.532984,28.855858,28.442881,28.690666,23.437389,79800
2003-05-27,28.698175,29.298870,28.285198,29.201256,23.854486,104300
2003-05-28,29.201256,29.201256,28.720701,28.878384,23.590734,139900
2003-05-29,28.878384,28.975996,28.585545,28.833332,23.553932,151000
2003-05-30,28.908419,29.276344,28.870874,29.276344,23.915829,115200
2003-06-02,29.276344,29.373957,29.051083,29.088627,23.762480,127200
2003-06-03,29.021048,29.201256,28.758245,29.186239,23.842220,96400
2003-06-04,29.133678,29.531639,28.953470,29.351431,23.977165,92700
2003-06-05,29.298870,29.704338,29.088627,29.486586,24.087572,78700
2003-06-06,29.584200,29.674303,29.396482,29.411499,24.026236,165300
2003-06-09,29.358938,29.358938,28.773262,28.803297,23.529396,95300
2003-06-10,28.953470,29.163713,28.870874,28.983505,23.676609,51300
2003-06-11,28.983505,29.546656,28.833332,29.546656,24.136644,333500
2003-06-12,29.584200,29.719355,29.058592,29.321396,23.952631,125900
2003-06-13,29.351431,29.358938,28.983505,29.253817,23.897425,98300
2003-06-16,29.261326,29.268835,28.870874,29.021048,23.707275,180200
2003-06-17,29.096134,29.186239,28.645615,28.675650,23.425119,92600
2003-06-18,28.608070,28.833332,28.532984,28.795788,23.523260,108400
2003-06-19,28.683157,28.930944,28.638105,28.833332,23.553932,77200
2003-06-20,28.983505,29.223783,28.795788,28.818314,23.541664,152700
2003-06-23,28.758245,28.870874,27.932289,27.932289,22.817869,250300
2003-06-24,28.007376,28.112497,27.782116,27.932289,22.817869,95100
2003-06-25,27.857203,27.992359,27.594398,27.917273,22.805603,160500
2003-06-26,27.857203,27.887238,27.564363,27.676994,22.609320,228700
2003-06-27,27.669485,28.044920,27.256508,27.459244,22.431440,73400
2003-06-30,27.466751,27.616924,27.106335,27.399174,22.382368,99500
2003-07-01,27.369139,27.624434,27.256508,27.556856,22.511179,141200
2003-07-02,27.631943,28.525475,27.631943,28.510458,23.290174,148500
2003-07-03,28.435371,28.502949,27.759590,27.789625,22.701328,63400
2003-07-07,27.827168,28.007376,27.106335,27.496786,22.462109,160000
2003-07-08,27.496786,27.887238,27.444225,27.759590,22.676792,97100
2003-07-09,27.744574,27.969833,27.594398,27.969833,22.848539,106900
2003-07-10,27.932289,28.037411,27.068792,27.068792,22.112480,94900
2003-07-11,27.076300,27.354122,27.076300,27.354122,22.345566,83400
2003-07-14,27.406683,27.729555,27.256508,27.331594,22.327164,59900
2003-07-15,27.369139,27.444225,27.038757,27.113844,22.149282,75800
2003-07-16,27.181421,27.406683,27.083809,27.181421,22.204487,45800
2003-07-17,27.218966,27.579382,27.068792,27.188931,22.210621,85300
2003-07-18,27.294052,28.345266,27.294052,28.157551,23.001886,106700
2003-07-21,28.082464,28.082464,27.481770,27.549347,22.505045,72800
2003-07-22,27.579382,27.579382,26.205294,26.775953,21.873260,273000
2003-07-23,26.805988,26.805988,26.430553,26.693357,21.805788,62600
2003-07-24,26.783463,27.774607,26.783463,27.158895,22.186085,125100
2003-07-25,27.158895,27.669485,27.128860,27.354122,22.345566,54300
2003-07-28,27.429209,27.541838,27.256508,27.534330,22.492777,69300
2003-07-29,27.556856,27.639452,26.993704,27.061283,22.106346,55300
2003-07-30,27.106335,27.211456,26.836023,26.956161,22.020472,52500
2003-07-31,27.031248,27.722046,26.993704,27.181421,22.204487,52000
2003-08-01,27.218966,27.309069,26.926126,26.993704,22.051140,93800
2003-08-04,27.707029,27.707029,27.121353,27.218966,22.235157,162900
2003-08-05,27.226473,27.609417,27.226473,27.324087,22.321032,108800
2003-08-06,27.324087,27.692013,27.256508,27.639452,22.578651,81100
2003-08-07,27.639452,27.894747,27.331594,27.894747,22.787203,108700
2003-08-08,27.969833,27.969833,27.526821,27.932289,22.817869,46300
2003-08-11,27.932289,28.187584,27.872221,28.187584,23.026421,79200
2003-08-12,28.195093,28.675650,28.195093,28.563019,23.333113,42700
2003-08-13,28.375301,28.960979,28.375301,28.570528,23.339247,35700
2003-08-14,28.532984,28.690666,28.300215,28.502949,23.284040,43900
2003-08-15,28.570528,29.096134,28.570528,28.893400,23.603001,12700
2003-08-18,28.923435,29.464060,28.705685,28.930944,23.633671,63600
2003-08-19,28.930944,29.719355,28.930944,29.434025,24.044638,107500
2003-08-20,29.471569,29.561674,29.403992,29.494095,24.093708,100100
2003-08-21,29.501604,29.599216,29.396482,29.494095,24.093708,71500
2003-08-22,29.509113,29.509113,28.803297,28.848349,23.566198,123900
2003-08-25,28.870874,29.291361,28.870874,29.291361,23.928095,81800
2003-08-26,29.261326,29.434025,28.833332,29.223783,23.872890,75800
2003-08-27,29.231291,29.824476,29.096134,29.096134,23.768616,99100
2003-08-28,29.171223,30.290016,28.908419,29.764408,24.314526,86100
2003-08-29,29.734373,29.847004,29.524130,29.524130,24.118244,47800
2003-09-02,29.531639,29.854511,29.246309,29.809460,24.351330,245300
2003-09-03,29.831985,30.372610,29.831985,30.034719,24.535343,216100
2003-09-04,30.042229,30.244963,29.666796,29.809460,24.351330,141100
2003-09-05,29.847004,30.072264,29.501604,29.569181,24.155046,85800
2003-09-08,29.569181,30.109806,29.569181,29.659286,24.228653,75100
2003-09-09,29.696829,29.696829,29.358938,29.516621,24.112110,146700
2003-09-10,29.471569,29.471569,28.998522,28.998522,23.688875,54500
2003-09-11,29.058592,29.208765,28.938454,28.938454,23.639805,67100
2003-09-12,28.908419,29.088627,28.735718,29.036066,23.719545,131800
2003-09-15,29.058592,29.321396,28.863365,28.915926,23.621403,87200
2003-09-16,28.915926,29.388973,28.885893,29.388973,24.007835,38400
2003-09-17,29.358938,29.358938,28.683157,28.923435,23.627537,100900
2003-09-18,28.923435,28.983505,28.833332,28.923435,23.627537,38500
2003-09-19,28.908419,28.983505,28.608070,28.675650,23.425119,141300
2003-09-22,28.675650,28.743227,28.345266,28.457897,23.247238,82000
2003-09-23,28.435371,28.848349,28.420355,28.848349,23.566198,41700
2003-09-24,28.945961,29.096134,28.532984,28.563019,23.333113,61300
2003-09-25,28.532984,28.638105,28.082464,28.120007,22.971216,73600
2003-09-26,28.097481,28.097481,27.414190,27.414190,22.394634,128200
2003-09-29,27.391665,27.624434,27.181421,27.294052,22.296494,193300
2003-09-30,27.143879,27.549347,27.016232,27.158895,22.186085,294200
2003-10-01,26.971178,27.737064,26.730902,27.737064,22.658392,323400
2003-10-02,27.737064,28.563019,27.737064,28.457897,23.247238,69500
2003-10-03,28.405336,28.930944,28.405336,28.908419,23.615269,49600
2003-10-06,28.758245,29.186239,28.615580,28.945961,23.645937,62200
2003-10-07,28.870874,29.208765,28.645615,28.998522,23.688875,48100
2003-10-08,29.043575,29.043575,28.720701,28.780771,23.510994,55500
2003-10-09,28.705685,28.855858,28.532984,28.593054,23.357649,63600
2003-10-10,28.593054,28.810804,28.457897,28.683157,23.431253,33800
2003-10-13,28.608070,29.509113,28.608070,29.396482,24.013969,91400
2003-10-14,29.411499,29.937107,29.343922,29.937107,24.455605,84600
2003-10-15,29.937107,29.937107,29.358938,29.366447,23.989433,103600
2003-10-16,29.366447,29.501604,29.261326,29.343922,23.971031,89000
2003-10-17,29.396482,29.396482,28.810804,28.810804,23.535530,74600
2003-10-20,28.810804,29.208765,28.638105,29.133678,23.799284,67100
2003-10-21,29.118662,29.411499,28.953470,29.351431,23.977165,46500
2003-10-22,29.283852,29.283852,28.728210,28.893400,23.603001,57500
2003-10-23,28.870874,28.975996,28.608070,28.848349,23.566198,72400
2003-10-24,28.758245,28.758245,28.007376,28.653124,23.406719,67100
2003-10-27,28.683157,28.863365,28.555510,28.818314,23.541664,35400
2003-10-28,28.855858,29.126169,28.442881,29.126169,23.793150,56100
2003-10-29,29.058592,29.133678,28.645615,28.930944,23.633671,49600
2003-10-30,28.983505,29.058592,28.532984,28.570528,23.339247,54600
2003-10-31,28.608070,28.825823,28.540493,28.773262,23.504860,48500
2003-11-03,28.735718,28.983505,28.593054,28.690666,23.437389,103800
2003-11-04,28.690666,28.840839,28.555510,28.593054,23.357649,51400
2003-11-05,28.563019,28.795788,28.457897,28.758245,23.492594,104200
2003-11-06,28.833332,29.419008,28.795788,29.419008,24.032370,67600
2003-11-07,29.456553,29.584200,29.283852,29.291361,23.928095,53900
2003-11-10,29.313887,29.546656,29.231291,29.531639,24.124378,89800
2003-11-11,29.471569,29.479078,29.186239,29.298870,23.934229,81500
2003-11-12,29.283852,29.696829,29.283852,29.696829,24.259321,96000
2003-11-13,29.659286,29.877037,29.471569,29.606726,24.185717,62900
2003-11-14,29.644268,29.801950,29.554165,29.599216,24.179581,75400
2003-11-17,29.546656,29.546656,28.945961,29.058592,23.737946,98700
2003-11-18,29.021048,29.201256,28.487932,28.615580,23.376049,107800
2003-11-19,28.532984,29.231291,28.397827,28.998522,23.688875,98300
2003-11-20,28.945961,28.983505,28.638105,28.870874,23.584600,150400
2003-11-21,28.885893,28.885893,28.645615,28.720701,23.461924,175400
2003-11-24,28.608070,29.208765,28.608070,28.795788,23.523260,88000
2003-11-25,28.833332,28.968487,28.720701,28.870874,23.584600,59700
2003-11-26,28.893400,28.960979,28.623089,28.885893,23.596869,44600
2003-11-28,28.870874,28.900909,28.638105,28.638105,23.394451,24800
2003-12-01,28.570528,29.043575,28.457897,28.945961,23.645937,112300
2003-12-02,29.058592,29.178730,29.013540,29.171223,23.829954,141100
2003-12-03,29.208765,29.321396,28.705685,28.705685,23.449657,106700
2003-12-04,28.758245,29.373957,28.668140,29.088627,23.762480,142000
2003-12-05,29.163713,29.959633,29.163713,29.959633,24.474007,86300
2003-12-08,29.884546,30.034719,29.726864,29.974651,24.486275,109300
2003-12-09,29.997177,30.177385,29.869530,29.877037,24.406532,159200
2003-12-10,29.809460,30.432680,29.726864,30.102299,24.590549,70300
2003-12-11,30.132334,30.575346,30.132334,30.545311,24.952446,87500
2003-12-12,30.485241,30.785587,30.372610,30.785587,25.148727,73100
2003-12-15,30.785587,30.868183,30.034719,30.034719,24.535343,58900
2003-12-16,30.072264,30.530293,29.997177,30.530293,24.940178,64000
2003-12-17,30.485241,30.522785,29.997177,30.432680,24.860437,122400
2003-12-18,30.372610,30.965796,30.290016,30.868183,25.216202,80500
2003-12-19,30.868183,30.868183,30.372610,30.425171,24.854303,98600
2003-12-22,30.447697,30.590363,30.184895,30.590363,24.989248,84200
2003-12-23,30.447697,31.153513,30.447697,31.153513,25.449286,60600
2003-12-24,31.123478,31.453861,30.980814,31.333721,25.596498,33600
2003-12-26,31.146006,31.491404,31.070917,31.348740,25.608767,20400
2003-12-29,31.318705,31.596525,31.251127,31.416317,25.663971,41800
2003-12-30,31.431335,31.543964,31.206074,31.446352,25.688507,41300
2003-12-31,31.461369,31.558983,30.943270,31.558983,25.780514,105100
2004-01-02,31.558983,31.566490,31.213583,31.288670,25.559696,65000
2004-01-05,31.348740,31.416317,31.100952,31.341230,25.602633,68100
2004-01-06,31.386282,31.551474,31.161022,31.161022,25.455421,84700
2004-01-07,31.161022,31.236109,31.085936,31.198566,25.486090,92900
2004-01-08,31.198566,31.423826,31.130987,31.273653,25.547428,95400
2004-01-09,31.161022,31.573999,31.153513,31.521439,25.749844,98300
2004-01-12,31.461369,31.836803,31.461369,31.731682,25.921593,56700
2004-01-13,31.836803,31.971960,31.664104,31.799259,25.976795,132100
2004-01-14,31.836803,31.986977,31.709156,31.821787,25.995197,39900
2004-01-15,31.844313,31.844313,31.266144,31.311195,25.578096,63600
2004-01-16,31.423826,31.446352,31.153513,31.168531,25.461555,100600
2004-01-20,31.153513,32.092098,31.146006,32.032028,26.166945,121700
2004-01-21,31.956942,32.174694,31.769226,32.174694,26.283487,37700
2004-01-22,32.189713,32.317360,31.874348,32.024521,26.160812,64500
2004-01-23,32.137150,32.812931,32.099606,32.812931,26.804863,124500
2004-01-26,32.737846,32.888020,32.159676,32.888020,26.866203,62400
2004-01-27,32.888020,32.963104,32.452515,32.700302,26.712856,88500
2004-01-28,32.700302,32.700302,31.521439,31.626560,25.835718,60200
2004-01-29,31.476387,31.498913,31.093445,31.153513,25.449286,162500
2004-01-30,31.198566,31.228600,30.657940,31.040884,25.357281,94900
2004-02-02,30.995831,31.266144,30.755554,30.778080,25.142595,85800
2004-02-03,30.785587,30.928253,30.605379,30.785587,25.148727,64800
2004-02-04,30.793097,30.793097,29.982159,30.049738,24.547611,119500
2004-02-05,30.109806,30.440189,30.004686,30.177385,24.651886,55600
2004-02-06,30.177385,30.778080,30.177385,30.733027,25.105791,74100
2004-02-09,30.733027,31.085936,30.672958,31.085936,25.394081,76300
2004-02-10,31.085936,31.408808,30.943270,31.408808,25.657837,123500
2004-02-11,32.099606,32.249783,31.408808,32.249783,26.344828,100100
2004-02-12,32.249783,32.249783,31.739191,31.904381,26.062670,76600
2004-02-13,31.904381,32.460022,31.581509,31.589016,25.805048,103800
2004-02-17,31.686630,32.354900,31.686630,32.257290,26.350962,132500
2004-02-18,32.264797,32.490059,31.941925,31.971960,26.117876,83900
2004-02-19,32.047047,32.369919,31.769226,31.776733,25.958393,94000
2004-02-20,31.911890,32.092098,31.543964,31.889364,26.050402,68400
2004-02-23,31.814278,31.821787,31.408808,31.573999,25.792782,95500
2004-02-24,31.536457,32.249783,31.476387,31.769226,25.952261,114200
2004-02-25,31.799259,32.324867,31.634069,32.324867,26.406164,76800
2004-02-26,32.242271,33.060719,32.152168,33.060719,27.007280,174200
2004-02-27,33.060719,33.075737,32.692791,33.075737,27.019550,74100
2004-03-01,33.075737,33.075737,32.812931,33.038193,26.988878,87600
2004-03-02,33.000648,33.000648,32.662758,32.662758,26.682188,103100
2004-03-03,32.662758,32.948090,32.362411,32.797913,26.792595,85400
2004-03-04,32.797913,32.797913,32.422482,32.775387,26.774195,107600
2004-03-05,32.737846,33.391102,32.632725,32.955597,26.921408,122200
2004-03-08,33.000648,33.240925,32.993141,33.068226,27.013414,131900
2004-03-09,33.060719,33.098263,32.737846,32.963104,26.927540,74200
2004-03-10,32.925564,32.925564,31.754208,31.911890,26.068804,79100
2004-03-11,31.919399,32.362411,31.198566,31.198566,25.486090,73800
2004-03-12,31.273653,32.219746,30.958288,32.219746,26.320290,69100
2004-03-15,32.174694,32.174694,31.296179,31.589016,25.805048,95700
2004-03-16,31.589016,31.589016,30.702993,30.860676,25.210066,162500
2004-03-17,30.973305,31.746698,30.860676,31.686630,25.884789,145700
2004-03-18,31.686630,31.791752,31.393791,31.589016,25.805048,104300
2004-03-19,31.589016,31.589016,30.898218,30.935762,25.271406,60600
2004-03-22,31.010849,31.010849,30.222437,30.372610,24.811367,104300
2004-03-23,30.335068,30.410154,29.892056,29.922091,24.443338,97600
2004-03-24,29.884546,29.997177,29.449043,29.621742,24.197983,158800
2004-03-25,29.809460,30.034719,29.666796,29.847004,24.382000,121400
2004-03-26,29.794443,30.034719,29.794443,29.869530,24.400400,119800
2004-03-29,29.922091,30.657940,29.854511,30.612888,25.007650,139900
2004-03-30,30.612888,30.935762,30.612888,30.785587,25.148727,72100
2004-03-31,30.785587,31.093445,30.710501,30.845657,25.197798,171600
2004-04-01,30.845657,31.213583,30.815622,30.988323,25.314342,127100
2004-04-02,30.988323,32.384937,30.988323,32.369919,26.442968,222700
2004-04-05,32.362411,32.362411,31.656595,31.911890,26.068804,117200
2004-04-06,31.799259,32.062065,31.476387,31.483896,25.719175,58300
2004-04-07,31.521439,31.896873,31.221092,31.573999,25.792782,73800
2004-04-08,31.761717,31.874348,31.558983,31.558983,25.780514,50400
2004-04-12,31.626560,32.429989,31.536457,32.339886,26.418432,80900
2004-04-13,32.362411,32.445007,31.461369,31.461369,25.700773,60700
2004-04-14,31.401300,32.084591,31.130987,31.543964,25.768244,73100
2004-04-15,31.573999,32.475040,31.573999,31.964451,26.111742,93600
2004-04-16,31.971960,32.707809,31.761717,32.565144,26.602446,93800
2004-04-19,32.565144,32.812931,32.414970,32.662758,26.682188,92200
2004-04-20,32.700302,32.873001,31.799259,31.799259,25.976795,73600
2004-04-21,31.911890,32.084591,31.461369,32.084591,26.209883,62100
2004-04-22,32.084591,33.263454,32.084591,33.263454,27.172895,69500
2004-04-23,33.113277,33.188366,32.332375,32.692791,26.706720,39600
2004-04-26,32.700302,33.180859,32.414970,32.610199,26.639252,46500
2004-04-27,32.610199,33.300995,32.610199,33.203384,27.123823,96000
2004-04-28,33.090752,33.090752,31.791752,31.866838,26.032001,68100
2004-04-29,31.986977,32.362411,30.635414,30.935762,25.271406,141900
2004-04-30,31.146006,31.551474,30.680466,31.146006,25.443151,73100
2004-05-03,31.070917,32.114624,30.890709,31.956942,26.105606,99200
2004-05-04,31.956942,31.964451,30.935762,31.130987,25.430883,69600
2004-05-05,31.130987,31.243618,30.507767,30.515276,24.927910,88400
2004-05-06,30.327559,30.748045,30.027212,30.530293,24.940178,103400
2004-05-07,30.342575,30.410154,29.411499,29.419008,24.032370,117600
2004-05-10,28.818314,28.863365,28.044920,28.044920,22.909878,247600
2004-05-11,28.307724,28.450388,28.089972,28.300215,23.118429,204700
2004-05-12,28.345266,28.773262,28.277689,28.683157,23.431253,263300
2004-05-13,28.683157,29.043575,28.600563,28.840839,23.560064,128200
2004-05-14,29.208765,29.434025,28.608070,28.833332,23.553932,77700
2004-05-17,28.795788,29.096134,28.195093,28.465406,23.253374,121400
2004-05-18,28.765753,28.765753,28.555510,28.600563,23.363783,96400
2004-05-19,28.608070,29.471569,28.367794,28.442881,23.234972,211000
2004-05-20,28.442881,28.991014,28.442881,28.945961,23.645937,139700
2004-05-21,29.141188,29.163713,28.885893,29.133678,23.799284,65900
2004-05-24,29.321396,29.711847,29.261326,29.403992,24.020103,80900
2004-05-25,29.283852,30.740536,29.231291,30.733027,25.105791,123300
2004-05-26,30.522785,30.522785,30.109806,30.117315,24.602816,90000
2004-05-27,30.072264,30.147350,29.892056,29.929598,24.449471,65300
2004-05-28,29.862020,30.274998,29.809460,30.064754,24.559881,53900
2004-06-01,30.139841,30.642923,30.124825,30.515276,24.927910,88000
2004-06-02,30.485241,30.582853,30.252472,30.402645,24.835901,79300
2004-06-03,30.410154,30.447697,30.192402,30.192402,24.664156,108300
2004-06-04,30.342575,30.838148,30.229946,30.522785,24.934044,149200
2004-06-07,30.635414,30.958288,30.552818,30.815622,25.173264,43000
2004-06-08,30.785587,31.063410,30.485241,30.485241,24.903376,101300
2004-06-09,30.597872,30.710501,30.222437,30.432680,24.860437,269800
2004-06-10,30.432680,31.146006,30.432680,30.785587,25.148727,95500
2004-06-14,30.785587,30.815622,30.162367,30.177385,24.651886,73400
2004-06-15,30.297523,31.378775,30.297523,31.161022,25.455421,77400
2004-06-16,31.161022,31.866838,31.100952,31.866838,26.032001,75500
2004-06-17,31.836803,32.092098,31.438843,31.934416,26.087204,100600
2004-06-18,31.934416,32.054554,31.784243,32.054554,26.185345,106700
2004-06-21,32.099606,32.437496,31.911890,32.114624,26.234417,67600
2004-06-22,32.024521,32.324867,31.521439,32.137150,26.252819,67600
2004-06-23,32.174694,32.587673,32.129642,32.535110,26.577913,72100
2004-06-24,32.572655,32.625214,32.152168,32.152168,26.265087,39300
2004-06-25,32.137150,32.437496,32.107117,32.437496,26.498171,64400
2004-06-28,32.527603,32.602688,31.844313,31.919399,26.074938,71200
2004-06-29,31.964451,32.812931,31.964451,32.595181,26.626984,86000
2004-06-30,32.700302,33.030682,32.655251,32.985630,26.945942,64000
2004-07-01,33.015667,33.030682,32.595181,32.595181,26.626984,74700
2004-07-02,32.625214,32.805424,32.482552,32.805424,26.798731,44900
2004-07-06,32.805424,32.805424,32.167187,32.167187,26.277355,100800
2004-07-07,32.242271,32.287323,32.107117,32.287323,26.375494,92600
2004-07-08,32.212238,32.279816,31.724173,31.761717,25.946127,73700
2004-07-09,31.874348,32.107117,31.686630,31.926907,26.081070,67300
2004-07-12,32.024521,32.129642,31.679121,31.859329,26.025867,36700
2004-07-13,31.911890,31.979467,31.724173,31.949434,26.099472,37600
2004-07-14,31.874348,32.429989,31.694138,32.294834,26.381630,50400
2004-07-15,32.399956,32.820442,32.369919,32.820442,26.811001,35200
2004-07-16,32.842968,33.128296,32.572655,32.835457,26.823265,85700
2004-07-19,32.963104,33.105770,32.760372,32.857983,26.841665,60900
2004-07-20,32.903034,33.000648,32.565144,32.737846,26.743526,47700
2004-07-21,32.737846,32.963104,31.919399,31.926907,26.081070,73800
2004-07-22,31.926907,31.986977,31.273653,31.536457,25.762112,95900
2004-07-23,31.461369,31.769226,31.115971,31.461369,25.700773,73700
2004-07-26,31.356247,31.656595,31.063410,31.363756,25.621033,111600
2004-07-27,31.386282,32.272308,31.311195,32.077080,26.203747,53600
2004-07-28,31.979467,32.512585,31.761717,32.212238,26.314157,65400
2004-07-29,32.362411,32.625214,32.009502,32.625214,26.651516,55600
2004-07-30,32.512585,32.512585,31.611544,31.761717,25.946127,54100
2004-08-02,31.686630,32.339886,31.536457,32.339886,26.418432,83000
2004-08-03,32.287323,32.429989,31.761717,31.986977,26.130142,53200
2004-08-04,31.986977,32.212238,31.513929,32.182201,26.289619,139600
2004-08-05,32.587673,32.587673,31.498913,31.573999,25.792782,144900
2004-08-06,31.536457,31.536457,30.635414,30.672958,25.056721,97600
2004-08-09,30.680466,31.025866,30.447697,30.522785,24.934044,60200
2004-08-10,30.597872,31.236109,30.447697,30.815622,25.173264,86500
2004-08-11,30.710501,31.115971,30.530293,31.078426,25.387947,71700
2004-08-12,30.935762,31.010849,30.567837,30.672958,25.056721,86200
2004-08-13,30.748045,30.823132,30.485241,30.492750,24.909510,37900
2004-08-16,30.635414,31.521439,30.635414,31.378775,25.633301,69600
2004-08-17,31.453861,31.461369,30.785587,30.793097,25.154861,71500
2004-08-18,30.793097,31.791752,30.635414,31.573999,25.792782,62400
2004-08-19,31.461369,31.874348,31.213583,31.266144,25.541292,46800
2004-08-20,31.183548,32.550129,31.183548,32.467533,26.522707,63600
2004-08-23,32.437496,32.625214,31.851820,31.911890,26.068804,61600
2004-08-24,31.949434,32.092098,31.356247,31.701647,25.897057,66200
2004-08-25,31.724173,32.257290,31.589016,32.257290,26.350962,71800
2004-08-26,32.212238,32.475040,32.062065,32.475040,26.528841,38400
2004-08-27,32.467533,32.565144,32.302341,32.542618,26.584045,54200
2004-08-30,32.512585,32.512585,31.724173,31.731682,25.921593,95300
2004-08-31,31.709156,32.467533,31.709156,32.414970,26.479771,68600
2004-09-01,32.475040,32.963104,32.452515,32.707809,26.718990,117000
2004-09-02,32.737846,32.955597,32.557636,32.760372,26.761929,87400
2004-09-03,32.797913,32.888020,32.512585,32.617706,26.645384,89100
2004-09-07,32.662758,33.038193,32.662758,33.030682,26.982742,77500
2004-09-08,33.030682,33.038193,32.730335,32.888020,26.866203,80300
2004-09-09,32.775387,33.413628,32.775387,33.068226,27.013414,172600
2004-09-10,33.068226,33.511238,32.835457,33.511238,27.375311,81500
2004-09-13,33.586327,34.089409,33.586327,33.864147,27.663601,114400
2004-09-14,33.976776,34.096916,33.248436,33.406116,27.289436,72200
2004-09-15,33.481205,34.059372,33.218399,33.834114,27.639067,84200
2004-09-16,33.834114,34.209545,33.796570,34.179512,27.921223,68500
2004-09-17,34.389755,34.652557,33.856640,34.457333,28.148174,163800
2004-09-20,34.494877,34.727646,34.284634,34.284634,28.007095,93100
2004-09-21,34.359718,34.915363,34.359718,34.840275,28.461000,52300
2004-09-22,34.727646,34.727646,34.119442,34.239582,27.970293,89800
2004-09-23,34.539928,34.697609,34.051865,34.615013,28.276983,79200
2004-09-24,34.539928,34.907852,34.539928,34.787716,28.418064,54100
2004-09-27,34.855293,34.915363,34.479858,34.615013,28.276983,95100
2004-09-28,34.539928,35.320831,34.539928,35.245743,28.792227,115400
2004-09-29,35.140621,35.298306,34.727646,35.170658,28.730890,103400
2004-09-30,35.140621,35.253254,34.960415,35.103081,28.675684,74500
2004-10-01,35.178165,35.666229,35.080555,35.666229,29.135721,111200
2004-10-04,35.733807,36.116753,35.538582,35.951561,29.368809,83200
2004-10-05,35.981594,36.034157,35.613670,35.688755,29.154123,67200
2004-10-06,35.778862,36.034157,35.703773,36.004120,29.411743,120500
2004-10-07,35.929035,36.026646,35.606159,35.606159,29.086649,143000
2004-10-08,35.606159,35.966576,35.591145,35.929035,29.350407,125100
2004-10-11,35.853947,35.853947,34.539928,34.727646,28.368994,103400
2004-10-12,34.735153,34.982941,34.464840,34.705120,28.350590,166200
2004-10-13,34.780205,34.780205,33.421135,33.901691,27.694271,240100
2004-10-14,34.051865,34.757679,33.939232,34.502384,28.184977,111700
2004-10-15,34.509895,34.922871,34.367229,34.727646,28.368994,150300
2004-10-18,34.690102,35.140621,34.427299,34.592487,28.258583,97800
2004-10-19,34.509895,34.622524,33.976776,33.976776,27.755608,68000
2004-10-20,33.976776,34.232071,33.826603,34.187019,27.927355,260600
2004-10-21,34.239582,35.253254,34.194530,34.937889,28.540741,180600
2004-10-22,35.358376,35.380901,34.562454,34.727646,28.368994,94600
2004-10-25,34.727646,35.170658,34.389755,34.877819,28.491669,81600
2004-10-26,34.990448,36.251907,34.735153,36.154293,29.534420,144700
2004-10-27,36.304466,36.597305,35.666229,35.876472,29.307468,211100
2004-10-28,35.853947,35.853947,35.283287,35.538582,29.031446,184700
2004-10-29,35.478512,35.846439,35.478512,35.748825,29.203194,90900
2004-11-01,35.831421,36.942707,35.718792,36.597305,29.896317,202800
2004-11-02,36.754990,36.905163,36.154293,36.266926,29.626431,281200
2004-11-03,36.454643,37.993919,36.454643,37.933853,30.988140,281000
2004-11-04,38.023956,38.346828,38.023956,38.091534,31.116951,264600
2004-11-05,38.091534,38.294270,37.806206,37.993919,31.037210,105100
2004-11-08,37.918835,37.971394,37.265579,37.618488,30.730518,123300
2004-11-09,37.580944,38.001431,37.393227,37.828732,30.902267,92000
2004-11-10,37.828732,38.189148,37.498348,37.963886,31.012676,102300
2004-11-11,37.993919,38.842403,37.843746,38.797348,31.693531,126400
2004-11-12,38.609634,39.202820,38.459457,38.977558,31.840742,67600
2004-11-15,39.052647,39.052647,37.543400,37.918835,30.975872,106300
2004-11-16,37.866272,38.219181,37.393227,37.393227,30.546505,144400
2004-11-17,37.580944,38.429424,37.483330,38.196655,31.202826,80900
2004-11-18,38.241707,38.512020,38.196655,38.294270,31.282566,102800
2004-11-19,38.181637,38.331810,37.903816,38.256725,31.251896,100100
2004-11-22,38.219181,38.827385,38.084026,38.707245,31.619923,187700
2004-11-23,38.894962,39.983723,38.879944,39.585762,32.337585,230300
2004-11-24,39.585762,40.284069,39.585762,40.186455,32.828293,113600
2004-11-26,40.193966,40.501820,40.193966,40.231506,32.865093,19100
2004-11-29,40.359154,41.372826,40.321613,41.297741,33.736099,145200
2004-11-30,41.297741,41.928471,41.267704,41.673176,34.042793,178500
2004-12-01,41.748260,42.326427,41.673176,41.860889,34.196136,256500
2004-12-02,41.748260,41.748260,39.901127,39.961197,32.644279,262200
2004-12-03,39.833546,40.697044,39.675865,40.111370,32.766953,122400
2004-12-06,40.036282,40.246525,39.788494,39.946178,32.632008,75000
2004-12-07,40.006248,40.006248,39.045135,39.232853,32.049294,126700
2004-12-08,38.294270,38.557072,37.370701,38.414406,31.380703,648200
2004-12-09,38.789841,38.819878,38.444443,38.534546,31.478848,420600
2004-12-10,38.481987,38.924995,38.339321,38.849911,31.736469,1288600
2004-12-13,39.045135,39.202820,38.812366,38.977558,31.840742,314200
2004-12-14,38.857418,39.503166,38.857418,39.435589,32.214909,178600
2004-12-15,39.435589,39.780987,39.390537,39.720917,32.447994,941500
2004-12-16,39.908634,40.036282,39.796005,39.871090,32.570671,355400
2004-12-17,39.908634,40.096352,39.735935,39.916142,32.607471,227100
2004-12-20,39.916142,40.404209,39.886108,40.276558,32.901894,218200
2004-12-21,40.359154,40.682030,40.336628,40.546871,33.122715,211000
2004-12-22,40.599434,41.034935,40.329121,40.546871,33.122715,162400
2004-12-23,40.471786,40.546871,40.359154,40.396698,33.000038,43200
2004-12-27,40.546871,40.584415,39.931160,40.006248,32.681080,111100
2004-12-28,39.908634,41.049953,39.908634,40.501820,33.085911,119100
2004-12-29,40.501820,40.501820,40.171436,40.321613,32.938702,79200
2004-12-30,40.246525,40.284069,40.066319,40.171436,32.816021,54500
2004-12-31,40.156422,40.389191,39.961197,40.096352,32.754684,94800
2005-01-03,40.922306,40.959850,40.058807,40.509327,33.092045,334000
2005-01-04,40.509327,40.546871,40.148911,40.359154,32.969368,240100
2005-01-05,40.359154,40.471786,39.645832,40.141403,32.791489,290400
2005-01-06,40.141403,40.982376,39.968704,40.269051,32.895763,165200
2005-01-07,40.246525,40.389191,39.510674,39.720917,32.447994,165600
2005-01-10,39.720917,40.847218,39.608288,40.569397,33.141113,218800
2005-01-11,40.546871,41.072479,40.208981,40.832203,33.355801,132900
2005-01-12,40.772133,41.110023,40.021263,40.959850,33.460079,171100
2005-01-13,40.967358,41.793312,40.659504,41.110023,33.582752,183800
2005-01-14,41.260197,41.515491,40.967358,41.402863,33.821972,168000
2005-01-18,41.440407,42.236324,41.440407,41.710716,34.073456,136600
2005-01-19,41.710716,42.011066,41.522999,41.785805,34.134800,179500
2005-01-20,41.673176,41.673176,40.997395,41.275215,33.717701,164700
2005-01-21,41.297741,41.890926,41.260197,41.425388,33.840374,111200
2005-01-24,41.575562,41.860889,41.200127,41.297741,33.736099,91100
2005-01-25,40.847218,41.905945,40.847218,41.703209,34.067326,116800
2005-01-26,41.740753,41.740753,41.177601,41.387844,33.809704,178300
2005-01-27,41.485458,41.860889,41.297741,41.733242,34.091858,172700
2005-01-28,41.740753,41.755768,41.034935,41.387844,33.809704,105400
2005-01-31,41.748260,42.221310,41.447914,42.041100,34.343349,122600
2005-02-01,42.033592,42.709373,41.898434,42.544182,34.754314,171800
2005-02-02,42.439060,42.957157,42.356464,42.949650,35.085545,107800
2005-02-03,42.979683,42.979683,42.326427,42.641792,34.834053,131900
2005-02-04,42.641792,42.867054,42.333939,42.559200,34.766582,125800
2005-02-07,42.611759,43.159893,42.063625,42.424042,34.656174,117600
2005-02-08,42.424042,43.062279,42.243835,43.009720,35.134613,112400
2005-02-09,43.084805,43.550343,42.912106,42.979683,35.110077,166100
2005-02-10,43.099823,43.805641,42.934631,43.632938,35.643719,113500
2005-02-11,43.632938,44.331245,43.182419,44.241142,36.140564,118500
2005-02-14,44.241142,44.421352,44.196091,44.421352,36.287773,160600
2005-02-15,44.541489,44.999519,44.488930,44.526474,36.373650,424500
2005-02-16,44.376301,45.097134,44.263668,44.894398,36.674206,222600
2005-02-17,45.014538,45.239796,44.601559,44.714191,36.526997,138300
2005-02-18,44.826820,45.367443,44.751732,45.239796,36.956360,159700
2005-02-22,45.239796,45.532635,44.992012,45.082115,36.827553,192800
2005-02-23,45.052082,45.652775,45.052082,45.517620,37.183315,102700
2005-02-24,45.592705,45.878036,45.472565,45.780422,37.397999,156000
2005-02-25,45.915577,46.981812,45.915577,46.981812,38.379414,184600
2005-02-28,47.131985,47.304684,46.651428,47.267139,38.612499,271300
2005-03-01,47.267139,47.462368,46.688972,46.929249,38.336472,202200
2005-03-02,47.905380,49.407116,47.785240,48.723824,39.802464,552300
2005-03-03,48.806419,49.407116,48.506073,49.009155,40.035549,422000
2005-03-04,49.181854,49.602341,48.994137,49.174347,40.170494,838400
2005-03-07,49.174347,49.557289,49.054207,49.557289,40.483318,280800
2005-03-08,49.557289,50.060371,49.489712,49.684937,40.587593,237000
2005-03-09,49.692444,50.375736,49.151821,49.151821,40.152092,192600
2005-03-10,49.189362,49.309502,48.183201,48.243271,39.409897,277300
2005-03-11,48.318356,49.654900,48.318356,49.362064,40.323841,217900
2005-03-14,49.474693,49.782547,48.949085,49.429642,40.379047,126200
2005-03-15,49.617359,50.203033,48.858982,48.971611,40.004879,219500
2005-03-16,48.994137,49.549778,48.994137,49.016663,40.041683,198700
2005-03-17,48.506073,48.581161,47.950432,48.138149,39.324024,473700
2005-03-18,48.055553,48.581161,47.942921,48.355900,39.501907,305500
2005-03-21,48.355900,48.911541,48.168182,48.828945,39.888332,172900
2005-03-22,48.956593,50.330681,48.941578,49.684937,40.587593,287300
2005-03-23,49.684937,49.797565,47.162018,47.162018,38.526623,200200
2005-03-24,47.011845,47.597523,46.253468,46.516273,37.999115,358100
2005-03-28,46.628902,47.177036,46.403641,47.034370,38.422348,212900
2005-03-29,46.884197,47.905380,46.651428,47.387280,38.710640,305000
2005-03-30,47.387280,47.807766,46.403641,46.666447,38.121792,171600
2005-03-31,46.854164,47.867836,46.336063,47.867836,39.103207,207200
2005-04-01,47.942921,48.798912,47.379772,47.612541,38.894657,305200
2005-04-04,48.130638,48.671265,47.680119,48.438496,39.569378,229800
2005-04-05,48.438496,48.686283,48.378426,48.385933,39.526440,378000
2005-04-06,48.573650,49.392097,48.573650,49.181854,40.176628,116300
2005-04-07,49.189362,49.519745,48.934067,49.196873,40.188896,506100
2005-04-08,49.196873,49.332027,48.949085,48.956593,39.992611,228100
2005-04-11,49.001644,49.061714,48.130638,48.430984,39.563240,88600
2005-04-12,48.393444,48.843964,47.612541,48.843964,39.900604,166400
2005-04-13,48.656246,48.663754,46.764061,46.929249,38.336472,180500
2005-04-14,47.379772,47.439842,45.863018,45.923088,37.514545,223600
2005-04-15,45.930595,46.253468,44.151039,44.226124,36.128296,230900
2005-04-18,44.676647,44.676647,43.805641,44.346264,36.226437,340100
2005-04-19,44.526474,45.585197,44.428860,45.570179,37.226250,205300
2005-04-20,45.382462,45.427513,44.511456,44.511456,36.361382,215100
2005-04-21,45.052082,45.863018,44.789276,45.727863,37.355064,107800
2005-04-22,45.765404,45.765404,44.601559,45.052082,36.803017,184300
2005-04-25,45.239796,45.802948,44.984501,45.802948,37.416401,145300
2005-04-26,45.705334,45.772915,44.586540,44.601559,36.434986,117500
2005-04-27,44.601559,44.676647,43.850693,43.858200,35.827736,145700
2005-04-28,43.738060,43.738060,42.348957,42.348957,34.594837,277500
2005-04-29,42.499130,43.362629,42.236324,42.806984,34.968998,187100
2005-05-02,42.837021,43.430206,42.739407,43.355118,35.416767,102200
2005-05-03,43.325085,43.550343,42.649303,42.761932,34.932198,219700
2005-05-04,42.686848,42.912106,42.318920,42.904598,35.048740,320000
2005-05-05,43.092316,43.550343,42.611759,42.874561,35.024204,122400
2005-05-06,43.625431,43.993355,43.362629,43.715534,35.711193,157000
2005-05-09,43.715534,43.880726,43.092316,43.745571,35.735733,184700
2005-05-10,43.700520,43.700520,43.084805,43.197437,35.287960,143600
2005-05-11,43.174911,43.219963,42.454079,43.024738,35.146881,126400
2005-05-12,42.949650,43.017227,41.688190,41.785805,34.134800,134300
2005-05-13,41.673176,41.673176,40.697044,40.877254,33.392605,175300
2005-05-16,40.847218,41.252689,40.486801,41.132549,33.601154,121200
2005-05-17,41.072479,41.710716,40.937325,41.432896,33.846504,117000
2005-05-18,41.560543,42.138714,41.447914,41.785805,34.134800,77000
2005-05-19,41.898434,42.333939,41.485458,42.183765,34.459892,69400
2005-05-20,42.161240,42.401516,41.598087,41.943485,34.263607,282600
2005-05-23,41.868401,42.048607,41.538017,41.898434,34.226803,215500
2005-05-24,41.973522,42.867054,41.973522,42.724388,34.901527,174900
2005-05-25,42.649303,43.392662,42.574215,43.257507,35.337032,85400
2005-05-26,43.400169,43.805641,43.257507,43.738060,35.729595,106500
2005-05-27,43.174911,43.693008,42.949650,43.437714,35.484241,195900
2005-05-31,43.437714,43.670483,43.009720,43.595398,35.613052,99500
2005-06-01,43.700520,44.564014,43.700520,44.458893,36.318439,246100
2005-06-02,44.451385,44.579033,44.196091,44.518963,36.367516,68700
2005-06-03,44.676647,45.269833,44.601559,44.751732,36.557659,78100
2005-06-06,45.089622,45.652775,44.774258,45.652775,37.293724,130100
2005-06-07,45.878036,46.463711,45.382462,45.540146,37.201717,141700
2005-06-08,45.562672,45.765404,44.909416,45.164711,36.895023,107500
2005-06-09,45.052082,46.298523,44.601559,46.095787,37.655621,99800
2005-06-10,46.095787,46.230942,45.840492,46.215927,37.753765,247900
2005-06-13,46.208416,46.538799,45.757896,46.328556,37.845768,97600
2005-06-14,46.403641,46.726517,46.260979,46.546307,38.023651,76100
2005-06-15,46.478729,46.839146,46.103294,46.681465,38.134060,170200
2005-06-16,46.658939,46.921741,46.403641,46.891708,38.305809,117600
2005-06-17,47.304684,47.439842,46.749043,47.004337,38.397816,196700
2005-06-20,46.884197,47.642574,46.846653,47.417313,38.735172,107800
2005-06-21,47.342228,47.590015,46.899216,47.064407,38.446888,108400
2005-06-22,47.154510,47.605030,46.538799,47.297176,38.637035,113300
2005-06-23,47.154510,47.379772,46.403641,46.553818,38.029785,103600
2005-06-24,46.628902,46.741531,45.802948,46.741531,38.183128,179200
2005-06-27,46.553818,46.779076,46.328556,46.478729,37.968445,113000
2005-06-28,46.478729,47.372261,46.478729,47.116966,38.489822,152700
2005-06-29,47.116966,47.492401,47.079422,47.259632,38.606365,104800
2005-06-30,47.379772,48.318356,47.342228,48.280811,39.440563,817300
2005-07-01,48.656246,48.656246,48.213234,48.288322,39.446701,160500
2005-07-05,48.355900,49.444656,48.355900,49.354553,40.317703,286900
2005-07-06,49.181854,49.437149,48.949085,49.106766,40.115284,240600
2005-07-07,48.866489,49.031681,48.078079,48.558632,39.667515,221300
2005-07-08,48.618702,49.362064,48.506073,49.031681,40.053951,148400
2005-07-11,49.024174,49.076733,48.776386,48.919052,39.961945,166700
2005-07-12,48.941578,48.941578,48.656246,48.693790,39.777927,229200
2005-07-13,48.678772,48.678772,48.168182,48.273304,39.434433,88000
2005-07-14,48.355900,48.528599,47.304684,47.304684,38.643169,230700
2005-07-15,47.154510,47.454857,46.966793,47.079422,38.459152,150300
2005-07-18,46.929249,47.004337,46.501255,46.598869,38.066586,195400
2005-07-19,46.989319,47.447350,46.516273,47.379772,38.704506,190500
2005-07-20,47.192055,48.100605,46.703991,48.093094,39.287220,132900
2005-07-21,47.980465,48.130638,46.861671,46.996830,38.391682,103400
2005-07-22,47.079422,48.461021,47.079422,48.430984,39.563240,141500
2005-07-25,48.355900,48.618702,47.830292,47.837799,39.078671,140800
2005-07-26,47.605030,48.318356,47.544964,48.168182,39.348560,194900
2005-07-27,48.130638,48.483547,47.702644,48.408459,39.544842,369600
2005-07-28,48.400951,49.407116,48.393444,49.407116,40.360641,140200
2005-07-29,49.256943,49.812584,49.256943,49.737495,40.630531,128300
2005-08-01,49.865143,50.443314,49.790058,49.865143,40.734806,211100
2005-08-02,50.090405,51.374390,50.052860,51.254250,41.869564,182000
2005-08-03,51.066532,51.306812,50.683590,50.683590,41.403393,128200
2005-08-04,50.608505,51.006462,50.195526,50.871307,41.556740,182200
2005-08-05,50.796219,50.811237,49.707462,50.308155,41.096703,291700
2005-08-08,50.308155,50.661064,49.857635,50.120438,40.943356,187400
2005-08-09,50.195526,50.578468,49.647392,50.383244,41.158039,136100
2005-08-10,52.373043,53.837234,51.622177,53.138927,43.409157,652600
2005-08-11,53.138927,53.161453,52.110241,52.816055,43.145405,512900
2005-08-12,52.861107,52.996265,52.395569,52.478165,42.869381,173000
2005-08-15,52.478165,53.349171,52.395569,52.710934,43.059532,164400
2005-08-16,52.635845,52.763496,51.704769,51.847435,42.354137,134700
2005-08-17,51.809891,52.087715,51.201691,51.246742,41.863434,125800
2005-08-18,50.991447,51.141621,50.533417,50.533417,41.280720,587400
2005-08-19,50.758678,51.547089,50.721134,51.509544,42.078114,102300
2005-08-22,51.622177,51.847435,51.411934,51.629684,42.176258,82500
2005-08-23,51.697262,51.794876,50.458328,50.638538,41.366592,159200
2005-08-24,50.616013,51.809891,50.578468,51.472000,42.047447,167900
2005-08-25,51.607159,51.697262,50.931377,51.419441,42.004513,91700
2005-08-26,51.472000,51.472000,50.345699,50.443314,41.207111,119100
2005-08-29,50.631031,51.802383,50.631031,51.794876,42.311203,130600
2005-08-30,51.809891,51.809891,51.134109,51.524563,42.090382,158300
2005-08-31,51.524563,54.062496,51.524563,53.687061,43.856926,351100
2005-09-01,53.874779,54.062496,53.161453,53.161453,43.427559,188400
2005-09-02,53.236542,53.371696,52.215363,52.215363,42.654697,101000
2005-09-06,52.373043,52.680901,51.945049,52.072697,42.538155,201900
2005-09-07,52.110241,52.410587,51.584633,52.110241,42.568825,232000
2005-09-08,51.922523,52.065186,51.569614,52.005119,42.482952,242100
2005-09-09,52.185326,52.958721,51.629684,52.793530,43.127003,133200
2005-09-12,52.635845,52.688408,51.809891,51.884979,42.384811,125300
2005-09-13,51.584633,51.599648,50.495872,50.683590,41.403393,317200
2005-09-14,50.871307,51.066532,50.578468,50.683590,41.403393,121900
2005-09-15,50.683590,50.683590,49.880161,50.225559,41.029232,214300
2005-09-16,50.458328,50.533417,50.075386,50.308155,41.096703,481400
2005-09-19,50.458328,51.727295,50.308155,51.682243,42.219193,174800
2005-09-20,51.809891,51.824909,50.991447,50.991447,41.654881,142000
2005-09-21,51.059025,51.749825,50.721134,51.074043,41.722355,134200
2005-09-22,51.584633,51.877472,50.946396,51.877472,42.378674,321900
2005-09-23,51.877472,52.403076,51.201691,52.185326,42.630161,341800
2005-09-26,52.560760,54.062496,52.290447,54.039970,44.145218,512000
2005-09-27,53.536888,54.175125,53.146439,53.762150,43.918266,256900
2005-09-28,53.889797,54.235195,53.311626,53.912323,44.040943,341900
2005-09-29,53.837234,54.903469,53.732113,54.813366,44.777004,619700
2005-09-30,54.663189,54.700733,53.897305,54.498001,44.519382,255200
2005-10-03,54.925995,55.519180,54.820873,55.489147,45.329052,306600
2005-10-04,55.676861,55.676861,53.198997,53.274086,43.519569,519100
2005-10-05,53.424259,53.469311,51.246742,51.254250,41.869564,303000
2005-10-06,51.066532,51.704769,50.353207,50.683590,41.403393,435800
2005-10-07,51.246742,52.463146,51.246742,52.380550,42.789639,230000
2005-10-10,52.635845,52.748478,52.027645,52.425606,42.826443,239800
2005-10-11,52.560760,53.206505,52.478165,52.861107,43.182205,182700
2005-10-12,52.861107,52.996265,51.314320,51.697262,42.231461,456900
2005-10-13,51.697262,51.869961,50.713623,51.434460,42.016781,520500
2005-10-14,51.434460,52.553253,51.021481,52.500690,42.887783,265200
2005-10-17,52.560760,53.379208,52.350517,53.349171,43.580906,279400
2005-10-18,53.168964,53.514362,52.110241,52.290447,42.716034,287200
2005-10-19,52.290447,53.476818,51.089058,53.476818,43.685181,364000
2005-10-20,53.476818,53.904816,51.336845,51.847435,42.354137,462300
2005-10-21,51.997608,52.906158,51.869961,52.335499,42.752838,333400
2005-10-24,52.335499,53.536888,52.305466,53.506855,43.709717,219300
2005-10-25,53.476818,54.175125,53.274086,54.137585,44.224960,250300
2005-10-26,53.987408,54.550560,53.807201,54.325298,44.378300,201900
2005-10-27,54.137585,54.137585,52.335499,52.380550,42.789639,184700
2005-10-28,52.568268,54.092529,52.305466,54.024952,44.132950,279400
2005-10-31,54.062496,54.550560,53.784676,53.784676,43.936668,185200
2005-11-01,53.611977,54.340317,53.574432,54.190144,44.267895,150700
2005-11-02,54.054989,55.406551,54.054989,55.001080,44.930347,308900
2005-11-03,54.813366,55.143745,53.972393,54.775822,44.746334,283700
2005-11-04,54.663189,54.903469,53.581940,53.837234,43.979607,146000
2005-11-07,54.024952,54.160110,53.732113,53.987408,44.102280,115800
2005-11-08,53.799694,54.513016,53.626991,54.152599,44.237225,144500
2005-11-09,54.137585,54.625648,53.702080,54.175125,44.255627,124400
2005-11-10,53.386715,53.386715,48.085587,49.181854,40.176628,1542000
2005-11-11,49.557289,50.090405,48.851471,49.850128,40.722538,921800
2005-11-14,49.932724,50.390751,49.226906,49.902687,40.765472,443900
2005-11-15,50.082897,50.646046,49.602341,49.940231,40.796143,278800
2005-11-16,49.782547,50.803730,49.782547,50.796219,41.495403,293600
2005-11-17,50.758678,51.396915,50.135456,50.285629,41.078300,274300
2005-11-18,50.285629,50.983936,48.821438,50.893833,41.575142,414900
2005-11-21,51.081551,51.081551,50.308155,50.856289,41.544472,155100
2005-11-22,50.796219,51.997608,50.758678,51.847435,42.354137,183700
2005-11-23,51.697262,51.824909,51.074043,51.441967,42.022911,103700
2005-11-25,51.359371,51.839928,51.224216,51.802383,42.317333,30700
2005-11-28,51.659718,51.674736,50.157982,50.255596,41.053768,219200
2005-11-29,50.405769,51.246742,50.135456,50.338192,41.121239,203000
2005-11-30,50.525909,51.134109,50.323174,50.570961,41.311390,350300
2005-12-01,50.758678,51.749825,50.698608,51.547089,42.108784,283100
2005-12-02,51.622177,51.682243,50.893833,51.479511,42.053581,170200
2005-12-05,52.936195,52.936195,51.246742,51.712280,42.243732,203200
2005-12-06,51.472000,52.147781,51.081551,51.539581,42.102654,182300
2005-12-07,51.389404,51.426949,50.871307,50.976429,41.642612,86700
2005-12-08,50.976429,51.997608,50.713623,51.960064,42.446144,204500
2005-12-09,51.997608,51.997608,50.998955,51.149128,41.783691,128700
2005-12-12,51.472000,51.915012,51.074043,51.727295,42.255997,214400
2005-12-13,51.659718,52.560760,51.629684,51.952557,42.440014,196300
2005-12-14,51.997608,52.470657,51.712280,51.960064,42.446144,200300
2005-12-15,51.614666,52.102730,51.336845,51.584633,42.139454,183200
2005-12-16,49.594833,51.021481,49.594833,50.533417,41.280720,550300
2005-12-19,50.533417,51.291794,50.533417,50.901340,41.581276,241500
2005-12-20,50.893833,51.389404,50.781204,51.201691,41.826630,136500
2005-12-21,51.389404,51.990101,51.359371,51.990101,42.470684,195200
2005-12-22,52.590794,52.590794,51.915012,52.102730,42.562687,212900
2005-12-23,52.095222,52.140274,51.487019,51.862453,42.366405,76800
2005-12-27,51.697262,51.862453,50.533417,50.570961,41.311390,200200
2005-12-28,50.683590,51.374390,50.495872,51.134109,41.771423,106100
2005-12-29,50.946396,51.321827,50.841274,50.841274,41.532207,113400
2005-12-30,50.728642,51.779858,50.540924,51.134109,41.771423,176400
2006-01-03,50.758678,52.260414,50.758678,52.147781,42.599491,282600
2006-01-04,52.147781,52.538235,51.697262,52.297955,42.722168,149200
2006-01-05,52.185326,52.185326,50.781204,51.141621,41.777561,219400
2006-01-06,51.329338,52.448132,51.329338,52.222870,42.660831,185900
2006-01-09,52.222870,52.643356,52.020134,52.500690,42.887783,109600
2006-01-10,52.395569,53.431767,52.260414,53.371696,43.599308,276800
2006-01-11,53.011280,53.101387,52.688408,53.101387,43.378490,329400
2006-01-12,53.108894,53.274086,52.620831,52.823563,43.151535,127600
2006-01-13,52.710934,53.131420,52.350517,52.928684,43.237408,110500
2006-01-17,52.861107,53.296612,52.560760,52.898651,43.212875,143600
2006-01-18,52.786022,53.371696,52.012627,52.192837,42.636299,275300
2006-01-19,52.335499,53.326645,52.102730,53.153946,43.421425,350300
2006-01-20,53.829727,54.024952,53.281593,53.349171,43.580906,96000
2006-01-23,53.311626,53.882286,52.958721,53.499344,43.703579,107000
2006-01-24,53.679554,54.415405,53.619484,54.287758,44.347637,110200
2006-01-25,54.332809,54.663189,53.732113,54.100040,44.194290,227300
2006-01-26,54.212669,54.558067,53.386715,54.392879,44.433510,145700
2006-01-27,54.580597,55.143745,54.422913,55.143745,45.046890,145200
2006-01-30,55.511673,56.307590,55.203815,55.872089,45.641876,220600
2006-01-31,55.729424,56.232506,54.933502,55.774475,45.562138,181000
2006-02-01,56.232506,56.240013,55.106201,55.143745,45.046890,189800
2006-02-02,54.963539,55.278904,53.183979,53.356682,43.587040,275800
2006-02-03,53.356682,54.760803,53.296612,54.625648,44.623657,220200
2006-02-06,54.873432,55.774475,54.828381,55.699387,45.500797,161600
2006-02-07,55.526688,55.541706,53.168964,53.386715,43.611576,361600
2006-02-08,53.536888,54.212669,53.093876,53.664536,43.838528,378800
2006-02-09,53.476818,54.850906,53.416748,53.499344,43.703579,519000
2006-02-10,53.424259,54.137585,52.545742,53.499344,43.703579,198100
2006-02-13,53.506855,53.949867,52.530727,52.928684,43.237408,173700
2006-02-14,52.410587,53.251560,51.877472,52.973736,43.274216,178000
2006-02-15,52.786022,53.649517,52.012627,52.560760,42.936852,152300
2006-02-16,53.003773,54.655682,53.003773,54.505508,44.525517,195300
2006-02-17,54.798347,54.813366,54.175125,54.287758,44.347637,149400
2006-02-21,54.910976,55.459110,54.835892,55.323956,45.194107,152700
2006-02-22,55.023609,55.564232,55.023609,55.293919,45.169567,146400
2006-02-23,55.106201,55.308937,54.280247,54.437931,44.470314,208100
2006-02-24,54.738277,55.121220,54.295265,54.362843,44.408974,271700
2006-02-27,54.175125,55.827038,53.717098,55.061150,44.979420,790800
2006-02-28,55.188797,55.601776,54.452946,54.790836,44.758598,690000
2006-03-01,54.738277,55.181290,54.588104,55.001080,44.930347,482500
2006-03-02,54.663189,55.534199,54.475475,54.963539,44.899681,571300
2006-03-03,54.963539,57.306248,54.933502,56.705551,46.322731,466200
2006-03-06,55.241360,57.253685,55.241360,55.954685,45.709347,262400
2006-03-07,55.414059,56.202469,55.173782,55.429077,45.279980,290900
2006-03-08,55.451603,55.729424,54.783329,55.451603,45.298382,265700
2006-03-09,55.601776,56.382679,55.293919,55.774475,45.562138,344700
2006-03-10,55.774475,56.457764,55.414059,55.969700,45.721611,517200
2006-03-13,55.977211,56.472782,55.789494,56.202469,45.911762,628100
2006-03-14,56.495308,56.900776,56.007244,56.773129,46.377934,490800
2006-03-15,56.878250,56.878250,55.947174,56.810673,46.408607,452700
2006-03-16,57.268703,57.433895,56.270050,57.020916,46.580349,521400
2006-03-17,55.414059,56.442749,55.414059,56.442749,46.108047,566100
2006-03-20,56.442749,56.607941,55.676861,56.585411,46.224590,469100
2006-03-21,56.765621,56.885761,55.797001,56.014751,45.758419,292500
2006-03-22,56.029770,56.652992,55.744442,56.405205,46.077377,632100
2006-03-23,56.765621,57.223652,56.315102,57.065968,46.617153,806700
2006-03-24,57.073479,57.711716,56.728077,57.291229,46.801170,338700
2006-03-27,57.298737,57.659153,56.780640,57.606594,47.058792,243400
2006-03-28,57.794312,58.147217,57.539017,57.891922,47.291874,302200
2006-03-29,58.079639,58.507633,57.801819,58.477600,47.770317,206900
2006-03-30,58.304901,59.048260,58.192268,59.033241,48.224220,318100
2006-03-31,58.868050,59.468746,58.425041,59.468746,48.579983,365100
2006-04-03,60.069439,60.219612,59.213451,59.356117,48.487976,406500
2006-04-04,59.656464,60.444874,59.438709,60.407330,49.346710,342600
2006-04-05,60.595047,62.292011,60.595047,61.931591,50.591877,679600
2006-04-06,61.939102,62.697479,61.533634,62.697479,51.217533,294200
2006-04-07,62.622391,62.742531,60.895393,61.285847,50.064373,385800
2006-04-10,61.436020,62.997826,61.405987,62.997826,51.462887,318700
2006-04-11,62.772564,63.147999,61.533634,61.721352,50.420132,278900
2006-04-12,61.833981,62.171871,61.676296,61.871525,50.542812,256700
2006-04-13,61.526123,62.246956,61.203251,62.014187,50.659351,159600
2006-04-17,62.539795,63.493397,62.186890,63.448345,51.830914,393600
2006-04-18,63.628555,64.942574,63.463364,64.612190,52.781658,381200
2006-04-19,64.274300,65.287971,63.823780,65.130287,53.204891,220200
2006-04-20,65.197868,65.355553,63.831287,64.439491,52.640579,243300
2006-04-21,65.190361,65.445656,64.341881,65.122780,53.198761,198900
2006-04-24,64.499565,64.905029,64.244263,64.507072,52.695789,219300
2006-04-25,64.574646,65.302994,64.281807,65.220398,53.278503,253600
2006-04-26,65.160324,66.038841,64.950081,65.257935,53.309166,162100
2006-04-27,65.100258,66.436798,63.636063,64.462021,52.658985,284400
2006-04-28,64.124130,67.127602,64.026512,66.414276,54.253784,419100
2006-05-01,66.541924,67.382896,66.421783,66.729637,54.511402,405800
2006-05-02,67.127602,68.186325,66.654556,67.810890,55.394676,269300
2006-05-03,67.623169,67.645699,67.014969,67.202682,54.897831,221500
2006-05-04,67.014969,68.253899,67.014969,67.916008,55.480545,351000
2006-05-05,69.417747,69.718094,66.234070,66.609497,54.413258,564200
2006-05-08,66.639534,66.639534,65.483200,65.933716,53.861214,358000
2006-05-09,65.926208,66.053856,65.385582,65.550774,53.548389,353100
2006-05-10,65.400604,65.588318,65.032677,65.325516,53.364376,347500
2006-05-11,65.415619,65.881157,64.604683,64.784889,52.922737,297800
2006-05-12,62.607372,64.559631,62.607372,63.478382,51.855453,422400
2006-05-15,62.502254,63.328209,62.156853,62.622391,51.156193,400000
2006-05-16,62.840145,63.178032,61.691315,62.126820,50.751362,170500
2006-05-17,61.458546,61.939102,60.227123,60.512451,49.432583,593100
2006-05-18,60.444874,61.120655,58.319920,58.500126,47.788719,587100
2006-05-19,58.154728,59.048260,58.042095,58.507633,47.794849,372500
2006-05-22,58.184761,59.754074,57.448910,59.273521,48.420502,537000
2006-05-23,60.782764,61.398476,59.784111,59.896740,48.929611,307600
2006-05-24,59.709023,59.956810,58.507633,59.468746,48.579983,368400
2006-05-25,59.694008,60.519962,59.648952,60.144527,49.132030,302500
2006-05-26,60.444874,60.572521,60.009373,60.302208,49.260838,249000
2006-05-30,60.407330,60.407330,59.498779,60.069439,49.070686,395700
2006-05-31,60.264668,61.195744,59.994354,61.195744,49.990765,505200
2006-06-01,61.345917,62.487236,61.195744,62.096783,50.726826,449000
2006-06-02,62.322044,62.765057,61.848999,62.765057,51.272736,256300
2006-06-05,62.577339,62.622391,59.926777,60.144527,49.132030,590700
2006-06-06,60.219612,60.264668,59.205940,59.498779,48.604515,311200
2006-06-07,59.311062,60.091965,58.455074,58.455074,47.751915,467500
2006-06-08,58.267357,59.656464,57.629120,59.506290,48.610653,670300
2006-06-09,59.318573,60.046913,58.312408,58.605247,47.874592,664500
2006-06-12,58.605247,58.755421,57.328773,57.516491,46.985188,604800
2006-06-13,57.216141,57.891922,56.172436,56.172436,45.887226,604400
2006-06-14,56.315102,56.780640,55.939667,56.262539,45.960835,509400
2006-06-15,56.427731,57.719223,56.427731,57.246178,46.764366,475600
2006-06-16,56.577904,56.998390,55.902122,56.728077,46.341129,689700
2006-06-19,57.283718,57.283718,55.706898,55.819527,45.598938,266400
2006-06-20,55.864578,56.675518,55.556725,55.556725,45.384254,261200
2006-06-21,55.744442,56.795654,55.609283,56.420223,46.089645,227500
2006-06-22,56.420223,56.420223,55.706898,56.014751,45.758419,315200
2006-06-23,56.427731,56.607941,55.939667,56.502819,46.157116,409300
2006-06-26,56.690533,56.983372,56.352642,56.983372,46.549683,285700
2006-06-27,57.065968,57.884415,56.562885,56.795654,46.396336,696900
2006-06-28,56.870743,57.208633,56.315102,57.148563,46.684628,399800
2006-06-29,57.216141,58.342445,56.728077,58.342445,47.659908,395100
2006-06-30,58.530159,61.646263,57.771786,61.646263,50.358795,1527200
2006-07-03,61.045570,62.885197,60.820309,62.765057,51.272736,472900
2006-07-05,62.682461,63.140491,61.300865,62.712494,51.229797,413200
2006-07-06,62.720005,63.072914,62.171871,62.479725,51.039650,369200
2006-07-07,62.314537,63.072914,61.946609,62.134327,50.757496,326900
2006-07-10,61.946609,62.697479,61.623737,62.074257,50.708424,237400
2006-07-11,62.322044,63.072914,61.969135,62.952774,51.426083,294300
2006-07-12,62.825127,62.885197,62.246956,62.472218,51.033516,249700
2006-07-13,62.359589,62.359589,61.195744,61.390968,50.150246,360000
2006-07-14,61.398476,61.398476,60.309719,60.970482,49.806751,335400
2006-07-17,60.970482,61.195744,59.416183,59.483765,48.592251,360500
2006-07-18,59.671482,59.919266,58.680336,58.965664,48.169014,453900
2006-07-19,58.988190,59.919266,58.845524,59.836670,48.880539,432100
2006-07-20,59.806637,59.994354,58.432549,58.537670,47.819389,549300
2006-07-21,58.725388,58.815491,57.463928,58.079639,47.445221,266600
2006-07-24,58.267357,59.979336,58.267357,59.686497,48.757862,844600
2006-07-25,59.731548,60.557503,59.671482,60.294701,49.254704,260900
2006-07-26,60.144527,61.188232,59.025734,60.700169,49.585930,262300
2006-07-27,61.458546,61.946609,59.363625,59.979336,48.997082,347900
2006-07-28,59.994354,60.993008,59.949303,60.812801,49.677940,253500
2006-07-31,61.000515,61.300865,60.797783,61.083111,49.898754,556000
2006-08-01,61.270828,61.421001,60.519962,60.993008,49.825153,473300
2006-08-02,61.608719,61.848999,60.557503,61.000515,49.831284,444200
2006-08-03,61.000515,61.758892,60.452381,61.323391,50.095039,813600
2006-08-04,61.511108,61.826473,60.857853,61.285847,50.064373,352300
2006-08-07,61.571175,62.569832,61.338406,62.246956,50.849499,474200
2006-08-08,62.216923,62.787582,61.683807,62.029205,50.671623,390800
2006-08-09,62.134327,62.832634,61.766403,62.171871,50.788162,251700
2006-08-10,61.984154,62.164364,61.225777,61.969135,50.622547,177600
2006-08-11,61.894051,61.939102,61.023041,61.421001,50.174778,209400
2006-08-14,61.398476,61.571175,59.926777,60.069439,49.070686,155400
2006-08-15,62.322044,63.816273,62.149345,63.410805,51.800251,913000
2006-08-16,63.410805,65.197868,63.410805,64.274300,52.505638,464000
2006-08-17,64.266792,64.326859,62.464710,62.832634,51.327942,346300
2006-08-18,62.840145,64.492050,62.795090,64.289322,52.517910,302400
2006-08-21,63.748695,64.574646,63.748695,64.274300,52.505638,176800
2006-08-22,64.349388,64.942574,64.199211,64.867485,52.990208,305800
2006-08-23,64.679771,65.265450,63.568485,63.778728,52.100803,282100
2006-08-24,63.936409,65.355553,63.936409,65.122780,53.198761,283600
2006-08-25,65.310501,66.031334,65.257935,65.603340,53.591331,220700
2006-08-28,65.791054,65.903687,64.777382,65.137802,53.211033,254000
2006-08-29,65.212883,66.812233,64.567139,66.812233,54.578873,561200
2006-08-30,66.939880,66.939880,64.874992,65.055206,53.143559,289700
2006-08-31,64.950081,65.843613,64.762367,65.348045,53.382778,213700
2006-09-01,65.723473,65.791054,64.957588,65.640884,53.622002,237900
2006-09-05,65.708458,66.376732,65.363060,65.993790,53.910286,267400
2006-09-06,65.993790,66.038841,65.100258,65.115273,53.192627,462600
2006-09-07,64.927559,65.768532,64.604683,65.550774,53.548389,209700
2006-09-08,65.738495,66.301643,64.462021,64.619698,52.787792,414800
2006-09-11,64.386932,64.514580,62.149345,62.201904,50.812698,309000
2006-09-12,61.946609,63.245613,61.946609,62.359589,50.941509,1032400
2006-09-13,62.772564,65.160324,62.772564,64.642227,52.806194,740500
2006-09-14,64.642227,64.874992,63.087929,63.147999,51.585564,167500
2006-09-15,62.892704,63.763710,62.855160,63.530941,51.898388,423200
2006-09-18,63.530941,63.763710,62.847652,63.418312,51.806381,280000
2006-09-19,63.373260,63.681114,62.096783,62.322044,50.910843,286100
2006-09-20,62.044224,62.322044,60.865360,60.993008,49.825153,244900
2006-09-21,61.120655,61.308372,60.324734,60.857853,49.714741,412500
2006-09-22,60.895393,61.083111,59.844181,60.219612,49.193363,193800
2006-09-25,59.694008,60.137020,58.650299,59.881721,48.917343,456000
2006-09-26,59.731548,60.977989,59.611412,60.872868,49.727009,304300
2006-09-27,60.872868,62.314537,60.872868,61.721352,50.420132,218800
2006-09-28,61.533634,62.021698,61.210758,61.458546,50.205448,266800
2006-09-29,61.308372,62.374603,61.263321,61.946609,50.604145,187500
2006-10-02,62.314537,62.314537,60.489925,60.655117,49.549129,197000
2006-10-03,59.934284,60.294701,59.281029,59.431202,48.549313,387800
2006-10-04,59.618919,61.150692,58.868050,60.835327,49.696342,375100
2006-10-05,62.322044,62.960281,61.909065,62.517269,51.070316,213200
2006-10-06,62.517269,62.517269,61.698822,62.359589,50.941509,409800
2006-10-09,61.946609,62.877686,61.879032,62.344570,50.929241,373000
2006-10-10,62.156853,63.448345,62.066750,63.283154,51.695969,274300
2006-10-11,63.102947,63.373260,62.216923,62.727512,51.242065,205100
2006-10-12,62.840145,63.560978,62.532288,63.545959,51.910656,164300
2006-10-13,63.621044,64.431984,63.410805,63.636063,51.984261,142400
2006-10-16,63.515923,64.897522,63.515923,64.882507,53.002480,144900
2006-10-17,64.837456,64.867485,64.274300,64.852470,52.977943,219500
2006-10-18,64.987625,65.325516,64.251778,64.747345,52.892067,292900
2006-10-19,65.175346,66.016312,65.047691,65.866142,53.806015,373800
2006-10-20,66.076385,66.819740,65.776039,66.076385,53.977757,516000
2006-10-23,66.076385,66.752167,65.475693,66.339188,54.192440,414800
2006-10-24,65.776039,67.052513,65.603340,66.827255,54.591145,266100
2006-10-25,66.752167,67.720787,66.556938,67.270264,54.953037,249900
2006-10-26,67.503036,67.720787,66.729637,67.653206,55.265862,309300
2006-10-27,68.066185,68.892136,67.540573,67.615662,55.235191,319200
2006-10-30,66.977425,67.660713,66.692093,67.014969,54.744488,242400
2006-10-31,67.022476,67.285278,66.316666,67.187668,54.885563,297600
2006-11-01,66.999954,67.660713,66.286629,66.556938,54.370323,224700
2006-11-02,66.369225,66.774689,65.753510,66.264099,54.131104,203100
2006-11-03,66.526909,67.563103,66.526909,67.480507,55.124783,167000
2006-11-06,67.292793,68.764488,67.120094,68.494179,55.952850,284800
2006-11-07,68.629333,69.042313,68.171303,68.772003,56.179806,386800
2006-11-08,68.328987,69.004768,67.991096,68.877121,56.265678,317500
2006-11-09,69.079857,69.748131,68.659370,69.297607,56.609173,284900
2006-11-10,69.079857,69.620483,68.899651,69.567917,56.829987,353000
2006-11-13,69.507851,70.626648,69.049820,70.491486,57.584454,403000
2006-11-14,71.107201,71.737930,71.032112,71.677856,58.553596,296600
2006-11-15,71.317444,72.969353,71.242355,72.120872,58.915497,302600
2006-11-16,72.353638,72.661499,71.415054,71.437584,58.357319,410200
2006-11-17,70.881943,71.482635,69.350166,71.032112,58.026089,407000
2006-11-20,71.032112,71.775475,70.559067,71.422562,58.345047,365100
2006-11-21,71.257370,71.707893,70.461456,70.581589,57.658058,403800
2006-11-22,70.957024,71.069656,69.958374,70.566574,57.645794,347300
2006-11-24,70.566574,70.836891,70.401382,70.431419,57.535381,113800
2006-11-27,70.581589,70.694221,70.086021,70.273735,57.406574,455100
2006-11-28,70.393875,70.987061,70.393875,70.694221,57.750065,541100
2006-11-29,70.896957,71.219833,70.649170,71.032112,58.026089,552200
2006-11-30,71.182289,71.182289,70.108543,70.709236,57.762329,464700
2006-12-01,70.581589,71.069656,70.243698,70.919479,57.934078,441200
2006-12-04,70.919479,71.107201,70.656677,70.957024,57.964748,383400
2006-12-05,71.107201,71.557724,70.694221,71.302429,58.246910,487400
2006-12-06,70.806854,72.286064,70.806854,72.053291,58.860291,729500
2006-12-07,72.128380,72.421219,71.137238,71.752945,58.614937,659400
2006-12-08,71.820526,72.676514,71.745438,72.195961,58.976837,569700
2006-12-11,71.707893,72.481285,71.415054,72.158417,58.946167,272400
2006-12-12,72.608932,73.322258,72.548866,72.976860,59.614754,448300
2006-12-13,73.585068,74.260849,73.547523,73.870392,60.344677,473200
2006-12-14,74.185760,76.175560,74.110672,75.852684,61.964016,741000
2006-12-15,76.776253,76.843834,75.657463,76.198082,62.246166,400700
2006-12-18,76.198082,76.198082,74.133202,74.208282,60.620705,424200
2006-12-19,74.335930,76.183067,73.810326,75.792618,61.914940,1469700
2006-12-20,76.475906,76.738708,75.004204,75.004204,61.270889,489900
2006-12-21,74.944138,75.732544,74.253334,74.298386,60.694309,171600
2006-12-22,74.486107,74.486107,73.900429,74.013062,60.461224,145800
2006-12-26,74.373474,75.011711,73.509979,73.795311,60.283344,131500
2006-12-27,73.690186,74.298386,73.487450,74.088142,60.522556,220400
2006-12-28,74.305901,75.484764,74.088142,75.071785,61.326096,296200
2006-12-29,75.064278,75.064278,74.148216,74.441055,60.810852,231000
2007-01-03,74.711365,74.711365,71.595261,71.707893,58.578136,581500
2007-01-04,71.858070,71.865578,70.018440,70.258720,57.394306,641400
2007-01-05,70.296265,70.724258,68.576775,69.342659,56.645973,940300
2007-01-08,70.566574,70.769310,69.184975,69.853249,57.063076,508900
2007-01-09,69.853249,70.206161,68.569267,70.033455,57.210285,298400
2007-01-10,69.567917,70.506508,69.147438,70.123566,57.283897,581800
2007-01-11,68.696915,69.072350,66.106422,66.669571,54.462330,1300800
2007-01-12,67.390404,69.350166,67.390404,69.177467,56.511032,692000
2007-01-16,68.704422,69.199997,68.193832,68.629333,56.063263,330900
2007-01-17,68.501686,69.335152,68.291443,68.704422,56.124599,607700
2007-01-18,69.154945,69.605461,67.976082,68.426598,55.897644,434000
2007-01-19,69.305115,70.025948,68.929680,69.830727,57.044678,303000
2007-01-22,70.957024,71.137238,69.582939,69.793182,57.014008,503400
2007-01-23,70.191139,71.970695,70.191139,71.482635,58.394123,381300
2007-01-24,71.520180,72.368660,70.521523,72.271042,59.038170,395700
2007-01-25,72.841705,72.841705,71.865578,72.308586,59.068840,504300
2007-01-26,72.428726,73.434891,72.338623,73.044441,59.669960,333100
2007-01-29,73.322258,74.230812,72.991882,73.449905,60.001183,475500
2007-01-30,74.328423,74.846519,73.697693,74.583717,60.927391,359500
2007-01-31,74.373474,76.303207,74.163231,76.010368,62.092827,681900
2007-02-01,75.845177,76.663620,75.484764,75.822655,61.939476,379300
2007-02-02,76.588539,76.588539,75.289536,76.145523,62.203232,225800
2007-02-05,76.295700,77.572174,76.198082,76.363274,62.381115,433000
2007-02-06,76.430855,76.881378,76.160545,76.385803,62.399513,363600
2007-02-07,76.813797,77.069092,76.047913,76.558502,62.540596,186600
2007-02-08,76.828812,77.331894,76.168053,77.196739,63.061970,152200
2007-02-09,77.174210,77.331894,75.897736,76.415840,62.424049,349300
2007-02-12,75.912758,76.603554,75.462234,75.980331,62.068287,531800
2007-02-13,76.318222,77.294350,76.280678,77.069092,62.957695,138000
2007-02-14,76.888885,77.196739,76.092964,76.813797,62.749142,323400
2007-02-15,76.085457,76.273170,75.567352,75.860191,61.970146,224900
2007-02-16,76.107979,76.393311,75.424690,76.138016,62.197098,310500
2007-02-20,75.762581,76.430855,75.559845,76.295700,62.325909,216000
2007-02-21,75.544830,77.211754,75.544830,77.099129,62.982231,233900
2007-02-22,77.279335,77.489578,76.468399,76.783760,62.724606,385300
2007-02-23,73.585068,74.869049,72.241013,74.208282,60.620705,644800
2007-02-26,74.223305,75.244484,73.097000,73.975517,60.430553,842300
2007-02-27,72.834198,73.667664,70.326294,71.978210,58.798958,310300
2007-02-28,72.466270,72.954338,71.249863,72.684021,59.375534,449500
2007-03-01,71.707893,73.014404,70.656677,71.835541,58.682407,362100
2007-03-02,72.233505,72.233505,71.264885,71.670349,58.547466,311400
2007-03-05,70.559067,71.790489,70.559067,70.829376,57.860474,221200
2007-03-06,70.206161,71.557724,70.176125,70.859413,57.885014,421900
2007-03-07,70.881943,72.924301,70.776817,72.271042,59.038170,450100
2007-03-08,72.811668,72.811668,71.722908,71.955681,58.780552,184900
2007-03-09,72.458763,72.646477,71.677856,72.293571,59.056576,164500
2007-03-12,72.150909,72.398689,71.415054,72.233505,59.007507,125500
2007-03-13,72.158417,72.451256,70.581589,70.694221,57.750065,173600
2007-03-14,70.731766,71.332458,69.800690,71.122215,58.099693,360500
2007-03-15,70.784325,71.354988,70.686714,70.896957,57.915680,133600
2007-03-16,70.506508,70.829376,69.950867,70.423912,57.529251,148500
2007-03-19,71.242355,71.737930,70.611626,71.542702,58.443188,435200
2007-03-20,71.257370,72.053291,71.092186,71.978210,58.798958,217000
2007-03-21,71.828033,73.359802,71.610283,72.901772,59.553410,244000
2007-03-22,73.172089,73.787796,72.991882,73.630119,60.148399,222900
2007-03-23,74.080635,74.433548,73.532501,74.335930,60.724976,171600
2007-03-26,74.673820,74.763924,73.540009,74.335930,60.724976,126700
2007-03-27,74.328423,74.335930,73.404854,73.735237,60.234268,101000
2007-03-28,73.810326,74.005554,72.646477,72.796654,59.467541,173200
2007-03-29,73.419876,74.771439,73.254684,74.553680,60.902855,315800
2007-03-30,74.223305,74.245827,73.615097,73.885414,60.356949,306800
2007-04-02,73.885414,74.163231,73.494957,74.163231,60.583897,255000
2007-04-03,74.155724,74.170738,73.540009,73.802818,60.289474,181700
2007-04-04,73.697693,73.735237,72.556374,73.164581,59.768101,294500
2007-04-05,73.337280,73.765274,73.149559,73.442398,59.995049,132700
2007-04-09,73.630119,74.245827,73.149559,73.675171,60.185204,159300
2007-04-10,73.727730,74.636276,73.607590,74.553680,60.902855,165400
2007-04-11,74.448563,74.553680,73.945480,74.380981,60.761780,189000
2007-04-12,74.373474,75.251991,74.193268,75.199432,61.430367,203200
2007-04-13,75.086800,75.086800,74.163231,74.538666,60.890591,165800
2007-04-16,74.403511,74.643791,73.998039,74.118179,60.547092,160500
2007-04-17,74.260849,74.320915,73.066963,73.547523,60.080929,260100
2007-04-18,73.359802,73.570045,72.984367,73.464928,60.013454,188800
2007-04-19,73.307243,73.307243,72.241013,72.316101,59.074978,232400
2007-04-20,72.931808,73.494957,72.789146,73.344788,59.915314,118300
2007-04-23,73.209633,74.230812,73.104507,73.284714,59.866238,114700
2007-04-24,73.209633,73.322258,72.766617,73.104507,59.719028,151800
2007-04-25,73.292229,74.501122,73.081985,73.885414,60.356949,220800
2007-04-26,73.802818,74.238319,73.194611,73.540009,60.074791,113500
2007-04-27,72.946823,73.892921,71.647827,72.916794,59.565685,343800
2007-04-30,72.916794,73.194611,71.370003,71.542702,58.443188,309500
2007-05-01,71.595261,72.368660,71.197304,71.850563,58.694679,238900
2007-05-02,71.820526,72.473778,71.820526,72.008240,58.823486,162100
2007-05-03,71.685371,71.955681,71.054642,71.520180,58.424789,316600
2007-05-04,71.520180,72.008240,71.174782,71.392532,58.320518,340500
2007-05-07,71.655334,73.217140,71.242355,73.217140,59.811035,386700
2007-05-08,72.608932,72.976860,71.174782,71.445091,58.363453,383000
2007-05-09,70.957024,71.542702,70.423912,71.437584,58.357319,240700
2007-05-10,71.625298,71.955681,69.800690,69.943352,57.136684,326300
2007-05-11,69.943352,70.776817,69.612976,70.739273,57.786869,433300
2007-05-14,70.641663,70.987061,69.282593,69.530380,56.799324,388500
2007-05-15,69.537888,70.363838,68.869614,69.184975,56.517166,679100
2007-05-16,69.132416,69.778160,68.569267,69.575432,56.836128,530600
2007-05-17,69.387711,71.279900,69.327644,71.092186,58.075165,260900
2007-05-18,71.324951,72.458763,71.054642,72.361153,59.111782,290400
2007-05-21,72.406204,72.623955,71.512672,71.707893,58.578136,336200
2007-05-22,71.978210,72.586411,71.647827,71.843048,58.688541,180200
2007-05-23,72.120872,72.271042,70.611626,70.694221,57.750065,323500
2007-05-24,70.619133,71.039619,68.772003,69.237541,56.560104,627600
2007-05-25,69.530380,69.703079,68.802032,69.410240,56.701180,185600
2007-05-29,69.455292,69.665535,68.576775,68.884628,56.271812,299000
2007-05-30,68.148781,69.335152,67.968575,68.877121,56.265678,576200
2007-05-31,68.824562,69.770653,68.824562,69.447784,56.731853,320900
2007-06-01,69.635498,71.054642,69.635498,70.851906,57.878880,320600
2007-06-04,70.664185,71.279900,70.258720,71.204811,58.167168,382000
2007-06-05,71.017097,71.234848,70.311279,70.836891,57.866615,222300
2007-06-06,70.131073,70.326294,69.582939,69.875778,57.081482,186100
2007-06-07,69.500343,70.131073,68.997261,69.079857,56.431293,281000
2007-06-08,68.704422,69.102379,68.111237,68.764488,56.173668,309900
2007-06-11,68.779510,70.341316,68.606812,69.973389,57.161221,216100
2007-06-12,69.785675,69.943352,68.726952,68.899651,56.284084,317500
2007-06-13,69.605461,69.950867,69.012276,69.582939,56.842258,312700
2007-06-14,69.875778,71.324951,69.875778,71.264885,58.216240,190300
2007-06-15,71.152252,71.722908,71.062149,71.565231,58.461594,162000
2007-06-18,71.370003,71.370003,70.318787,70.589104,57.664196,198500
2007-06-19,70.776817,71.144745,70.093529,71.047127,58.038357,108700
2007-06-20,70.859413,71.362495,69.485329,69.485329,56.762524,168000
2007-06-21,69.838234,71.032112,69.470306,70.881943,57.903416,427400
2007-06-22,70.701729,70.911972,69.935844,70.911972,57.927948,230100
2007-06-25,70.724258,71.002075,69.567917,69.845741,57.056942,284400
2007-06-26,69.650513,69.710587,68.704422,68.787018,56.192074,275400
2007-06-27,67.585632,69.770653,67.585632,69.612976,56.866798,919100
2007-06-28,69.928337,70.221176,69.079857,69.154945,56.492634,195200
2007-06-29,69.815704,71.182289,69.755638,70.101036,57.265495,327800
2007-07-02,69.830727,70.333809,69.132416,69.627991,56.879063,229200
2007-07-03,69.830727,70.506508,69.740623,70.356331,57.474045,50900
2007-07-05,70.131073,70.641663,69.335152,69.778160,57.001736,243900
2007-07-06,70.093529,70.626648,69.335152,69.335152,56.639843,267800
2007-07-09,69.327644,70.288757,69.327644,70.018440,57.198021,235400
2007-07-10,69.830727,70.003426,68.621826,68.741966,56.155270,226300
2007-07-11,68.396568,68.944702,68.021133,68.464142,55.928314,380600
2007-07-12,68.328987,69.530380,68.178818,68.494179,55.952850,325000
2007-07-13,68.298950,69.372696,68.178818,69.177467,56.511032,335700
2007-07-16,68.756981,69.230026,67.457985,67.998604,55.548016,313400
2007-07-17,68.186325,68.839577,67.675735,68.028641,55.572552,284800
2007-07-18,67.570610,68.058678,67.142616,67.518051,55.155457,318100
2007-07-19,67.578117,68.043655,67.510544,67.780853,55.370140,228200
2007-07-20,67.690750,68.156288,67.548088,67.840927,55.419212,265200
2007-07-23,68.321480,68.494179,67.360367,67.645699,55.259731,397900
2007-07-24,67.578117,67.765839,66.894829,67.172653,54.873299,366000
2007-07-25,67.548088,67.833412,66.579468,67.623169,55.241325,370800
2007-07-26,66.752167,67.195175,65.010155,66.031334,53.940956,434600
2007-07-27,69.027298,69.079857,65.866142,65.918701,53.848949,481000
2007-07-30,66.113930,66.917358,65.212883,65.993790,53.910286,783900
2007-07-31,66.451820,67.270264,65.483200,65.490707,53.499317,372500
2007-08-01,66.234070,67.900993,65.498215,66.662064,54.456196,324400
2007-08-02,67.337845,67.795876,65.896179,66.601990,54.407124,279900
2007-08-03,66.879814,67.240227,65.077728,65.257935,53.309166,443000
2007-08-06,65.032677,65.115273,63.110455,64.634720,52.800064,750300
2007-08-07,64.199211,64.657242,63.087929,64.364403,52.579239,490400
2007-08-08,64.664749,64.867485,63.260628,64.191704,52.438164,719800
2007-08-09,63.808762,63.808762,59.656464,61.518616,50.254520,1211200
2007-08-10,60.317226,61.833981,58.342445,61.413494,50.168644,669300
2007-08-13,62.517269,64.507072,62.449692,63.560978,51.922924,473800
2007-08-14,64.146652,64.206726,63.072914,63.095440,51.542625,373000
2007-08-15,63.193050,63.298172,61.803944,61.999172,50.647083,318800
2007-08-16,61.646263,61.736366,59.588886,61.270828,50.052101,547000
2007-08-17,65.318008,65.318008,61.811455,62.434673,51.002846,454300
2007-08-20,62.322044,62.990318,61.758892,62.584846,51.125523,222500
2007-08-21,62.704987,63.816273,62.337063,63.155506,51.591694,379300
2007-08-22,63.530941,64.109108,62.907722,63.651081,51.996529,251300
2007-08-23,63.853813,64.844963,63.838799,64.439491,52.640579,235400
2007-08-24,64.289322,65.640884,64.116615,65.640884,53.622002,213900
2007-08-27,65.881157,65.941231,65.227905,65.640884,53.622002,135900
2007-08-28,65.678421,65.858635,64.582153,64.582153,52.757122,244400
2007-08-29,65.385582,65.498215,64.311844,65.250427,53.303032,183200
2007-08-30,64.499565,65.378075,64.499565,65.070221,53.155827,182300
2007-08-31,65.325516,66.309151,65.325516,65.926208,53.855080,154600
2007-09-04,66.376732,68.817055,66.189018,67.931030,55.492817,325300
2007-09-05,67.795876,68.276428,67.180161,68.276428,55.774971,392700
2007-09-06,68.291443,69.275085,68.291443,68.764488,56.173668,250600
2007-09-07,68.584282,69.492836,68.036148,68.824562,56.222740,296100
2007-09-10,69.012276,69.207504,67.946045,68.531723,55.983521,312200
2007-09-11,68.524216,69.395218,68.261414,69.372696,56.670513,281300
2007-09-12,69.372696,70.559067,69.350166,70.206161,57.351368,244300
2007-09-13,70.356331,70.866920,69.665535,70.258720,57.394306,238400
2007-09-14,70.108543,70.791832,69.500343,70.581589,57.658058,349300
2007-09-17,70.596611,71.212318,70.341316,70.881943,57.903416,240800
2007-09-18,70.994568,71.257370,70.296265,70.994568,57.995419,186000
2007-09-19,71.257370,72.338623,71.152252,72.188446,58.970699,202700
2007-09-20,72.113365,72.293571,71.129723,72.083328,58.884827,212200
2007-09-21,72.271042,72.631462,71.279900,71.279900,58.228504,359400
2007-09-24,71.955681,72.045784,70.739273,71.114708,58.093563,186500
2007-09-25,70.393875,70.574081,69.455292,69.935844,57.130547,291700
2007-09-26,70.416405,70.679207,68.494179,69.177467,56.511032,265600
2007-09-27,69.725601,70.574081,69.169960,70.453941,57.553780,146600
2007-09-28,70.656677,71.895615,70.656677,71.407547,58.332783,648800
2007-10-01,71.370003,72.473778,71.370003,72.353638,59.105640,147800
2007-10-02,71.985718,72.451256,71.422562,72.413712,59.154716,148100
2007-10-03,72.653992,72.834198,71.167267,71.542702,58.443188,180800
2007-10-04,71.782982,71.782982,70.386368,71.167267,58.136497,173100
2007-10-05,71.505157,71.512672,70.086021,71.219833,58.179440,128200
2007-10-08,71.069656,71.069656,70.228683,70.446434,57.547649,95400
2007-10-09,70.326294,70.754295,70.138580,70.754295,57.799141,99900
2007-10-10,70.161110,71.137238,69.890793,70.806854,57.842079,112600
2007-10-11,71.234848,71.685371,69.462799,70.063492,57.234825,151200
2007-10-12,69.695564,70.251213,69.597954,69.995918,57.179626,164700
2007-10-15,70.153595,71.099693,70.153595,70.581589,57.658058,97800
2007-10-16,70.131073,70.131073,68.944702,69.102379,56.449692,142100
2007-10-17,69.184975,69.537888,68.208847,68.711929,56.130733,158200
2007-10-18,68.359024,68.824562,68.013626,68.449127,55.916050,91300
2007-10-19,68.261414,68.389061,66.842270,67.127602,54.836498,252600
2007-10-22,66.444313,67.435455,66.189018,66.692093,54.480732,205900
2007-10-23,67.120094,67.750816,66.917358,67.623169,55.241325,126500
2007-10-24,67.450470,67.885979,66.504379,67.390404,55.051178,115700
2007-10-25,67.705765,67.968575,66.083893,66.384239,54.229248,241000
2007-10-26,67.653206,70.559067,67.412926,69.965881,57.155087,300800
2007-10-29,70.378860,71.077164,69.387711,69.703079,56.940403,153600
2007-10-30,69.590446,69.823219,68.591789,68.794525,56.198204,205900
2007-10-31,69.425255,69.770653,68.111237,68.817055,56.216610,318100
2007-11-01,67.968575,69.935844,67.277771,68.621826,56.057129,187700
2007-11-02,69.297607,69.522865,68.223869,68.944702,56.320885,181700
2007-11-05,68.381546,69.079857,67.900993,68.907158,56.290218,155900
2007-11-06,68.253899,69.305115,67.855942,68.298950,55.793373,373200
2007-11-07,68.223869,69.778160,68.223869,69.192490,56.523304,298800
2007-11-08,69.515358,70.010933,68.854599,69.710587,56.946537,250800
2007-11-09,69.365189,70.033455,68.524216,69.109894,56.455830,165100
2007-11-12,68.569267,68.614319,66.932373,67.285278,54.965302,400200
2007-11-13,67.630684,68.554245,66.842270,68.554245,56.001923,336600
2007-11-14,68.982246,68.982246,67.900993,67.900993,55.468281,131500
2007-11-15,68.328987,68.486671,66.887321,67.375389,55.038914,245700
2007-11-16,67.645699,68.328987,67.330338,68.028641,55.572552,191400
2007-11-19,68.614319,68.614319,67.585632,68.021133,55.566422,287900
2007-11-20,68.539230,68.539230,66.759674,67.578117,55.204525,541600
2007-11-21,67.578117,67.578117,66.098907,66.098907,53.996159,334600
2007-11-23,66.767181,68.471657,66.609497,68.133766,55.658432,73200
2007-11-26,68.404076,68.839577,67.135109,67.330338,55.002113,327500
2007-11-27,66.902336,67.135109,65.513237,65.971260,53.891884,564000
2007-11-28,65.971260,67.067528,65.971260,66.707115,54.493004,243400
2007-11-29,66.549431,67.600647,66.549431,67.375389,55.038914,129000
2007-11-30,67.270264,68.021133,66.834763,68.006119,55.554157,480000
2007-12-03,67.931030,68.494179,67.503036,68.306465,55.799507,178000
2007-12-04,68.321480,68.344009,67.660713,67.743309,55.339470,283500
2007-12-05,68.193832,69.079857,68.058678,68.464142,55.928314,223500
2007-12-06,68.006119,69.733109,68.006119,69.342659,56.645973,196700
2007-12-07,69.560410,70.221176,69.470306,70.221176,57.363636,172600
2007-12-10,70.191139,70.619133,69.740623,70.131073,57.290031,154400
2007-12-11,69.943352,70.131073,68.884628,68.959717,56.333153,375100
2007-12-12,70.243698,70.881943,68.907158,69.530380,56.799324,406000
2007-12-13,68.899651,69.823219,68.719437,69.560410,56.823856,196300
2007-12-14,69.297607,69.515358,68.381546,68.561760,56.008060,98800
2007-12-17,68.268921,68.268921,67.503036,67.563103,55.192257,148100
2007-12-18,67.750816,68.253899,66.962410,67.968575,55.523487,257200
2007-12-19,67.968575,68.193832,67.480507,67.998604,55.548016,156900
2007-12-20,68.073692,68.178818,67.450470,68.141273,55.664566,101100
2007-12-21,68.216354,68.944702,68.118744,68.944702,56.320885,189400
2007-12-24,68.441620,69.312622,68.231377,69.275085,56.590775,49300
2007-12-26,68.944702,70.010933,68.944702,69.612976,56.866798,60300
2007-12-27,69.740623,69.740623,68.621826,68.922173,56.302483,429000
2007-12-28,69.139923,69.658028,68.764488,68.764488,56.173668,141600
2007-12-31,69.064842,70.348824,68.794525,69.635498,56.885193,195000
2008-01-02,69.875778,71.317444,69.875778,71.174782,58.142635,297400
2008-01-03,71.189796,73.179596,71.189796,72.496307,59.222191,297400
2008-01-04,72.000732,72.195961,71.400040,71.565231,58.461594,250000
2008-01-07,71.692879,71.865578,70.641663,71.294914,58.240772,260000
2008-01-08,71.542702,71.670349,70.754295,70.806854,57.842079,193400
2008-01-09,70.889450,71.294914,70.198647,71.189796,58.154900,296500
2008-01-10,70.476471,70.829376,69.605461,70.499001,57.590588,277600
2008-01-11,70.206161,70.559067,69.785675,69.785675,57.007877,250700
2008-01-14,70.476471,70.521523,69.552902,70.123566,57.283897,137400
2008-01-15,69.192490,70.191139,69.192490,69.838234,57.050812,304600
2008-01-16,69.455292,70.123566,68.238884,69.327644,56.633709,171400
2008-01-17,69.718094,71.189796,67.698257,67.953552,55.511215,251200
2008-01-18,67.885979,68.569267,65.933716,67.232719,54.922367,261600
2008-01-22,65.700951,67.450470,65.700951,67.172653,54.873299,273500
2008-01-23,66.504379,66.586975,63.936409,66.474342,54.302849,313000
2008-01-24,66.827255,67.202682,65.257935,66.361717,54.210846,348900
2008-01-25,67.082550,67.758331,65.355553,65.603340,53.591331,216600
2008-01-28,65.730988,66.369225,64.664749,66.369225,54.216976,202200
2008-01-29,66.564445,66.699608,65.836105,66.219048,54.094299,155600
2008-01-30,66.219048,66.219048,64.844963,65.145309,53.217163,216900
2008-01-31,65.137802,66.647041,64.537102,66.189018,54.069771,245500
2008-02-01,66.038841,67.082550,65.746002,67.014969,54.744488,218800
2008-02-04,67.240227,67.608154,66.384239,67.112579,54.824223,175300
2008-02-05,65.836105,66.264099,65.287971,65.423126,53.444111,125800
2008-02-06,65.903687,65.903687,64.732330,65.100258,53.180363,178000
2008-02-07,64.942574,66.782204,64.574646,66.354202,54.204704,178500
2008-02-08,66.294136,66.977425,66.128944,66.729637,54.511402,147700
2008-02-11,66.564445,67.330338,65.806068,67.052513,54.775158,146800
2008-02-12,67.202682,67.382896,66.436798,66.827255,54.591145,174600
2008-02-13,67.195175,67.870956,66.579468,67.848434,55.425346,155100
2008-02-14,67.675735,68.471657,67.382896,67.653206,55.265862,171800
2008-02-15,67.578117,68.539230,67.180161,68.426598,55.897644,152700
2008-02-19,69.072350,69.703079,68.531723,69.207504,56.535568,167500
2008-02-20,68.539230,70.574081,68.539230,70.559067,57.639660,256800
2008-02-21,70.206161,70.499001,69.492836,70.018440,57.198021,244300
2008-02-22,69.830727,71.212318,69.057327,71.054642,58.044491,240700
2008-02-25,71.182289,72.278557,71.002075,71.865578,58.706944,200400
2008-02-26,71.940666,73.307243,71.692879,72.976860,59.614754,287400
2008-02-27,72.834198,73.367310,72.068314,72.886757,59.541145,177400
2008-02-28,73.021912,73.434891,72.849213,73.097000,59.712894,193900
2008-02-29,72.916794,72.916794,71.234848,72.075821,58.878693,213300
2008-03-03,72.075821,72.158417,70.581589,71.332458,58.271442,203400
2008-03-04,70.769310,71.888100,69.995918,71.294914,58.240772,421100
2008-03-05,71.835541,72.578903,71.092186,71.550209,58.449322,315000
2008-03-06,71.249863,72.060799,70.228683,70.514015,57.602859,289500
2008-03-07,69.688057,70.221176,69.109894,69.860756,57.069206,230100
2008-03-10,70.123566,70.123566,68.862106,69.537888,56.805458,280000
2008-03-11,71.137238,71.137238,69.665535,70.866920,57.891144,234900
2008-03-12,70.866920,71.279900,70.206161,70.679207,57.737801,247700
2008-03-13,69.590446,71.324951,69.147438,71.264885,58.216240,200800
2008-03-14,71.655334,72.038277,69.575432,70.438927,57.541515,266100
2008-03-17,69.297607,69.515358,67.728294,68.021133,55.566422,171800
2008-03-18,66.414276,67.488014,64.326859,65.190361,53.253967,750700
2008-03-19,64.709801,65.130287,62.337063,63.200562,51.628502,638700
2008-03-20,62.652428,63.215576,61.766403,62.832634,51.327942,1418400
2008-03-24,62.885197,63.771221,62.352077,62.825127,51.321808,478300
2008-03-25,62.825127,63.305683,62.487236,63.117966,51.561028,444900
2008-03-26,62.787582,63.523434,62.156853,62.584846,51.125523,618000
2008-03-27,62.735023,63.020351,61.916576,61.916576,50.579613,649400
2008-03-28,62.464710,62.464710,61.533634,61.841488,50.518272,685900
2008-03-31,61.909065,64.349388,61.909065,64.094093,52.358425,729900
2008-04-01,65.250427,65.250427,63.628555,63.786236,52.106937,552700
2008-04-02,63.681114,64.191704,62.817616,63.943920,52.235752,462700
2008-04-03,63.343224,64.462021,63.208069,64.086586,52.352295,507700
2008-04-04,63.943920,64.229248,63.621044,63.966446,52.254150,212200
2008-04-07,64.920044,64.920044,63.726166,63.996479,52.278687,341300
2008-04-08,63.996479,64.619698,62.982807,63.358242,51.757309,421700
2008-04-09,63.147999,64.124130,63.147999,63.410805,51.800251,357700
2008-04-10,63.748695,63.793747,62.479725,63.455856,51.837051,307600
2008-04-11,63.095440,63.283154,62.337063,62.697479,51.217533,288300
2008-04-14,62.697479,63.936409,62.697479,63.696133,52.033333,236000
2008-04-15,63.898869,64.184196,63.703640,64.026512,52.303219,283100
2008-04-16,64.259285,65.866142,64.071564,65.858635,53.799877,359600
2008-04-17,65.730988,66.143959,65.565796,66.076385,53.977757,378400
2008-04-18,66.962410,67.412926,66.234070,67.210197,54.903969,273100
2008-04-21,67.045006,67.337845,66.264099,66.842270,54.603409,218000
2008-04-22,66.639534,66.722130,64.732330,65.250427,53.303032,253900
2008-04-23,65.025169,65.227905,63.831287,64.281807,52.511768,351200
2008-04-24,63.132980,63.988972,62.186890,63.816273,52.131474,531000
2008-04-25,64.086586,64.679771,63.583504,64.184196,52.432030,301700
2008-04-28,63.936409,64.514580,63.673607,64.304337,52.530174,328300
2008-04-29,63.545959,63.756203,63.185543,63.425819,51.812515,298400
2008-04-30,63.801254,64.364403,63.575993,63.906376,52.205078,310400
2008-05-01,64.349388,64.874992,63.936409,64.537102,52.720318,510300
2008-05-02,64.927559,65.490707,64.687279,65.393097,53.419582,315900
2008-05-05,65.092751,65.302994,62.990318,63.027859,51.487419,734000
2008-05-06,62.810108,64.371918,62.584846,63.628555,51.978127,504600
2008-05-07,63.726166,64.829941,63.560978,64.431984,52.634449,383800
2008-05-08,64.311844,65.242920,64.311844,65.002640,53.100620,427100
2008-05-09,64.672264,65.573303,64.462021,65.573303,53.566792,300800
2008-05-12,65.678421,65.858635,64.942574,65.761017,53.720135,173100
2008-05-13,65.580811,66.354202,65.032677,65.205376,53.266232,473100
2008-05-14,65.287971,67.127602,65.287971,65.618355,53.603596,561200
2008-05-15,65.858635,67.195175,65.776039,66.827255,54.591145,372300
2008-05-16,67.165146,68.231377,67.165146,67.630684,55.247463,192900
2008-05-19,67.758331,68.892136,67.728294,68.148781,55.670696,267800
2008-05-20,67.758331,68.659370,67.758331,68.261414,55.762707,207400
2008-05-21,68.419090,69.552902,67.878464,67.976082,55.529617,250300
2008-05-22,67.608154,67.900993,66.737144,67.352859,55.020512,241800
2008-05-23,67.367874,67.473000,66.151474,66.309151,54.167904,192600
2008-05-27,63.658588,66.654556,63.658588,66.271606,54.137234,171200
2008-05-28,66.241577,66.842270,66.076385,66.774689,54.548203,133400
2008-05-29,66.827255,67.255249,66.436798,66.819740,54.585003,188700
2008-05-30,66.842270,67.292793,66.189018,66.812233,54.578873,259600
2008-06-02,66.782204,67.765839,66.677078,67.638191,55.253597,452900
2008-06-03,67.435455,67.435455,66.113930,66.143959,54.032963,426500
2008-06-04,65.813583,67.157631,65.746002,66.451820,54.284454,262900
2008-06-05,66.774689,67.818398,64.807419,67.780853,55.370140,239700
2008-06-06,67.968575,69.350166,67.698257,67.750816,55.345604,330300
2008-06-09,68.614319,69.582939,68.223869,69.207504,56.535568,281900
2008-06-10,69.177467,69.643005,67.668228,68.298950,55.793373,158300
2008-06-11,68.103729,68.982246,67.690750,68.216354,55.725899,113800
2008-06-12,68.066185,68.216354,66.556938,66.752167,54.529804,236700
2008-06-13,67.090057,67.795876,66.601990,66.804726,54.572739,209200
2008-06-16,67.052513,67.623169,66.669571,67.285278,54.965302,336800
2008-06-17,67.427948,68.546738,67.345352,68.298950,55.793373,278000
2008-06-18,68.328987,68.546738,67.578117,68.298950,55.793373,200400
2008-06-19,68.479164,68.479164,67.105072,67.555595,55.186127,167900
2008-06-20,67.555595,69.094872,67.052513,67.345352,55.014378,378100
2008-06-23,67.307808,68.584282,67.262756,68.043655,55.584824,180200
2008-06-24,67.758331,68.126251,67.187668,67.232719,54.922367,397200
2008-06-25,67.503036,67.683243,66.759674,67.247742,54.934643,453500
2008-06-26,67.240227,68.569267,66.827255,67.014969,54.744488,290200
2008-06-27,66.834763,68.171303,66.639534,67.503036,55.143188,295600
2008-06-30,67.780853,68.426598,67.150124,67.210197,54.903969,246200
2008-07-01,66.444313,67.307808,65.625862,66.669571,54.462330,326200
2008-07-02,66.234070,67.382896,64.229248,64.627213,52.793930,259600
2008-07-03,64.537102,64.687279,63.163017,64.296829,52.524040,212700
2008-07-07,63.861324,64.394440,62.907722,63.403294,51.794113,280400
2008-07-08,63.425819,63.425819,61.541142,63.080421,51.530357,402400
2008-07-09,63.523434,64.837456,63.238102,63.943920,52.235752,360300
2008-07-10,64.041534,64.341881,62.704987,64.176689,52.425896,248400
2008-07-11,64.184196,65.167831,63.898869,64.882507,53.002480,293700
2008-07-14,65.708458,66.106422,64.567139,65.190361,53.253967,247000
2008-07-15,64.492050,64.882507,63.711151,63.973953,52.260284,261600
2008-07-16,63.786236,64.169182,62.562321,63.801254,52.119205,193900
2008-07-17,63.853813,64.139145,62.614883,63.253120,51.671436,310000
2008-07-18,63.380768,64.266792,63.193050,63.988972,52.272552,217900
2008-07-21,64.214233,64.529594,62.607372,64.259285,52.493374,392800
2008-07-22,63.651081,64.935066,63.523434,63.943920,52.235752,394500
2008-07-23,63.560978,64.161674,62.307026,62.592358,51.131660,343200
2008-07-24,62.704987,63.268139,61.023041,61.638756,50.352661,556100
2008-07-25,62.044224,62.622391,61.623737,62.276993,50.874035,397200
2008-07-28,62.539795,63.403294,62.487236,62.487236,51.045784,295800
2008-07-29,62.817616,63.230595,62.216923,62.637409,51.168461,306600
2008-07-30,62.547306,64.259285,62.201904,64.259285,52.493374,315900
2008-07-31,63.673607,63.928902,62.547306,62.825127,51.321808,442600
2008-08-01,63.035370,63.575993,62.674953,63.410805,51.800251,324200
2008-08-04,63.478382,63.823780,61.946609,61.999172,50.647083,564700
2008-08-05,62.104294,62.539795,60.625084,62.322044,50.910843,750100
2008-08-06,62.765057,63.906376,61.939102,63.771221,52.094673,398400
2008-08-07,63.673607,64.199211,62.186890,62.307026,50.898571,463000
2008-08-08,61.721352,62.314537,61.451038,62.179379,50.794296,375200
2008-08-11,62.179379,62.712494,61.556160,62.314537,50.904709,421800
2008-08-12,62.502254,62.877686,61.848999,62.066750,50.702290,264100
2008-08-13,62.239449,63.718658,62.059242,63.500908,51.873852,308500
2008-08-14,63.155506,63.823780,62.727512,63.756203,52.082405,230400
2008-08-15,63.440838,63.711151,62.622391,63.155506,51.591694,291500
2008-08-18,63.523434,64.071564,62.885197,62.945263,51.419949,165300
2008-08-19,62.982807,63.778728,62.907722,63.718658,52.051735,165700
2008-08-20,64.071564,64.799911,63.673607,64.492050,52.683517,243000
2008-08-21,64.522087,65.325516,64.477036,65.025169,53.119019,263100
2008-08-22,64.950081,65.265450,63.613537,63.973953,52.260284,169900
2008-08-25,63.688625,64.507072,63.140491,63.718658,52.051735,159500
2008-08-26,63.898869,65.250427,63.891357,65.227905,53.284634,244200
2008-08-27,65.633369,66.549431,65.430641,66.286629,54.149506,261400
2008-08-28,66.579468,66.579468,65.107765,65.768532,53.726273,180000
2008-08-29,65.963753,66.571960,65.385582,66.189018,54.069771,253600
2008-09-02,65.520744,66.264099,63.485889,63.913883,52.211212,378900
2008-09-03,63.973953,64.146652,62.419659,63.193050,51.622364,613400
2008-09-04,62.817616,63.245613,61.218269,62.096783,50.726826,546700
2008-09-05,62.096783,62.787582,61.736366,62.427166,50.996716,512400
2008-09-08,63.418312,63.733677,62.246956,62.592358,51.131660,241600
2008-09-09,62.231941,62.554813,61.195744,61.323391,50.095039,457400
2008-09-10,61.909065,62.577339,61.353424,62.322044,50.910843,326200
2008-09-11,61.736366,61.961628,60.504944,61.713840,50.413998,345400
2008-09-12,62.134327,65.032677,61.886539,64.469528,52.665115,429700
2008-09-15,63.283154,63.373260,61.330898,61.496090,50.236118,370500
2008-09-16,59.994354,64.259285,59.851688,63.966446,52.254150,433800
2008-09-17,63.936409,64.446999,61.180725,61.848999,50.524410,280400
2008-09-18,61.976646,64.724823,61.736366,64.124130,52.382961,372000
2008-09-19,63.072914,66.699608,63.072914,65.520744,53.523857,492400
2008-09-22,65.813583,66.451820,64.814926,65.333023,53.370506,232600
2008-09-23,65.062714,65.325516,62.855160,63.238102,51.659168,272000
2008-09-24,63.636063,63.681114,62.186890,62.322044,50.910843,175900
2008-09-25,61.758892,62.735023,61.653770,62.472218,51.033516,152400
2008-09-26,61.496090,62.607372,61.008026,61.871525,50.542812,180100
2008-09-29,60.099476,60.339752,56.698044,57.441402,46.923847,318300
2008-09-30,57.929466,59.558849,57.719223,59.281029,48.426640,317000
2008-10-01,58.132202,59.453728,57.651646,58.327427,47.647640,192900
2008-10-02,57.629120,57.629120,55.293919,55.684372,45.488529,396300
2008-10-03,56.104858,57.869396,53.807201,53.807201,43.955070,630600
2008-10-06,52.110241,52.620831,47.582504,49.669918,40.575325,776600
2008-10-07,50.195526,51.164146,48.813931,49.279469,40.256367,560500
2008-10-08,48.198215,49.955250,46.148346,48.348392,39.495773,488400
2008-10-09,48.363407,49.452168,43.445221,43.445221,35.490376,317500
2008-10-10,39.495659,44.188583,38.744789,42.048607,34.349483,1014400
2008-10-13,42.416534,47.192055,42.348957,47.192055,38.551159,207500
2008-10-14,48.806419,49.219398,45.232288,47.304684,38.643169,361200
2008-10-15,44.834328,46.553818,41.222652,41.222652,33.674763,403000
2008-10-16,41.785805,43.572868,40.471786,43.392662,35.447437,370000
2008-10-17,41.673176,45.089622,41.282722,42.957157,35.091675,261900
2008-10-20,43.587887,45.142185,43.069790,44.909416,36.686474,322000
2008-10-21,44.586540,46.531292,43.790623,45.067097,36.815285,271300
2008-10-22,43.587887,43.587887,41.252689,42.078644,34.374020,398200
2008-10-23,41.635632,43.310066,40.802166,43.204945,35.294094,409000
2008-10-24,42.041100,42.844528,40.546871,42.003555,34.312675,373300
2008-10-27,41.297741,42.123695,40.096352,40.096352,32.754684,382500
2008-10-28,40.772133,44.045918,39.841057,44.015881,35.956547,395600
2008-10-29,44.105988,46.621395,43.685501,45.074608,36.821423,386800
2008-10-30,47.627556,48.671265,45.029552,48.573650,39.679783,383600
2008-10-31,47.740189,50.661064,46.688972,50.435802,41.200974,434600
2008-11-03,49.459675,49.504726,47.957939,48.791405,39.857670,330700
2008-11-04,49.226906,50.533417,48.626213,50.315666,41.102837,279500
2008-11-05,50.173000,51.344353,49.617359,49.820091,40.698002,194400
2008-11-06,49.699955,51.396915,48.753860,49.091751,40.103020,497100
2008-11-07,49.970264,50.510891,48.603687,50.263103,41.059898,210000
2008-11-10,51.209198,52.493183,50.968922,52.117748,42.574955,407400
2008-11-11,50.751167,50.938885,49.917706,50.218052,41.023094,395400
2008-11-12,48.723824,50.218052,48.048042,48.325863,39.477371,419900
2008-11-13,48.408459,52.395569,47.147003,52.215363,42.654697,392900
2008-11-14,51.622177,53.979900,50.368225,51.689754,42.225330,278100
2008-11-17,51.817402,52.117748,49.121784,49.174347,40.170494,283500
2008-11-18,47.792747,51.164146,47.792747,51.074043,41.722355,472200
2008-11-19,50.233070,51.284286,47.897869,48.956593,39.992611,440500
2008-11-20,47.342228,47.672611,42.191273,42.431549,34.662308,502800
2008-11-21,42.146221,44.691662,41.125042,44.503948,36.355247,426900
2008-11-24,44.661629,47.222088,44.661629,46.531292,38.011383,300300
2008-11-25,46.711498,47.364754,46.043224,46.966793,38.367146,487000
2008-11-26,46.411152,50.443314,46.253468,50.338192,41.121239,190700
2008-11-28,50.000301,50.000301,48.896523,49.654900,40.563057,63000
2008-12-01,47.379772,48.265797,47.041882,47.094440,38.471420,485200
2008-12-02,47.582504,49.076733,45.547653,47.319702,38.655437,579200
2008-12-03,45.239796,46.260979,44.609070,46.020699,37.594280,453200
2008-12-04,45.848000,46.215927,43.295048,44.301212,36.189632,402300
2008-12-05,43.933289,45.269833,42.454079,44.886890,36.668076,312400
2008-12-08,45.915577,46.974304,44.256161,45.817966,37.428669,315800
2008-12-09,45.712845,47.394787,45.127167,46.516273,37.999115,720200
2008-12-10,47.184544,49.076733,47.019356,48.776386,39.845398,564600
2008-12-11,48.213234,49.940231,46.996830,47.665100,38.937592,381100
2008-12-12,47.612541,48.093094,46.028210,47.259632,38.606365,471400
2008-12-15,47.079422,47.845310,46.846653,47.424824,38.741310,619000
2008-12-16,48.363407,49.174347,47.605030,48.753860,39.827000,575900
2008-12-17,48.543617,49.955250,48.183201,49.527252,40.458782,354200
2008-12-18,49.745007,49.745007,47.116966,47.597523,38.882389,499100
2008-12-19,47.349735,48.438496,47.252125,48.190708,39.366959,409800
2008-12-22,48.018009,48.355900,46.388626,46.974304,38.373283,306700
2008-12-23,47.642574,47.972958,46.426170,46.658939,38.115658,264800
2008-12-24,46.688972,46.688972,45.930595,46.418659,37.919376,85000
2008-12-26,46.681465,46.929249,45.540146,46.734024,38.176998,364600
2008-12-29,47.199562,47.417313,45.772915,46.899216,38.311939,578500
2008-12-30,47.147003,48.964104,46.155857,48.866489,39.919003,430200
2008-12-31,48.798912,50.375736,48.318356,50.045353,40.882019,525700
2009-01-02,49.662411,52.207851,49.662411,51.824909,42.335735,325600
2009-01-05,51.682243,52.635845,51.171654,52.072697,42.538155,310600
2009-01-06,52.973736,53.747131,52.688408,53.266575,43.513435,681500
2009-01-07,52.876125,53.379208,51.299301,52.185326,42.630161,835300
2009-01-08,52.162800,53.319138,51.404423,53.289101,43.531834,343200
2009-01-09,53.319138,53.394222,50.796219,51.021481,41.679417,446300
2009-01-12,50.616013,51.329338,49.474693,49.729988,40.624397,441800
2009-01-13,49.932724,51.044006,49.594833,50.938885,41.611942,456900
2009-01-14,50.450821,50.608505,48.994137,49.422131,40.372910,372300
2009-01-15,49.594833,50.037846,47.905380,49.467182,40.409714,462000
2009-01-16,50.308155,50.308155,48.010502,49.091751,40.103020,305900
2009-01-20,48.633720,48.979118,46.553818,46.621395,38.084988,227100
2009-01-21,47.372261,48.048042,45.727863,47.882854,39.115475,771800
2009-01-22,47.011845,48.160675,46.666447,47.424824,38.741310,359100
2009-01-23,47.199562,48.791405,46.786587,48.618702,39.716591,379200
2009-01-26,48.746349,50.203033,48.641228,49.422131,40.372910,256300
2009-01-27,49.767532,49.910194,48.783894,49.542271,40.471050,251500
2009-01-28,50.345699,50.871307,49.482201,50.075386,40.906551,309900
2009-01-29,48.813931,50.608505,48.618702,49.061714,40.078484,329000
2009-01-30,49.895180,50.188019,48.453514,48.836456,39.894470,559000
2009-02-02,47.995483,49.249432,47.995483,48.506073,39.624580,312800
2009-02-03,48.393444,49.174347,48.198215,49.031681,40.053951,481500
2009-02-04,49.557289,49.992790,48.889015,49.377079,40.336105,589100
2009-02-05,49.467182,51.059025,48.791405,50.691097,41.409527,484200
2009-02-06,50.585976,51.487019,50.255596,51.381897,41.973843,348400
2009-02-09,51.554596,51.945049,50.345699,50.848782,41.538342,318200
2009-02-10,50.871307,51.366879,49.039188,49.407116,40.360641,259000
2009-02-11,49.609848,50.285629,49.069225,49.579815,40.501720,330000
2009-02-12,49.091751,50.413277,48.836456,50.210545,41.016960,330300
2009-02-13,50.383244,51.224216,50.278122,50.901340,41.581276,286100
2009-02-17,49.932724,50.330681,48.866489,49.790058,40.673470,650400
2009-02-18,50.375736,50.953903,48.791405,49.264450,40.244099,365800
2009-02-19,50.060371,50.458328,49.347046,49.437149,40.385178,170200
2009-02-20,48.581161,49.362064,46.989319,48.025517,39.232014,328000
2009-02-23,48.543617,48.979118,45.720352,45.817966,37.428669,397300
2009-02-24,46.193401,46.561325,45.389973,46.478729,37.968445,367300
2009-02-25,46.553818,46.568832,45.052082,45.720352,37.348927,467000
2009-02-26,46.200909,46.741531,45.645267,45.682808,37.318260,379700
2009-02-27,45.322392,45.968140,44.443878,44.984501,36.747810,469800
2009-03-02,44.196091,44.624084,42.108677,42.491619,34.711376,463200
2009-03-03,43.287540,43.647957,41.447914,41.665665,34.036655,559000
2009-03-04,42.153728,43.257507,42.153728,42.536671,34.748180,263700
2009-03-05,41.988541,42.454079,40.396698,40.787151,33.319000,429000
2009-03-06,41.132549,41.860889,40.096352,41.222652,33.674763,355900
2009-03-09,40.614449,42.213799,40.516838,40.599434,33.165653,284900
2009-03-10,41.545528,41.853382,40.058807,40.576908,33.147251,458900
2009-03-11,40.299088,40.847218,39.780987,40.336628,32.950966,264300
2009-03-12,40.344139,41.650650,39.758461,41.507984,33.907848,252200
2009-03-13,41.500473,41.988541,41.357811,41.815838,34.159332,463600
2009-03-16,42.048607,43.317574,41.372826,42.424042,34.656174,576700
2009-03-17,42.138714,43.617924,41.628120,43.617924,35.631454,488900
2009-03-18,43.617924,44.181072,42.424042,43.895744,35.858406,286500
2009-03-19,44.301212,45.052082,44.045918,44.226124,36.128296,380600
2009-03-20,44.143532,44.443878,42.822002,43.062279,35.177547,353400
2009-03-23,43.430206,45.142185,43.430206,45.142185,36.876625,571300
2009-03-24,44.774258,45.863018,44.579033,45.059589,36.809155,515300
2009-03-25,45.239796,45.900562,44.473911,45.645267,37.287594,403700
2009-03-26,46.298523,46.651428,45.067097,45.570179,37.226250,980900
2009-03-27,44.871872,45.817966,44.346264,45.337410,37.036102,788700
2009-03-30,44.105988,44.263668,43.460239,44.053425,35.987217,637200
2009-03-31,44.669136,44.714191,43.723045,43.783112,35.766396,346700
2009-04-01,43.550343,44.984501,43.249996,44.796783,36.594467,561900
2009-04-02,45.832981,47.056896,45.832981,46.283504,37.808968,423900
2009-04-03,44.714191,46.471222,44.714191,46.313538,37.833500,310600
2009-04-06,45.585197,46.013191,45.179729,45.817966,37.428669,251300
2009-04-07,44.976994,45.660282,44.714191,45.344917,37.042236,258800
2009-04-08,45.217270,45.307377,44.331245,44.616577,36.447254,468100
2009-04-09,45.607723,45.607723,44.458893,44.751732,36.557659,369000
2009-04-13,44.323738,45.052082,43.505291,44.639103,36.465656,215200
2009-04-14,44.271179,45.052082,43.895744,44.331245,36.214169,251600
2009-04-15,44.256161,44.781769,43.850693,44.669136,36.490189,324200
2009-04-16,44.736717,45.825474,44.323738,45.675301,37.312126,196100
2009-04-17,45.885544,46.050735,45.217270,45.878036,37.477741,209100
2009-04-20,45.427513,45.427513,43.670483,43.775604,35.760265,196600
2009-04-21,43.670483,45.277340,43.467751,45.164711,36.895023,173100
2009-04-22,44.676647,45.585197,44.549000,44.804295,36.600601,211000
2009-04-23,45.164711,47.387280,45.052082,47.252125,38.600235,564700
2009-04-24,48.063061,48.385933,47.252125,48.145657,39.330158,285300
2009-04-27,47.334721,47.710152,46.621395,47.409805,38.729042,236400
2009-04-28,46.764061,47.770222,46.441185,47.417313,38.735172,191600
2009-04-29,47.822784,50.195526,47.484894,49.947739,40.802277,402600
2009-04-30,50.510891,51.028988,49.166836,49.347046,40.311569,404700
2009-05-01,49.362064,51.704769,49.362064,51.261757,41.875698,203600
2009-05-04,51.854946,53.041317,51.809891,53.041317,43.329422,184600
2009-05-05,52.763496,53.296612,51.479511,53.161453,43.427559,197100
2009-05-06,54.062496,54.062496,53.153946,53.897305,44.028675,237400
2009-05-07,54.242706,54.550560,52.560760,53.431767,43.648376,265200
2009-05-08,54.340317,54.708244,53.642010,54.625648,44.623657,259500
2009-05-11,54.017445,54.588104,53.311626,53.717098,43.881466,205600
2009-05-12,54.280247,55.188797,53.882286,55.016098,44.942616,337900
2009-05-13,54.482983,55.106201,53.807201,53.867271,44.004143,294100
2009-05-14,53.807201,54.482983,53.281593,54.122566,44.212692,157900
2009-05-15,53.874779,54.685719,53.694572,54.513016,44.531651,293700
2009-05-18,55.098694,56.472782,54.813366,56.472782,46.132580,309500
2009-05-19,56.728077,58.057114,56.247520,57.621609,47.071060,256400
2009-05-20,58.064621,58.702862,56.930813,57.148563,46.684628,203800
2009-05-21,56.547871,56.547871,55.263885,55.564232,45.390388,328800
2009-05-22,55.226341,55.894615,54.858418,55.346481,45.212505,215100
2009-05-26,55.241360,55.917141,55.001080,55.714405,45.513065,358500
2009-05-27,56.037277,56.157417,55.466618,55.691879,45.494659,273900
2009-05-28,55.699387,57.366314,55.361500,57.058460,46.611019,213900
2009-05-29,57.599083,57.944485,56.705551,57.373825,46.868645,264000
2009-06-01,57.674171,59.513798,57.674171,59.250996,48.402100,253700
2009-06-02,58.973171,59.806637,58.319920,59.701515,48.770130,206500
2009-06-03,59.115837,59.115837,57.186108,58.049606,47.420689,205800
2009-06-04,58.650299,58.650299,57.982029,58.530159,47.813251,149100
2009-06-05,58.627773,59.213451,57.463928,58.387497,47.696709,118000
2009-06-08,57.606594,58.657810,57.351299,58.267357,47.598568,131200
2009-06-09,58.898087,59.528816,58.417530,59.296047,48.438908,174000
2009-06-10,59.904251,60.114491,58.612755,59.213451,48.371433,163900
2009-06-11,59.093311,60.069439,58.973171,59.378643,48.506378,184500
2009-06-12,58.740402,59.611412,58.567703,59.468746,48.579983,271200
2009-06-15,58.657810,58.665318,57.764275,58.079639,47.445221,292500
2009-06-16,58.755421,58.973171,57.201126,57.313755,46.819569,193000
2009-06-17,56.885761,57.208633,56.360153,56.765621,46.371799,185400
2009-06-18,56.863235,57.080986,56.022263,56.652992,46.279797,210200
2009-06-19,57.178600,57.276211,56.487801,56.840710,46.433144,218000
2009-06-22,55.947174,56.022263,54.738277,54.738277,44.715664,254800
2009-06-23,54.888451,55.173782,54.085022,54.828381,44.789268,228500
2009-06-24,54.865925,55.301430,54.588104,54.828381,44.789268,147200
2009-06-25,54.828381,55.489147,54.625648,55.376514,45.237041,230400
2009-06-26,55.369007,56.052296,54.941013,56.029770,45.770687,297100
2009-06-29,56.052296,56.585411,55.789494,56.119873,45.844292,262000
2009-06-30,56.262539,56.668007,55.429077,56.495308,46.150982,206200
2009-07-01,57.238667,58.177254,57.103512,57.831852,47.242805,297600
2009-07-02,57.208633,57.493961,56.577904,56.577904,46.218456,263100
2009-07-06,55.819527,56.780640,55.459110,56.607941,46.242992,251600
2009-07-07,56.683025,56.923302,55.338970,55.429077,45.279980,168800
2009-07-08,55.654335,55.879597,54.220177,55.414059,45.267708,315500
2009-07-09,55.902122,57.020916,55.308937,56.442749,46.108047,242100
2009-07-10,55.797001,56.713058,55.399040,56.285065,45.979237,290100
2009-07-13,56.375168,57.599083,55.661846,57.584068,47.040390,383500
2009-07-14,58.004555,58.094658,57.306248,57.756767,47.181469,176400
2009-07-15,58.417530,59.483765,58.057114,59.446220,48.561581,237400
2009-07-16,58.717876,59.701515,58.717876,59.446220,48.561581,263100
2009-07-17,59.671482,60.437366,59.198433,60.152035,49.138161,186200
2009-07-20,60.827816,61.375950,60.009373,61.285847,50.064373,360900
2009-07-21,61.496090,62.006680,60.730206,61.706333,50.407864,170500
2009-07-22,61.053078,61.931591,60.700169,61.330898,50.101173,152300
2009-07-23,61.458546,61.571175,60.557503,60.782764,49.653404,230400
2009-07-24,60.362278,61.008026,59.784111,60.910412,49.757675,205300
2009-07-27,60.910412,61.781418,60.287193,61.781418,50.469204,138900
2009-07-28,60.827816,61.285847,59.836670,60.640099,49.536861,163300
2009-07-29,60.091965,60.189579,59.115837,59.588886,48.678127,102400
2009-07-30,60.159546,60.437366,59.799129,60.001862,49.015484,102600
2009-07-31,59.694008,60.189579,59.393658,59.678989,48.751732,173500
2009-08-03,60.227123,61.368443,59.986843,61.345917,50.113441,302200
2009-08-04,61.083111,61.578686,60.880379,61.300865,50.076641,86600
2009-08-05,61.203251,61.518616,60.519962,61.308372,50.082771,113300
2009-08-06,61.811455,61.946609,60.565014,61.015533,49.843552,73100
2009-08-07,61.721352,61.939102,60.745220,61.390968,50.150246,152400
2009-08-10,61.188232,61.946609,61.038059,61.691315,50.395596,94800
2009-08-11,61.811455,61.931591,60.580032,60.827816,49.690205,190200
2009-08-12,60.504944,61.165707,59.949303,60.467400,49.395782,177600
2009-08-13,60.467400,60.617573,59.521305,59.911758,48.941879,178600
2009-08-14,59.956810,60.279682,58.582722,58.883068,48.101543,165100
2009-08-17,57.809326,58.102165,57.471436,57.839363,47.248940,130100
2009-08-18,57.846870,58.154728,57.141056,57.193615,46.721428,363300
2009-08-19,57.020916,58.304901,56.728077,57.268703,46.782768,408100
2009-08-20,57.569050,57.711716,57.043442,57.674171,47.113998,197700
2009-08-21,58.049606,58.905594,57.959499,58.860542,48.083141,149200
2009-08-24,59.183414,59.491272,58.920612,59.055767,48.242622,199900
2009-08-25,59.078293,59.438709,58.229813,58.282375,47.610836,140300
2009-08-26,58.169743,58.567703,57.936974,58.327427,47.647640,106100
2009-08-27,58.124691,58.447567,57.313755,58.357460,47.672173,150100
2009-08-28,59.018227,59.018227,57.734241,58.154728,47.506561,95900
2009-08-31,57.576557,57.651646,57.043442,57.163582,46.696896,137100
2009-09-01,56.622955,57.584068,55.947174,56.217487,45.924030,269700
2009-09-02,55.879597,56.217487,55.564232,55.781982,45.568268,205000
2009-09-03,55.939667,56.127384,55.376514,55.827038,45.605072,161600
2009-09-04,55.684372,56.758114,55.579250,56.735588,46.347267,84300
2009-09-08,57.313755,57.674171,56.960846,57.328773,46.831841,122300
2009-09-09,57.418877,57.478947,56.698044,57.163582,46.696896,92700
2009-09-10,57.291229,58.597740,56.953339,58.507633,47.794849,111500
2009-09-11,58.807983,59.175907,57.906940,58.462582,47.758049,102200
2009-09-14,57.951992,59.281029,57.584068,59.160889,48.328495,98600
2009-09-15,59.235977,60.061932,58.943138,60.061932,49.064552,148900
2009-09-16,60.069439,62.164364,59.761585,62.119308,50.745224,358400
2009-09-17,61.218269,61.969135,60.850342,61.113148,49.923294,260300
2009-09-18,61.571175,62.044224,60.632591,60.895393,49.745407,286300
2009-09-21,60.122002,61.623737,59.986843,61.300865,50.076641,210700
2009-09-22,61.571175,62.239449,60.760239,61.848999,50.524410,361300
2009-09-23,61.879032,62.554813,61.053078,61.405987,50.162514,224300
2009-09-24,61.548649,61.548649,59.919266,60.309719,49.266972,422300
2009-09-25,59.979336,60.625084,59.611412,60.399822,49.340580,123000
2009-09-28,60.459892,61.203251,60.339752,61.158199,49.960094,156600
2009-09-29,61.158199,62.254467,61.008026,62.119308,50.745224,291400
2009-09-30,62.111801,62.111801,60.827816,61.293354,50.070503,242100
2009-10-01,61.458546,61.698822,60.542488,60.595047,49.500057,180900
2009-10-02,59.949303,60.962975,59.528816,60.084457,49.082954,268300
2009-10-05,60.174561,61.451038,60.159546,61.390968,50.150246,227500
2009-10-06,62.074257,62.487236,61.864014,62.322044,50.910843,196600
2009-10-07,62.404640,63.072914,62.081768,62.997826,51.462887,191600
2009-10-08,63.072914,63.515923,62.509762,63.440838,51.824783,246000
2009-10-09,63.208069,64.086586,62.757549,63.943920,52.235752,149600
2009-10-12,64.296829,65.287971,64.289322,64.769875,52.910473,286400
2009-10-13,65.115273,65.287971,63.718658,64.912537,53.027012,163300
2009-10-14,65.746002,66.624519,65.242920,66.406769,54.247646,299200
2009-10-15,65.903687,67.713280,65.685936,67.713280,55.314938,385300
2009-10-16,67.473000,68.982246,66.774689,68.231377,55.738171,326700
2009-10-19,68.479164,69.027298,67.818398,68.396568,55.873116,167100
2009-10-20,68.396568,68.441620,66.707115,66.917358,54.664749,937200
2009-10-21,66.609497,67.953552,66.414276,66.594482,54.400990,345900
2009-10-22,66.354202,66.556938,64.176689,66.136452,54.026829,943400
2009-10-23,66.459328,66.459328,64.499565,64.912537,53.027012,206300
2009-10-26,64.905029,65.806068,63.861324,64.019005,52.297085,298600
2009-10-27,64.394440,64.672264,63.823780,64.296829,52.524040,174600
2009-10-28,64.394440,64.394440,61.818962,61.879032,50.548943,261000
2009-10-29,62.727512,63.260628,62.134327,62.720005,51.235935,353500
2009-10-30,62.389622,62.389622,60.534977,61.023041,49.849686,377600
2009-11-02,61.533634,61.608719,59.716534,60.625084,49.524593,249700
2009-11-03,60.317226,61.405987,59.483765,61.188232,49.984631,252600
2009-11-04,61.375950,61.646263,60.512451,60.602558,49.506191,206400
2009-11-05,60.504944,61.856506,60.174561,61.646263,50.358795,293900
2009-11-06,61.338406,61.818962,60.745220,61.375950,50.137974,168000
2009-11-09,61.728859,62.261974,61.631245,62.044224,50.683891,270200
2009-11-10,61.946609,62.464710,61.691315,62.404640,50.978313,370900
2009-11-11,62.502254,62.862671,61.668789,62.201904,50.812698,243700
2009-11-12,62.149345,62.412148,60.767746,60.797783,49.665672,148600
2009-11-13,60.797783,61.053078,60.279682,60.970482,49.806751,196100
2009-11-16,61.263321,62.014187,61.075603,61.999172,50.647083,180600
2009-11-17,61.984154,61.999172,61.398476,61.841488,50.518272,180900
2009-11-18,62.434673,62.479725,61.796436,61.833981,50.512142,152300
2009-11-19,61.773911,61.864014,60.392315,60.414841,49.352848,298100
2009-11-20,60.414841,60.947956,59.919266,60.392315,49.334446,344200
2009-11-23,60.895393,61.000515,58.988190,59.311062,48.451172,684700
2009-11-24,59.311062,59.311062,58.462582,59.243484,48.395966,223600
2009-11-25,59.371132,59.453728,58.755421,59.010715,48.205818,151600
2009-11-27,57.426384,58.455074,57.268703,57.516491,46.985188,193800
2009-11-30,57.674171,58.057114,57.186108,57.516491,46.985188,357700
2009-12-01,58.252338,58.252338,57.388840,57.554031,47.015854,272900
2009-12-02,57.336281,57.418877,56.382679,56.773129,46.377934,259100
2009-12-03,56.690533,57.178600,56.127384,56.127384,45.850426,232800
2009-12-04,56.435238,56.923302,55.444092,56.067314,45.801357,366700
2009-12-07,56.059807,56.592922,56.014751,56.194962,45.905628,273800
2009-12-08,55.669353,56.044788,55.489147,55.549213,45.378120,365000
2009-12-09,55.541706,55.872089,55.331463,55.639320,45.451725,406600
2009-12-10,55.706898,55.879597,55.376514,55.564232,45.390388,517500
2009-12-11,55.481636,55.736931,55.188797,55.639320,45.451725,365500
2009-12-14,56.059807,56.758114,55.564232,56.660500,46.285927,934700
2009-12-15,56.803165,56.930813,55.917141,56.089840,45.819756,911200
2009-12-16,56.082333,56.465275,55.797001,56.022263,45.764553,331300
2009-12-17,56.037277,56.397697,55.902122,55.917141,45.678677,579500
2009-12-18,56.247520,56.412712,55.444092,55.834545,45.611206,667100
2009-12-21,56.315102,56.637974,55.909630,56.315102,46.003773,552800
2009-12-22,56.187454,56.945827,56.007244,56.878250,46.463810,400000
2009-12-23,56.698044,56.885761,56.337627,56.405205,46.077377,373000
2009-12-24,56.337627,57.065968,56.315102,56.683025,46.304329,285300
2009-12-28,56.525345,56.855724,56.382679,56.540359,46.187786,223900
2009-12-29,56.968357,57.156071,56.735588,56.870743,46.457676,250900
2009-12-30,56.810673,57.005898,56.728077,56.870743,46.457676,258100
2009-12-31,57.103512,57.689190,56.870743,57.253685,46.770500,374300
2010-01-04,58.259850,58.432549,57.794312,58.124691,47.482025,203200
2010-01-05,57.906940,58.199780,57.666664,58.102165,47.463623,195800
2010-01-06,57.786800,58.747913,57.516491,58.672825,47.929794,158300
2010-01-07,58.319920,58.567703,57.276211,57.861889,47.267342,240000
2010-01-08,57.944485,58.477600,57.591576,58.477600,47.770317,81800
2010-01-11,58.477600,58.965664,57.411369,57.629120,47.077190,133600
2010-01-12,56.983372,56.983372,56.337627,56.517834,46.169384,137400
2010-01-13,56.517834,56.915794,56.315102,56.645481,46.273659,123200
2010-01-14,56.375168,57.163582,56.367661,56.397697,46.071243,89300
2010-01-15,56.315102,56.547871,56.217487,56.367661,46.046707,164100
2010-01-19,56.285065,56.652992,56.112366,56.615448,46.249126,174800
2010-01-20,56.330116,56.330116,55.661846,56.232506,45.936298,155400
2010-01-21,56.232506,56.585411,55.286411,55.519180,45.353584,134100
2010-01-22,55.564232,55.564232,54.407894,54.678207,44.666595,161200
2010-01-25,55.188797,55.384026,54.445438,54.618137,44.617523,155600
2010-01-26,54.137585,54.948521,53.912323,54.047478,44.151348,146400
2010-01-27,54.160110,54.347828,52.883633,53.566925,43.758789,210100
2010-01-28,53.679554,53.679554,52.898651,53.289101,43.531834,250300
2010-01-29,53.409241,53.657028,52.628338,52.748478,43.090202,314500
2010-02-01,53.439278,54.070004,53.416748,53.987408,44.102280,113600
2010-02-02,53.957375,54.302773,53.679554,54.280247,44.341499,118900
2010-02-03,54.092529,54.227688,53.642010,53.777168,43.930534,114500
2010-02-04,53.161453,53.521870,52.973736,53.161453,43.427559,236900
2010-02-05,53.311626,53.642010,52.470657,53.183979,43.445957,322900
2010-02-08,53.161453,53.559414,52.680901,52.936195,43.243546,130900
2010-02-09,53.461803,54.077515,53.221523,53.386715,43.611576,91800
2010-02-10,53.371696,53.709587,52.928684,53.611977,43.795593,122700
2010-02-11,53.424259,54.227688,53.424259,54.227688,44.298565,80300
2010-02-12,53.687061,54.595612,52.966228,54.580597,44.586857,153500
2010-02-16,55.068661,55.429077,54.678207,55.414059,45.267708,133700
2010-02-17,55.323956,55.323956,54.482983,54.956028,44.893547,124700
2010-02-18,54.948521,55.301430,54.265232,54.430420,44.464176,116600
2010-02-19,54.520527,57.208633,54.520527,56.683025,46.304329,202500
2010-02-22,56.555378,57.020916,56.217487,56.315102,46.003773,89100
2010-02-23,56.420223,56.668007,56.014751,56.119873,45.844292,123300
2010-02-24,56.307590,57.223652,56.255032,57.156071,46.690762,193000
2010-02-25,56.833199,58.282375,56.465275,58.282375,47.610836,232800
2010-02-26,58.620266,58.620266,57.216141,57.351299,46.850239,337300
2010-03-01,57.794312,58.800472,57.771786,58.777946,48.015671,272500
2010-03-02,59.130856,60.152035,58.988190,59.829163,48.874409,182800
2010-03-03,59.776600,60.715187,59.776600,60.152035,49.138161,123200
2010-03-04,59.866707,60.144527,59.326080,59.716534,48.782398,96800
2010-03-05,59.648952,59.648952,58.327427,58.777946,48.015671,226400
2010-03-08,58.965664,59.806637,58.845524,59.776600,48.831467,104100
2010-03-09,59.476254,60.152035,59.288536,60.137020,49.125896,164700
2010-03-10,60.595047,60.857853,59.874214,60.625084,49.524593,217400
2010-03-11,60.685150,60.715187,60.061932,60.122002,49.113628,74600
2010-03-12,60.519962,60.655117,59.911758,60.332245,49.285374,199700
2010-03-15,60.016880,60.760239,59.618919,60.647610,49.542995,129100
2010-03-16,61.008026,61.413494,60.820309,61.248302,50.033703,89100
2010-03-17,61.120655,61.338406,60.384804,60.595047,49.500057,106300
2010-03-18,60.362278,60.737713,60.009373,60.504944,49.426453,142000
2010-03-19,60.474911,61.195744,60.294701,60.474911,49.401917,707900
2010-03-22,60.369789,60.369789,59.799129,59.971828,48.990952,83400
2010-03-23,59.663971,60.046913,59.521305,59.979336,48.997082,82200
2010-03-24,59.566360,60.106983,59.446220,59.588886,48.678127,63300
2010-03-25,59.956810,60.106983,59.356117,59.378643,48.506378,217000
2010-03-26,59.866707,59.911758,58.792965,58.920612,48.132210,228900
2010-03-29,59.063278,60.009373,59.063278,59.799129,48.849873,109900
2010-03-30,59.686497,59.994354,59.603901,59.964317,48.984814,176800
2010-03-31,60.069439,60.947956,60.069439,60.565014,49.475521,119400
2010-04-01,60.805290,61.676296,60.745220,61.676296,50.383327,100600
2010-04-05,61.811455,62.554813,61.413494,62.554813,51.100986,87800
2010-04-06,62.149345,62.907722,62.134327,62.562321,51.107124,131400
2010-04-07,62.735023,62.915230,61.833981,62.322044,50.910843,92500
2010-04-08,62.074257,62.074257,61.466053,62.029205,50.671623,39800
2010-04-09,62.021698,62.735023,61.848999,62.735023,51.248203,54600
2010-04-12,62.599865,62.997826,62.359589,62.539795,51.088718,57100
2010-04-13,62.322044,62.509762,61.713840,62.156853,50.775894,46300
2010-04-14,62.254467,63.155506,61.939102,62.990318,51.456753,79200
2010-04-15,62.990318,63.072914,62.584846,63.027859,51.487419,59600
2010-04-16,62.975300,62.975300,61.773911,62.276993,50.874035,50200
2010-04-19,61.924084,62.307026,61.368443,62.089275,50.720692,67200
2010-04-20,62.449692,63.433331,62.449692,63.410805,51.800251,112100
2010-04-21,62.952774,63.958935,62.952774,63.943920,52.235752,117500
2010-04-22,63.208069,64.574646,63.208069,64.199211,52.444298,167100
2010-04-23,62.922737,63.433331,60.835327,60.977989,49.812881,389500
2010-04-26,60.977989,61.143181,59.701515,60.737713,49.616600,151700
2010-04-27,60.617573,60.775257,59.754074,59.814144,48.862141,98200
2010-04-28,60.182072,60.865360,59.348606,60.625084,49.524593,282500
2010-04-29,60.797783,64.041534,60.797783,62.742531,51.254333,513300
2010-04-30,62.742531,69.252556,62.742531,63.200562,51.628502,1342400
2010-05-03,64.109108,65.513237,62.134327,63.613537,51.965858,649900
2010-05-04,62.930248,62.930248,61.345917,61.608719,50.328125,253900
2010-05-05,61.293354,61.293354,59.709023,59.956810,48.978683,385300
2010-05-06,60.076950,60.076950,56.037277,57.794312,47.212139,366500
2010-05-07,57.493961,57.756767,54.753296,54.986065,44.918083,527200
2010-05-10,57.216141,57.216141,56.224995,56.855724,46.445408,355700
2010-05-11,56.352642,57.929466,56.352642,57.096004,46.641689,261000
2010-05-12,57.156071,57.997044,57.096004,57.914448,47.310280,112600
2010-05-13,57.523998,58.087151,57.223652,57.569050,47.028122,108200
2010-05-14,57.276211,57.306248,56.322609,56.945827,46.519012,187700
2010-05-17,57.148563,57.261192,56.112366,56.840710,46.433144,250000
2010-05-18,57.554031,57.726730,56.495308,56.540359,46.187786,221000
2010-05-19,56.562885,56.562885,55.376514,56.059807,45.795223,192000
2010-05-20,55.376514,55.466618,53.266575,53.274086,43.519569,414000
2010-05-21,52.335499,54.775822,52.335499,54.565578,44.574585,315100
2010-05-24,54.407894,54.918488,53.942356,54.024952,44.132950,214300
2010-05-25,52.883633,54.580597,52.778511,54.400387,44.439644,341100
2010-05-26,54.941013,55.474129,54.377861,54.956028,44.893547,362700
2010-05-27,55.736931,56.089840,54.685719,55.414059,45.267708,192500
2010-05-28,55.384026,55.384026,54.543053,54.798347,44.764736,200000
2010-06-01,54.565578,54.565578,52.868618,52.868618,43.188343,348800
2010-06-02,53.018791,53.018791,52.042660,52.327991,42.746704,610200
2010-06-03,53.003773,53.514362,52.455639,52.928684,43.237408,323400
2010-06-04,52.373043,52.861107,50.946396,50.998955,41.661015,377200
2010-06-07,51.314320,51.652210,50.728642,50.751167,41.458595,208600
2010-06-08,50.766186,51.171654,50.315666,51.134109,41.771423,280300
2010-06-09,51.434460,52.733459,50.931377,51.104076,41.746891,210100
2010-06-10,51.667229,53.536888,51.667229,53.476818,43.685181,158700
2010-06-11,53.138927,54.115059,52.921177,54.107548,44.200424,176100
2010-06-14,54.452946,55.068661,54.137585,54.655682,44.648193,276200
2010-06-15,54.880943,55.556725,54.783329,55.504162,45.341316,229400
2010-06-16,55.564232,55.564232,54.790836,54.963539,44.899681,182000
2010-06-17,54.918488,55.451603,54.918488,55.346481,45.212505,104800
2010-06-18,55.361500,55.894615,55.338970,55.857071,45.629608,169200
2010-06-21,56.315102,56.315102,55.323956,55.631809,45.445591,168100
2010-06-22,55.616795,56.285065,54.467964,54.685719,44.672729,273300
2010-06-23,54.678207,54.820873,54.039970,54.355335,44.402843,212300
2010-06-24,54.115059,54.603123,53.912323,53.994919,44.108418,203600
2010-06-25,54.032463,54.505508,53.266575,54.310284,44.366035,415900
2010-06-28,54.498001,55.211323,53.754639,54.971046,44.905815,242500
2010-06-29,54.407894,54.437931,53.581940,53.687061,43.856926,277100
2010-06-30,53.814709,54.235195,52.853600,53.056332,43.341686,287000
2010-07-01,53.018791,53.349171,51.697262,52.425606,42.826443,245600
2010-07-02,52.763496,52.793530,51.877472,52.215363,42.654697,144300
2010-07-06,52.778511,53.244049,51.351864,52.005119,42.482952,158400
2010-07-07,52.155293,53.777168,51.967575,53.762150,43.918266,154900
2010-07-08,54.175125,54.392879,53.536888,54.317791,44.372169,114200
2010-07-09,54.212669,54.332809,53.461803,54.205162,44.280163,71300
2010-07-12,53.964882,54.505508,53.581940,54.505508,44.525517,149100
2010-07-13,55.061150,55.158764,54.415405,55.016098,44.942616,178900
2010-07-14,54.798347,55.384026,54.490490,55.203815,45.095966,90300
2010-07-15,55.151257,55.646828,54.355335,55.511673,45.347454,84600
2010-07-16,55.271393,55.271393,53.919830,54.032463,44.139084,67800
2010-07-19,54.054989,54.054989,53.214016,53.536888,43.734253,101000
2010-07-20,52.876125,54.850906,52.876125,54.828381,44.789268,81000
2010-07-21,55.113712,55.113712,54.002426,54.377861,44.421242,96900
2010-07-22,55.076168,56.007244,54.730770,55.819527,45.598938,212500
2010-07-23,61.991661,64.116615,58.192268,63.891357,52.192810,857900
2010-07-26,63.778728,66.076385,63.771221,64.905029,53.020878,368400
2010-07-27,63.448345,66.143959,63.448345,64.574646,52.750988,211000
2010-07-28,64.424477,64.424477,63.358242,63.996479,52.278687,146000
2010-07-29,64.582153,64.649734,61.886539,62.742531,51.254333,268900
2010-07-30,61.991661,62.667442,61.743877,62.186890,50.800430,193400
2010-08-02,63.260628,63.823780,62.787582,63.628555,51.978127,187000
2010-08-03,63.358242,63.793747,62.674953,62.930248,51.407681,146300
2010-08-04,63.290665,63.290665,62.171871,62.389622,50.966045,148900
2010-08-05,62.337063,62.337063,60.940449,61.946609,50.604145,217900
2010-08-06,61.053078,61.383461,59.821655,59.949303,48.972549,271100
2010-08-09,59.949303,60.249649,59.303555,59.701515,48.770130,303800
2010-08-10,58.905594,59.694008,58.492619,59.243484,48.395966,272600
2010-08-11,58.402512,58.657810,57.997044,58.042095,47.414551,362400
2010-08-12,57.681679,58.973171,57.448910,58.890579,48.107677,155200
2010-08-13,58.747913,59.160889,58.552689,58.590229,47.862324,80900
2010-08-16,58.214798,58.815491,58.087151,58.815491,48.046341,68900
2010-08-17,59.393658,60.324734,58.995701,59.941792,48.966412,71400
2010-08-18,60.091965,60.091965,59.153381,59.281029,48.426640,50600
2010-08-19,59.018227,59.431202,58.192268,58.432549,47.733513,88800
2010-08-20,58.319920,58.680336,57.651646,58.042095,47.414551,191000
2010-08-23,58.049606,58.995701,58.049606,58.530159,47.813251,82400
2010-08-24,57.854382,58.838017,57.493961,57.944485,47.334816,122400
2010-08-25,57.531506,58.672825,57.171089,58.222305,47.561768,143100
2010-08-26,58.327427,58.740402,57.997044,58.395004,47.702843,89700
2010-08-27,58.680336,59.401169,58.057114,59.130856,48.303959,92100
2010-08-30,59.281029,59.836670,59.048260,59.190926,48.353031,118100
2010-08-31,58.920612,59.513798,58.199780,59.070786,48.254890,224500
2010-09-01,60.069439,60.805290,59.866707,60.257156,49.224033,240300
2010-09-02,60.106983,60.932938,60.016880,60.932938,49.776081,88600
2010-09-03,61.533634,61.586193,60.557503,60.835327,49.696342,44000
2010-09-07,60.467400,60.820309,60.091965,60.414841,49.352848,46900
2010-09-08,60.429855,61.458546,60.429855,61.053078,49.874222,66200
2010-09-09,61.578686,61.879032,61.173218,61.856506,50.530544,59700
2010-09-10,61.946609,62.389622,61.706333,61.976646,50.628685,72600
2010-09-13,62.261974,63.057896,62.261974,62.720005,51.235935,70800
2010-09-14,62.697479,62.960281,62.096783,62.419659,50.990582,55500
2010-09-15,62.329552,62.810108,61.796436,62.704987,51.223663,49300
2010-09-16,62.847652,63.215576,61.728859,61.969135,50.622547,45500
2010-09-17,62.337063,62.352077,61.473564,61.586193,50.309723,145200
2010-09-20,61.593704,63.440838,61.593704,63.283154,51.695969,83000
2010-09-21,63.425819,63.448345,62.239449,62.337063,50.923111,55700
2010-09-22,62.269482,62.877686,62.141834,62.682461,51.205265,172900
2010-09-23,62.284500,63.328209,62.066750,62.547306,51.094856,105100
2010-09-24,63.260628,63.741184,62.689968,63.515923,51.886120,49900
2010-09-27,63.433331,63.718658,62.246956,62.547306,51.094856,161900
2010-09-28,62.622391,63.538452,62.201904,63.485889,51.861584,65900
2010-09-29,63.117966,64.567139,63.117966,64.124130,52.382961,157400
2010-09-30,64.574646,64.574646,63.538452,63.943920,52.235752,62900
2010-10-01,64.499565,64.499565,63.515923,63.853813,52.162140,71400
2010-10-04,63.305683,63.831287,61.864014,62.201904,50.812698,63900
2010-10-05,62.652428,63.065403,62.261974,63.027859,51.487419,96200
2010-10-06,63.020351,63.741184,62.967793,63.418312,51.806381,64300
2010-10-07,63.853813,63.853813,62.907722,63.200562,51.628502,52700
2010-10-08,63.373260,65.197868,62.892704,65.137802,53.211033,124100
2010-10-11,65.595825,66.023827,64.829941,64.912537,53.027012,101100
2010-10-12,65.085236,65.250427,64.431984,64.942574,53.051548,64500
2010-10-13,65.145309,66.008804,65.145309,65.655899,53.634266,80700
2010-10-14,65.761017,65.986282,65.257935,65.813583,53.763077,92100
2010-10-15,66.406769,66.564445,65.325516,66.151474,54.039101,55700
2010-10-18,66.429291,66.564445,66.031334,66.286629,54.149506,41400
2010-10-19,65.978775,66.023827,64.942574,65.287971,53.333706,49700
2010-10-20,65.393097,65.806068,64.807419,65.648392,53.628132,87900
2010-10-21,65.655899,66.068878,64.251778,65.280464,53.327568,86600
2010-10-22,68.629333,69.643005,67.525558,67.998604,55.548016,247100
2010-10-25,67.878464,68.636841,67.375389,67.518051,55.155457,148700
2010-10-26,67.345352,69.530380,67.210197,69.034805,56.394489,124200
2010-10-27,69.072350,69.995918,68.434113,69.740623,56.971073,185200
2010-10-28,70.093529,70.596611,69.275085,70.431419,57.535381,220800
2010-10-29,70.221176,73.089493,70.221176,71.144745,58.118099,337800
2010-11-01,72.105858,72.256027,71.317444,71.677856,58.553596,154000
2010-11-02,71.895615,72.503815,71.865578,72.293571,59.056576,247100
2010-11-03,72.308586,72.796654,71.985718,72.518829,59.240589,157000
2010-11-04,72.834198,73.592575,72.834198,73.344788,59.915314,176200
2010-11-05,73.314751,74.523651,73.142052,74.501122,60.859921,272000
2010-11-08,74.411018,74.861542,72.916794,74.839012,61.135944,270100
2010-11-09,75.079292,75.327080,74.553680,75.109329,61.356766,479700
2010-11-10,75.146873,76.918915,74.831505,76.918915,62.835018,230700
2010-11-11,76.528465,77.692314,75.079292,77.384453,63.215309,424200
2010-11-12,76.888885,77.256805,76.288193,76.626083,62.595802,229200
2010-11-15,76.603554,77.714836,76.543488,77.459541,63.276649,271000
2010-11-16,76.633591,76.633591,75.364624,75.972824,62.062157,176500
2010-11-17,75.897736,76.340752,75.492271,75.529816,61.700260,225300
2010-11-18,76.363274,78.563316,75.695000,78.450691,64.086319,291500
2010-11-19,81.949738,81.949738,78.015182,81.018654,66.184090,541200
2010-11-22,81.086235,81.431633,80.132637,81.364059,66.466255,280500
2010-11-23,80.553116,81.611847,79.899864,81.416618,66.509186,246000
2010-11-24,81.867142,83.323822,81.589317,82.347694,67.269775,230500
2010-11-26,81.671913,82.520393,81.379074,81.394089,66.490784,53400
2010-11-29,81.701950,83.579117,80.793396,83.308807,68.054916,181500
2010-11-30,82.655548,82.708107,81.694435,81.844612,66.858810,807400
2010-12-01,83.023476,83.376381,81.942223,82.783195,67.625542,841700
2010-12-02,83.076035,85.246048,82.745651,84.014618,68.631485,674300
2010-12-03,83.684242,85.268570,83.684242,84.322479,68.882980,630400
2010-12-06,84.457634,85.561409,84.345001,85.065834,69.490227,613700
2010-12-07,85.583939,86.965530,84.953209,86.199646,70.416435,654000
2010-12-08,86.530029,87.100685,84.720436,85.148430,69.557701,464800
2010-12-09,85.020782,85.411232,83.676727,83.984589,68.606956,559000
2010-12-10,72.451256,75.131851,71.069656,74.884064,70.647102,446900
2010-12-13,75.086800,76.070435,74.974167,75.664970,71.383820,366700
2010-12-14,76.077950,78.841141,75.837669,75.845177,71.553833,738900
2010-12-15,75.890228,76.205597,74.148216,74.493614,70.278740,368700
2010-12-16,74.891571,77.054077,74.718872,76.843834,72.495987,408800
2010-12-17,77.204247,78.315536,76.716187,78.015182,73.601059,510500
2010-12-20,78.480721,80.140144,78.150345,78.323044,73.891502,483300
2010-12-21,78.675949,78.923737,78.338058,78.878685,74.415703,480100
2010-12-22,78.983803,79.118965,76.971481,77.151688,72.786423,326000
2010-12-23,77.151688,77.752380,76.963974,77.482071,73.098114,210600
2010-12-27,77.459541,77.467049,76.025383,76.693657,72.354309,172700
2010-12-28,76.731201,77.061584,76.453377,76.535973,72.205544,171100
2010-12-29,76.558502,77.647263,76.558502,77.256805,72.885590,147500
2010-12-30,77.121651,77.474564,77.121651,77.286842,72.913933,158200
2010-12-31,77.106636,77.234283,75.905243,75.905243,71.610504,170500
2011-01-03,75.980331,78.578339,75.980331,77.714836,73.317703,321200
2011-01-04,78.187881,78.187881,75.507286,76.295700,71.978867,175300
2011-01-05,76.010368,76.663620,75.432198,76.378296,72.056786,327800
2011-01-06,76.918915,77.895050,76.603554,76.671135,72.333061,274300
2011-01-07,76.603554,76.986496,75.094307,75.927773,71.631760,242800
2011-01-10,75.762581,75.762581,74.403511,75.161888,70.909203,350700
2011-01-11,75.462234,76.468399,75.417183,76.130508,71.823021,463100
2011-01-12,76.205597,77.369438,75.867706,77.324387,72.949348,189400
2011-01-13,77.369438,77.602211,76.843834,77.579681,73.190201,145000
2011-01-14,77.632240,78.480721,77.256805,78.420654,73.983589,98300
2011-01-18,78.420654,78.600861,78.135323,78.398125,73.962334,123200
2011-01-19,78.338058,78.338058,77.046562,77.309372,72.935181,120300
2011-01-20,77.046562,77.046562,75.289536,76.821304,72.474731,217900
2011-01-21,77.234283,77.504593,76.348259,76.776253,72.432228,137800
2011-01-24,77.054077,77.091621,76.333244,76.370781,72.049698,105500
2011-01-25,76.318222,76.378296,74.899086,75.327080,71.065048,250200
2011-01-26,75.672478,78.390617,75.297043,78.262970,73.834824,192500
2011-01-27,78.555809,78.946259,77.880028,78.796089,74.337784,120200
2011-01-28,78.728508,80.680763,78.323044,79.599518,75.095757,223400
2011-01-31,80.125122,80.125122,79.336716,79.359238,74.869064,234900
2011-02-01,79.892357,81.777031,79.704636,81.364059,76.760460,162000
2011-02-02,81.364059,81.409111,80.432983,80.485542,75.931648,167000
2011-02-03,80.643227,80.643227,78.991318,79.689621,75.180756,163200
2011-02-04,79.697128,80.425468,78.578339,78.908722,74.444046,141600
2011-02-07,78.308022,79.584503,78.172867,78.976295,74.507790,154900
2011-02-08,79.066399,79.539444,78.330551,79.269135,74.784065,146600
2011-02-09,79.246613,79.584503,78.548302,78.690964,74.238602,110800
2011-02-10,78.608368,80.342873,78.180374,79.952423,75.428688,153200
2011-02-11,79.847305,82.467834,79.809761,81.334023,76.732117,268800
2011-02-14,81.116272,82.828247,80.748344,82.813232,78.127632,148000
2011-02-15,82.535408,82.557938,80.628204,80.643227,76.080406,205100
2011-02-16,80.913536,82.940880,80.740837,82.152466,77.504257,137400
2011-02-17,82.250084,84.998260,81.874649,84.420090,79.643578,219000
2011-02-18,80.718307,80.718307,71.505157,71.820526,67.756897,996300
2011-02-22,71.062149,71.707893,69.725601,70.018440,66.056778,482400
2011-02-23,69.958374,71.324951,69.665535,70.544052,66.552650,385000
2011-02-24,70.814362,71.715401,70.116051,70.476471,66.488892,305000
2011-02-25,71.204811,72.150909,70.701729,72.150909,68.068588,160200
2011-02-28,72.623955,73.014404,70.686714,71.159760,67.133522,346500
2011-03-01,71.835541,71.835541,70.288757,70.581589,66.588058,378400
2011-03-02,70.686714,72.368660,70.386368,72.053291,67.976494,481000
2011-03-03,71.895615,74.140709,71.873085,74.103165,69.910385,310400
2011-03-04,73.825340,74.148216,72.804161,73.862885,69.683701,281700
2011-03-07,73.877899,74.313408,72.331116,72.669006,68.557373,481700
2011-03-08,72.699043,73.066963,71.692879,71.722908,67.664803,569800
2011-03-09,71.925644,72.593918,71.595261,72.015747,67.941071,358300
2011-03-10,70.776817,71.580246,69.733109,69.800690,65.851349,505100
2011-03-11,69.560410,71.520180,68.726952,70.544052,66.552650,367300
2011-03-14,70.213669,70.701729,69.560410,70.544052,66.552650,220600
2011-03-15,69.124908,70.972046,68.914665,69.890793,65.936348,357100
2011-03-16,69.943352,70.529030,68.133766,68.156288,64.299988,339600
2011-03-17,69.124908,70.566574,69.124908,70.010933,66.049690,200300
2011-03-18,70.499001,71.197304,69.335152,69.590446,65.653000,507700
2011-03-21,70.544052,71.527687,70.356331,70.964539,66.949341,259700
2011-03-22,70.874428,71.520180,70.589104,70.866920,66.857246,231700
2011-03-23,71.032112,72.481285,70.694221,71.625298,67.572716,300500
2011-03-24,71.993225,72.180939,70.866920,70.911972,66.899750,206200
2011-03-25,71.219833,72.511322,70.589104,71.640320,67.586891,253400
2011-03-28,71.903122,72.293571,71.174782,71.204811,67.176018,216400
2011-03-29,70.881943,71.858070,70.859413,71.197304,67.168938,154900
2011-03-30,71.880592,72.338623,71.204811,71.602776,67.551468,206200
2011-03-31,71.978210,71.978210,69.425255,69.425255,65.497154,434200
2011-04-01,70.116051,71.167267,70.116051,70.836891,66.828918,291100
2011-04-04,71.204811,71.737930,70.619133,71.572739,67.523132,181500
2011-04-05,71.385017,72.473778,71.227341,71.843048,67.778145,218700
2011-04-06,72.293571,72.361153,70.566574,70.589104,66.595154,134100
2011-04-07,70.649170,71.039619,70.333809,70.521523,66.531395,122100
2011-04-08,71.129723,71.332458,70.010933,70.416405,66.432220,126000
2011-04-11,70.311279,70.483978,69.432762,69.567917,65.631744,151700
2011-04-12,69.117401,69.515358,68.456635,69.012276,65.107536,225500
2011-04-13,69.372696,69.748131,68.937195,69.124908,65.213799,164700
2011-04-14,68.741966,69.793182,68.741966,69.718094,65.773422,174800
2011-04-15,69.793182,71.144745,69.492836,71.054642,67.034348,245500
2011-04-18,70.581589,70.581589,69.515358,69.823219,65.872597,255300
2011-04-19,69.988403,71.332458,69.830727,70.911972,66.899750,193500
2011-04-20,71.820526,72.721565,71.677856,72.556374,68.451111,223500
2011-04-21,73.885414,73.907936,71.595261,73.464928,69.308258,259600
2011-04-25,73.524994,73.712715,71.392532,71.655334,67.601051,195800
2011-04-26,71.918137,73.337280,71.309937,73.149559,69.010735,211000
2011-04-27,73.217140,73.690186,72.038277,73.630119,69.464104,148100
2011-04-28,73.562538,74.981682,72.886757,74.178253,69.981224,177800
2011-04-29,74.335930,74.989189,74.080635,74.208282,70.009552,150400
2011-05-02,74.568703,75.387146,73.735237,74.208282,70.009552,303500
2011-05-03,74.110672,74.869049,73.712715,74.418526,70.207901,275600
2011-05-04,74.448563,74.448563,71.978210,72.180939,68.096916,450100
2011-05-05,71.332458,73.299736,70.604118,72.578903,68.472366,340700
2011-05-06,73.209633,74.268356,72.391182,73.367310,69.216164,248500
2011-05-09,73.877899,75.244484,73.877899,74.936630,70.696693,241000
2011-05-10,75.086800,76.025383,74.846519,75.627426,71.348404,194800
2011-05-11,75.161888,75.161888,72.541359,73.645134,69.478271,361400
2011-05-12,73.457420,74.275864,72.541359,73.637627,69.471184,222300
2011-05-13,73.742744,74.944138,72.969353,73.202118,69.060318,365200
2011-05-16,72.849213,73.990532,71.767967,71.963188,67.891487,207400
2011-05-17,71.813019,72.000732,69.995918,70.694221,66.694321,179600
2011-05-18,71.077164,73.157066,70.799347,73.044441,68.911568,231800
2011-05-19,73.269699,73.562538,72.368660,72.931808,68.805305,151400
2011-05-20,72.766617,73.044441,71.828033,72.623955,68.514870,107600
2011-05-23,71.587753,72.541359,71.002075,72.150909,68.068588,166600
2011-05-24,72.699043,73.562538,71.918137,72.120872,68.040253,151000
2011-05-25,71.797997,73.187103,71.662842,72.909286,68.784058,134700
2011-05-26,72.841705,73.487450,72.428726,73.322258,69.173660,92200
2011-05-27,73.660149,74.275864,73.412361,73.840363,69.662453,117400
2011-05-31,74.711365,75.109329,73.922958,74.839012,70.604599,213900
2011-06-01,74.088142,74.891571,73.262192,73.479942,69.322426,220200
2011-06-02,73.690186,74.486107,73.337280,73.660149,69.492432,146600
2011-06-03,72.518829,73.509979,72.346130,72.804161,68.684883,165200
2011-06-06,72.548866,72.548866,71.482635,71.707893,67.650642,142000
2011-06-07,72.301079,72.751602,71.828033,72.278557,68.189011,125400
2011-06-08,72.316101,72.563881,70.919479,71.137238,67.112274,204200
2011-06-09,71.370003,72.736580,71.122215,72.135887,68.054413,118900
2011-06-10,71.948174,72.030769,71.287407,71.370003,67.331863,115900
2011-06-13,71.144745,71.617790,69.147438,69.673042,65.730919,226600
2011-06-14,70.206161,70.889450,70.063492,70.626648,66.630569,189300
2011-06-15,69.890793,71.159760,69.868271,70.266228,66.290543,180500
2011-06-16,70.221176,70.957024,69.785675,70.821869,66.814743,139700
2011-06-17,70.964539,70.994568,69.605461,70.919479,66.906830,273500
2011-06-20,70.776817,71.144745,70.183632,70.904465,66.892670,103800
2011-06-21,71.257370,72.053291,71.174782,71.625298,67.572716,128300
2011-06-22,71.550209,72.999390,71.550209,72.143394,68.061501,106500
2011-06-23,70.574081,72.233505,69.117401,71.963188,67.891487,248300
2011-06-24,71.940666,71.940666,70.048477,70.168617,66.198456,139200
2011-06-27,70.161110,71.174782,69.980896,70.701729,66.701401,83700
2011-06-28,71.167267,72.511322,70.979553,72.496307,68.394447,96900
2011-06-29,72.856720,73.404854,72.278557,73.014404,68.883224,114400
2011-06-30,73.382332,75.146873,73.247177,75.056763,70.810028,204500
2011-07-01,75.146873,76.746216,74.681328,76.490921,72.163040,157400
2011-07-05,76.761238,77.579681,75.312057,77.264320,72.892685,145800
2011-07-06,76.843834,78.157852,76.701164,77.557159,73.168953,192900
2011-07-07,77.339401,78.728508,76.250648,78.413147,73.976509,156400
2011-07-08,77.467049,79.509415,76.858849,78.675949,74.224442,195300
2011-07-11,77.534630,77.707329,76.746216,77.264320,72.892685,83400
2011-07-12,77.241791,78.262970,76.873863,77.241791,72.871429,108600
2011-07-13,77.662277,79.246613,77.594696,77.977646,73.565643,118700
2011-07-14,78.781075,78.931244,77.789925,77.895050,73.487724,173200
2011-07-15,78.533287,78.998825,77.842484,78.803596,74.344864,121700
2011-07-18,78.698479,78.886192,77.872520,78.503250,74.061516,154400
2011-07-19,78.803596,79.794746,78.285500,79.704636,75.194923,172000
2011-07-20,79.802254,80.290314,78.728508,79.194046,74.713226,120800
2011-07-21,79.712151,80.808418,79.561974,80.703293,76.137077,100800
2011-07-22,80.493050,81.822083,79.749687,81.701950,77.079231,128800
2011-07-25,80.583153,82.220047,80.463013,80.996132,76.413345,168100
2011-07-26,80.906029,81.822083,77.714836,78.653427,74.203194,241800
2011-07-27,77.895050,78.187881,76.130508,76.671135,72.333061,178700
2011-07-28,76.363274,77.992661,76.363274,76.520958,72.191376,142000
2011-07-29,75.612411,76.288193,74.966660,75.357109,71.093384,162000
2011-08-01,76.693657,76.761238,74.403511,75.049255,70.802948,200400
2011-08-02,74.778946,75.837669,73.344788,73.389839,69.237419,157000
2011-08-03,73.119530,73.134544,71.339966,72.834198,68.713219,148200
2011-08-04,71.858070,71.858070,67.946045,68.163795,64.307068,256400
2011-08-05,69.215012,69.222519,64.199211,66.782204,63.003647,210100
2011-08-08,63.606030,66.849777,63.591011,63.726166,60.120522,447200
2011-08-09,64.867485,66.346695,60.790272,64.439491,60.793484,415100
2011-08-10,62.922737,65.520744,62.397133,62.840145,59.284630,208600
2011-08-11,63.613537,66.256592,61.999172,65.580811,61.870228,241600
2011-08-12,66.226555,68.103729,64.965103,67.916008,64.073303,245100
2011-08-15,68.614319,70.581589,68.531723,70.258720,66.283463,173000
2011-08-16,69.447784,69.447784,67.067528,67.352859,63.542015,197400
2011-08-17,67.818398,68.516708,66.579468,67.112579,63.315331,119300
2011-08-18,65.100258,65.100258,62.674953,63.440838,59.851337,159100
2011-08-19,62.704987,64.191704,62.614883,62.825127,59.270462,137500
2011-08-22,64.424477,64.431984,61.638756,61.969135,58.462902,173200
2011-08-23,62.997826,65.573303,62.141834,65.242920,61.551456,238300
2011-08-24,65.107765,65.866142,64.019005,65.505722,61.799389,97100
2011-08-25,65.971260,66.076385,62.704987,63.238102,59.660072,107300
2011-08-26,62.922737,65.152817,62.539795,64.859978,61.190182,63100
2011-08-29,65.723473,67.067528,65.400604,67.067528,63.272827,97100
2011-08-30,66.361717,67.427948,65.715965,66.902336,63.116982,210600
2011-08-31,67.450470,68.359024,65.806068,66.632027,62.861965,172900
2011-09-01,67.029984,67.660713,65.836105,66.158981,62.415688,166600
2011-09-02,64.867485,65.242920,63.140491,63.598518,60.000095,82900
2011-09-06,61.984154,63.793747,61.368443,63.763710,60.155941,190700
2011-09-07,64.769875,67.067528,64.589668,66.737144,62.961136,413000
2011-09-08,66.451820,67.585632,65.520744,66.151474,62.408604,151600
2011-09-09,65.513237,66.076385,63.786236,64.627213,60.970585,260800
2011-09-12,64.003990,64.837456,62.937756,64.627213,60.970585,139300
2011-09-13,64.882507,65.851128,64.229248,65.738495,62.018990,100000
2011-09-14,67.923523,69.252556,67.442963,68.336494,64.469994,398500
2011-09-15,70.889450,70.889450,68.486671,70.468964,66.481812,250000
2011-09-16,70.446434,70.446434,68.734459,69.027298,65.121712,127400
2011-09-19,67.578117,69.410240,67.022476,68.952209,65.050873,93600
2011-09-20,68.952209,69.815704,68.253899,68.381546,64.512497,143000
2011-09-21,68.531723,68.531723,65.460670,65.475693,61.771057,135100
2011-09-22,63.591011,63.846306,61.008026,61.841488,58.342476,182500
2011-09-23,61.060585,61.939102,60.632591,61.090622,57.634094,142800
2011-09-26,61.135674,63.305683,60.519962,63.087929,59.518394,134200
2011-09-27,64.544617,65.851128,63.087929,63.425819,59.837166,103200
2011-09-28,63.711151,63.756203,60.549995,60.737713,57.301155,89500
2011-09-29,61.946609,62.427166,60.091965,61.526123,58.044956,95300
2011-09-30,60.347263,61.638756,60.091965,60.227123,56.819454,184200
2011-10-03,60.069439,60.812801,58.327427,58.800472,55.473522,240500
2011-10-04,58.485107,61.864014,56.345135,61.856506,58.356647,384700
2011-10-05,61.533634,62.487236,60.414841,62.164364,58.647083,182200
2011-10-06,62.104294,63.973953,61.841488,63.508415,59.915089,125100
2011-10-07,63.643574,64.281807,62.292011,62.997826,59.433388,134200
2011-10-10,64.319351,65.423126,64.056549,64.507072,60.857243,115400
2011-10-11,63.711151,65.918701,63.711151,65.378075,61.678963,123600
2011-10-12,65.678421,66.834763,65.543266,65.926208,62.196083,115700
2011-10-13,65.415619,66.624519,64.627213,65.993790,62.259842,60100
2011-10-14,67.270264,68.133766,66.451820,67.773346,63.938709,77700
2011-10-17,67.593140,67.593140,65.077728,65.265450,61.572712,76800
2011-10-18,65.385582,67.720787,64.724823,67.277771,63.471172,91100
2011-10-19,66.984932,67.675735,65.160324,65.280464,61.586876,111600
2011-10-20,65.137802,65.948738,63.298172,65.768532,62.047329,114500
2011-10-21,61.773911,65.287971,59.896740,65.122780,61.438114,281900
2011-10-24,65.400604,66.909851,65.400604,66.549431,62.784042,136500
2011-10-25,66.451820,66.451820,64.086586,64.176689,60.545551,123900
2011-10-26,66.031334,66.226555,64.116615,65.588318,61.877312,158700
2011-10-27,67.518051,68.328987,66.624519,68.126251,64.271645,113100
2011-10-28,66.857285,68.283936,66.481850,67.337845,63.527847,170700
2011-10-31,66.271606,66.271606,63.936409,63.936409,60.318867,217000
2011-11-01,61.826473,63.440838,61.473564,62.479725,58.944603,141100
2011-11-02,63.193050,63.358242,61.826473,62.509762,58.972939,233700
2011-11-03,63.666100,64.724823,62.682461,64.537102,60.885574,224000
2011-11-04,64.484543,65.460670,63.756203,65.115273,61.431030,91400
2011-11-07,65.385582,65.903687,63.575993,63.861324,60.248032,150000
2011-11-08,63.771221,64.687279,63.042877,64.319351,60.680141,133700
2011-11-09,62.832634,63.936409,62.299519,62.757549,59.206707,225400
2011-11-10,63.741184,64.206726,62.742531,63.996479,60.375538,100800
2011-11-11,64.672264,65.776039,64.469528,65.182854,61.494789,96600
2011-11-14,64.844963,64.965103,63.410805,63.658588,60.056767,107000
2011-11-15,63.328209,63.718658,62.787582,63.343224,59.759243,161200
2011-11-16,62.787582,64.552124,62.194397,62.870178,59.312965,216900
2011-11-17,62.885197,63.200562,60.932938,61.653770,58.165382,360800
2011-11-18,61.683807,62.547306,61.345917,62.367096,58.838348,330300
2011-11-21,61.278339,61.563667,60.670135,61.308372,57.839527,475600
2011-11-22,61.436020,62.021698,60.204597,60.399822,56.982384,397500
2011-11-23,60.069439,60.512451,59.694008,60.039406,56.642357,448200
2011-11-25,59.558849,60.377296,59.461239,59.513798,56.146488,111600
2011-11-28,61.053078,62.254467,61.053078,62.231941,58.710838,322400
2011-11-29,62.367096,63.313190,61.991661,62.765057,59.213791,382800
2011-11-30,64.597176,65.528252,64.229248,65.152817,61.466450,307800
2011-12-01,65.160324,65.310501,64.522087,64.874992,61.204346,276500
2011-12-02,65.272957,65.415619,64.882507,64.912537,61.239765,530600
2011-12-05,65.858635,66.226555,65.220398,65.903687,62.174835,430100
2011-12-06,65.888664,66.376732,64.837456,65.896179,62.167755,253500
2011-12-07,65.400604,65.738495,64.897522,65.513237,61.806477,315200
2011-12-08,64.927559,65.152817,63.388275,63.613537,60.014263,555800
2011-12-09,63.696133,65.580811,63.621044,65.363060,61.664799,210000
2011-12-12,64.574646,64.574646,63.823780,64.379425,60.736816,350600
2011-12-13,64.807419,65.468178,64.064056,64.139145,60.510132,448600
2011-12-14,63.643574,63.793747,63.260628,63.606030,60.007179,495300
2011-12-15,64.732330,65.115273,63.530941,63.681114,60.078018,508300
2011-12-16,64.131638,65.453163,64.131638,65.025169,61.346024,512900
2011-12-19,65.227905,65.423126,63.155506,63.320698,59.737995,346100
2011-12-20,64.995132,66.977425,64.732330,66.804726,63.024895,409500
2011-12-21,66.594482,67.548088,65.933716,67.375389,63.563271,214700
2011-12-22,67.555595,68.802032,67.352859,68.231377,64.370827,140600
2011-12-23,67.983589,68.561760,67.983589,68.464142,64.590424,154100
2011-12-27,68.133766,68.681900,68.006119,68.313972,64.448746,103600
2011-12-28,68.546738,68.696915,66.984932,67.060020,63.265743,121200
2011-12-29,67.435455,67.991096,67.210197,67.232719,63.428673,76500
2011-12-30,67.097565,67.705765,66.782204,66.797218,63.017811,145600
2012-01-03,68.276428,68.276428,66.969917,67.285278,63.478256,147800
2012-01-04,66.939880,67.698257,66.211540,67.488014,63.669521,223500
2012-01-05,67.075035,67.097565,65.513237,66.309151,62.557358,284600
2012-01-06,66.219048,66.421783,65.490707,66.113930,62.373184,172300
2012-01-09,66.294136,66.309151,64.995132,65.520744,61.813560,170100
2012-01-10,66.234070,66.954903,65.941231,66.181503,62.436935,102600
2012-01-11,65.963753,66.271606,65.355553,65.963753,62.231503,201800
2012-01-12,65.911194,66.046349,65.220398,65.670914,61.955235,225500
2012-01-13,65.325516,65.866142,64.484543,65.280464,61.586876,172900
2012-01-17,66.038841,66.474342,65.325516,66.158981,62.415688,193900
2012-01-18,66.196526,68.471657,65.918701,68.381546,64.512497,228200
2012-01-19,68.862106,70.829376,68.741966,70.228683,66.255119,362100
2012-01-20,70.108543,70.889450,69.695564,70.776817,66.772240,246600
2012-01-23,70.957024,71.377510,70.168617,71.204811,67.176018,240100
2012-01-24,70.649170,70.859413,70.070999,70.183632,66.212624,234600
2012-01-25,69.898300,71.204811,69.425255,71.099693,67.076851,195300
2012-01-26,71.294914,71.490143,69.327644,69.387711,65.461731,210400
2012-01-27,69.252556,70.348824,69.252556,69.935844,65.978851,64400
2012-01-30,69.154945,69.154945,68.013626,68.133766,64.278740,166900
2012-01-31,68.381546,68.824562,67.961060,68.726952,64.838356,129500
2012-02-01,69.034805,70.183632,68.839577,69.177467,65.263382,234300
2012-02-02,69.064842,70.611626,69.064842,70.544052,66.552650,225400
2012-02-03,71.302429,71.970695,70.979553,71.670349,67.615219,185700
2012-02-06,71.167267,72.030769,70.776817,71.955681,67.884407,152200
2012-02-07,71.715401,72.158417,70.851906,72.008240,67.933990,110200
2012-02-08,71.985718,72.428726,71.625298,71.970695,67.898575,83200
2012-02-09,72.083328,72.804161,71.670349,72.248520,68.160675,165100
2012-02-10,71.475128,72.826691,71.392532,72.819176,68.699043,122600
2012-02-13,72.834198,73.907936,72.518829,73.720222,69.549110,211000
2012-02-14,73.434891,74.148216,73.157066,74.020569,69.832466,102600
2012-02-15,73.960495,73.960495,72.083328,72.316101,68.224434,158700
2012-02-16,72.203468,74.516144,72.203468,74.260849,70.059151,178000
2012-02-17,73.434891,74.501122,72.631462,73.952988,69.768707,182200
2012-02-21,73.960495,74.643791,73.667664,74.215790,70.016640,149100
2012-02-22,74.283371,74.839012,73.990532,74.163231,69.967056,157800
2012-02-23,73.892921,74.666313,73.735237,74.568703,70.349586,102600
2012-02-24,74.471092,75.011711,74.133202,74.223305,70.023727,183100
2012-02-27,73.705200,75.086800,73.277206,74.501122,70.285828,157500
2012-02-28,74.328423,75.004204,74.058113,74.350952,70.144150,172600
2012-02-29,74.583717,75.056763,74.215790,74.245827,70.044975,182900
2012-03-01,74.380981,74.974167,73.983025,74.380981,70.172485,238300
2012-03-02,74.005554,74.283371,73.570045,73.840363,69.662453,163500
2012-03-05,73.757767,73.757767,72.631462,73.247177,69.102829,208200
2012-03-06,72.413712,72.413712,71.279900,71.707893,67.650642,117600
2012-03-07,71.700386,72.316101,71.279900,72.158417,68.075668,108600
2012-03-08,72.421219,72.744095,71.895615,72.526337,68.422775,162300
2012-03-09,72.518829,73.172089,72.113365,72.721565,68.606956,129600
2012-03-12,72.736580,72.909286,71.505157,72.090836,68.011917,124900
2012-03-13,72.556374,73.277206,72.143394,73.262192,69.116997,103100
2012-03-14,73.097000,73.524994,72.098343,72.105858,68.026085,96200
2012-03-15,72.120872,73.029419,71.572739,72.601425,68.493614,128400
2012-03-16,72.969353,74.373474,72.969353,73.907936,69.726204,247200
2012-03-19,73.907936,74.290878,73.284714,73.404854,69.251587,128100
2012-03-20,72.578903,72.601425,71.722908,72.053291,67.976494,65200
2012-03-21,72.331116,72.533852,71.294914,71.512672,67.466461,157700
2012-03-22,70.791832,71.805504,70.604118,71.437584,67.395622,202500
2012-03-23,71.287407,72.338623,71.287407,72.113365,68.033173,101400
2012-03-26,72.473778,72.744095,71.940666,72.248520,68.160675,107900
2012-03-27,72.293571,72.316101,71.430077,71.813019,67.749817,115900
2012-03-28,71.670349,71.797997,71.129723,71.400040,67.360207,183300
2012-03-29,71.062149,71.933151,70.934502,71.752945,67.693138,108700
2012-03-30,71.895615,72.466270,71.557724,71.918137,67.848984,138500
2012-04-02,71.640320,72.548866,71.640320,72.271042,68.181923,168600
2012-04-03,72.128380,72.571396,71.835541,72.120872,68.040253,181100
2012-04-04,71.445091,71.790489,71.189796,71.339966,67.303528,149400
2012-04-05,71.017097,72.038277,71.017097,71.602776,67.551468,148500
2012-04-09,70.604118,72.075821,70.604118,71.385017,67.346031,136600
2012-04-10,71.129723,71.347481,69.680550,70.333809,66.354301,231500
2012-04-11,70.889450,71.129723,70.626648,70.769310,66.765160,137900
2012-04-12,70.746780,72.481285,70.746780,72.060799,67.983574,164400
2012-04-13,71.790489,72.083328,71.182289,71.204811,67.176018,114900
2012-04-16,71.339966,71.339966,70.348824,70.408890,66.425133,119900
2012-04-17,70.979553,71.685371,70.371346,70.769310,66.765160,105400
2012-04-18,70.476471,71.264885,70.281242,70.416405,66.432220,117500
2012-04-19,70.311279,71.167267,69.973389,70.491486,66.503059,91600
2012-04-20,70.529030,71.520180,69.357681,69.560410,65.624657,97900
2012-04-23,68.666878,69.755638,68.471657,69.567917,65.631744,104800
2012-04-24,69.567917,70.461456,69.072350,69.710587,65.766342,151400
2012-04-25,70.859413,70.859413,69.410240,70.183632,66.212624,60600
2012-04-26,70.048477,70.611626,69.965881,70.108543,66.141777,67300
2012-04-27,70.108543,70.363838,69.875778,70.010933,66.049690,83300
2012-04-30,69.800690,69.943352,69.199997,69.778160,65.830093,77200
2012-05-01,70.101036,70.866920,69.087364,70.438927,66.453468,129600
2012-05-02,70.003426,70.198647,69.492836,69.920830,65.964691,83800
2012-05-03,70.025948,70.506508,68.456635,68.464142,64.590424,154200
2012-05-04,67.885979,68.141273,66.902336,67.097565,63.301163,153100
2012-05-07,66.609497,67.142616,66.211540,66.421783,62.663620,170400
2012-05-08,65.926208,66.954903,65.115273,66.722130,62.946972,189900
2012-05-09,66.016312,66.992447,65.295479,66.654556,62.883221,174400
2012-05-10,67.210197,67.292793,66.474342,66.767181,62.989475,144400
2012-05-11,66.361717,67.390404,66.158981,66.324173,62.571529,147700
2012-05-14,65.783546,65.993790,65.010155,65.227905,61.537289,172000
2012-05-15,65.070221,65.851128,64.799911,65.280464,61.586876,194300
2012-05-16,65.550774,66.016312,64.702293,64.777382,61.112259,151800
2012-05-17,65.055206,65.438148,64.499565,64.552124,60.899746,160000
2012-05-18,64.679771,65.085236,64.221741,64.484543,60.835987,219300
2012-05-21,64.672264,65.941231,64.484543,65.806068,62.082741,214200
2012-05-22,65.730988,66.196526,64.702293,65.047691,61.367271,135700
2012-05-23,64.462021,65.723473,64.229248,65.685936,61.969406,95800
2012-05-24,65.738495,65.738495,64.612190,65.438148,61.735638,87400
2012-05-25,65.197868,65.513237,64.687279,64.972610,61.296440,73800
2012-05-29,64.965103,66.511887,64.296829,66.331680,62.578613,204600
2012-05-30,65.490707,65.670914,64.146652,64.604683,60.949329,344500
2012-05-31,64.484543,65.122780,63.703640,64.732330,61.069756,271600
2012-06-01,59.911758,64.492050,59.904251,64.116615,60.488876,167500
2012-06-04,64.229248,64.492050,63.913883,64.169182,60.538471,230900
2012-06-05,63.958935,65.355553,63.786236,64.935066,61.261021,118100
2012-06-06,65.385582,66.511887,64.942574,66.241577,62.493610,110300
2012-06-07,66.864799,67.427948,65.287971,65.385582,61.686047,87000
2012-06-08,64.867485,64.995132,64.079079,64.619698,60.963497,90700
2012-06-11,65.137802,65.295479,63.771221,63.913883,60.297615,120300
2012-06-12,63.988972,64.537102,63.673607,64.131638,60.503052,125500
2012-06-13,63.906376,64.672264,63.485889,63.636063,60.035515,157900
2012-06-14,63.763710,64.229248,63.193050,63.448345,59.858418,88500
2012-06-15,63.418312,63.958935,63.223087,63.801254,60.191360,174800
2012-06-18,63.448345,64.071564,63.448345,63.733677,60.127605,64100
2012-06-19,63.876343,65.115273,63.876343,64.597176,60.942249,68200
2012-06-20,64.702293,64.987625,63.921394,64.552124,60.899746,64400
2012-06-21,64.574646,64.574646,63.636063,63.643574,60.042603,96200
2012-06-22,64.003990,65.145309,63.823780,65.040184,61.360191,290700
2012-06-25,64.334373,64.334373,63.425819,64.311844,60.673061,105000
2012-06-26,64.176689,64.559631,63.816273,64.394440,60.750984,66200
2012-06-27,64.281807,65.595825,64.281807,65.257935,61.565620,90600
2012-06-28,64.844963,66.023827,64.642227,65.828598,62.103996,117200
2012-06-29,66.797218,67.660713,66.369225,67.112579,63.315331,107500
2012-07-02,67.142616,67.713280,66.601990,67.120094,63.322418,140000
2012-07-03,67.307808,67.976082,67.007462,67.938538,64.094551,101700
2012-07-05,67.750816,68.366531,67.382896,68.021133,64.172478,73300
2012-07-06,67.397911,68.088707,67.232719,67.810890,63.974129,62500
2012-07-09,67.555595,69.192490,67.210197,68.914665,65.015450,130100
2012-07-10,69.132416,69.177467,67.067528,67.405418,63.591599,62900
2012-07-11,67.488014,68.313972,67.488014,68.028641,64.179558,62600
2012-07-12,67.345352,68.539230,67.067528,68.253899,64.392075,53400
2012-07-13,68.546738,68.899651,67.998604,68.178818,64.321236,65800
2012-07-16,68.028641,68.509193,67.540573,68.186325,64.328323,62600
2012-07-17,68.344009,68.967224,67.885979,68.892136,64.994194,30600
2012-07-18,68.704422,70.108543,68.486671,69.973389,66.014275,48700
2012-07-19,70.206161,70.206161,69.245049,69.297607,65.376724,73600
2012-07-20,69.245049,69.327644,68.486671,68.884628,64.987114,73700
2012-07-23,67.833412,68.328987,67.518051,68.306465,64.441666,46000
2012-07-24,68.133766,68.133766,66.384239,66.834763,63.053230,52100
2012-07-25,67.142616,67.803383,66.459328,67.382896,63.570351,36100
2012-07-26,67.893486,68.156288,65.978775,67.382896,63.570351,80100
2012-07-27,63.958935,67.029984,62.156853,65.295479,61.601040,435300
2012-07-30,65.348045,65.588318,63.508415,64.499565,60.850159,204900
2012-07-31,64.176689,64.739838,63.208069,63.786236,60.177193,140000
2012-08-01,63.666100,64.356895,62.569832,64.019005,60.396790,105400
2012-08-02,63.380768,63.718658,62.780075,62.960281,59.397968,191000
2012-08-03,63.763710,65.558289,63.253120,65.272957,61.579792,172700
2012-08-06,65.182854,66.429291,65.182854,65.993790,62.259842,114700
2012-08-07,65.986282,66.804726,65.888664,65.941231,62.210255,137600
2012-08-08,65.625862,66.556938,65.595825,66.038841,62.302345,94500
2012-08-09,66.346695,67.262756,66.031334,66.481850,62.720287,51800
2012-08-10,65.963753,66.804726,65.603340,66.729637,62.954056,38500
2012-08-13,66.526909,66.812233,66.091400,66.601990,62.833630,35800
2012-08-14,66.699608,66.999954,66.053856,66.166489,62.422768,72400
2012-08-15,66.256592,67.375389,66.256592,66.849777,63.067398,38900
2012-08-16,67.029984,67.360367,66.834763,67.157631,63.357830,49200
2012-08-17,67.270264,67.578117,66.819740,67.045006,63.251579,56700
2012-08-20,67.045006,67.435455,66.737144,67.397911,63.584518,31900
2012-08-21,67.412926,68.133766,67.067528,67.292793,63.485348,34000
2012-08-22,67.067528,67.322823,66.526909,66.812233,63.031975,37300
2012-08-23,66.526909,67.337845,66.196526,66.969917,63.180740,44600
2012-08-24,67.014969,67.014969,66.091400,66.211540,62.465271,26100
2012-08-27,66.309151,66.309151,65.265450,65.926208,62.196083,39300
2012-08-28,65.993790,66.294136,65.235413,66.023827,62.288177,49700
2012-08-29,65.896179,65.896179,65.085236,65.415619,61.714382,53800
2012-08-30,65.070221,65.070221,63.628555,64.552124,60.899746,41400
2012-08-31,64.927559,65.055206,63.838799,64.582153,60.928074,63100
2012-09-04,64.499565,65.603340,63.756203,65.415619,61.714382,91700
2012-09-05,65.242920,66.128944,64.844963,64.950081,61.275185,54900
2012-09-06,65.092751,66.113930,64.679771,64.920044,61.246849,88500
2012-09-07,65.040184,65.625862,64.844963,65.070221,61.388527,129500
2012-09-10,65.115273,65.310501,64.484543,64.679771,61.020172,65000
2012-09-11,64.499565,65.648392,64.499565,65.220398,61.530209,65200
2012-09-12,65.408112,66.511887,65.408112,66.211540,62.465271,63300
2012-09-13,65.941231,67.150124,65.483200,66.894829,63.109898,52000
2012-09-14,66.857285,68.636841,66.857285,68.208847,64.349571,52400
2012-09-17,68.396568,69.064842,67.082550,67.120094,63.322418,64300
2012-09-18,67.045006,67.045006,65.806068,66.609497,62.840710,42100
2012-09-19,66.369225,66.369225,64.739838,64.784889,61.119339,69500
2012-09-20,63.245613,64.702293,62.659935,64.311844,60.673061,80500
2012-09-21,64.634720,65.085236,63.988972,64.094093,60.467628,305700
2012-09-24,64.109108,65.100258,64.109108,64.424477,60.779320,51300
2012-09-25,64.386932,64.386932,62.727512,63.042877,59.475891,79100
2012-09-26,63.035370,63.035370,62.231941,62.442184,58.909187,58300
2012-09-27,62.592358,62.960281,62.171871,62.735023,59.185455,48900
2012-09-28,62.397133,63.117966,62.359589,62.592358,59.050861,60700
2012-10-01,62.900211,65.325516,62.509762,65.010155,61.331860,156300
2012-10-02,65.062714,66.511887,65.062714,65.468178,61.763969,93800
2012-10-03,65.618355,65.618355,64.627213,64.980118,61.303524,84200
2012-10-04,65.077728,66.128944,65.077728,65.903687,62.174835,65900
2012-10-05,65.851128,66.113930,64.867485,64.905029,61.232681,60700
2012-10-08,64.582153,65.333023,64.416969,64.694786,61.034336,67800
2012-10-09,64.784889,65.287971,64.454506,64.634720,60.977669,53700
2012-10-10,64.837456,65.167831,64.094093,64.379425,60.736816,61200
2012-10-11,64.612190,65.040184,64.281807,64.439491,60.793484,53000
2012-10-12,64.814926,64.927559,64.454506,64.890015,61.218517,42100
2012-10-15,65.077728,65.558289,64.064056,65.400604,61.700218,46000
2012-10-16,65.828598,66.181503,65.145309,65.438148,61.735638,64600
2012-10-17,65.280464,66.053856,65.212883,66.038841,62.302345,58000
2012-10-18,66.083893,66.083893,64.454506,65.535759,61.827724,141500
2012-10-19,65.588318,65.588318,63.425819,63.943920,60.325954,73200
2012-10-22,63.628555,64.619698,62.509762,63.320698,59.737995,117000
2012-10-23,61.518616,64.709801,61.518616,64.086586,60.460548,43100
2012-10-24,64.401947,64.401947,62.997826,63.102947,59.532562,45500
2012-10-25,63.253120,63.493397,62.915230,63.418312,59.830086,29800
2012-10-26,63.636063,63.861324,62.870178,63.185543,59.610485,42000
2012-10-31,63.132980,65.963753,62.937756,65.858635,62.132332,118300
2012-11-01,65.648392,65.911194,64.462021,64.957588,61.282269,74000
2012-11-02,64.822433,64.822433,63.966446,64.229248,60.595139,92000
2012-11-05,63.913883,64.529594,63.913883,64.311844,60.673061,72400
2012-11-06,64.199211,64.829941,64.199211,64.634720,60.977669,65300
2012-11-07,63.853813,65.100258,63.545959,64.559631,60.906826,101300
2012-11-08,64.424477,64.612190,63.591011,63.621044,60.021347,88800
2012-11-09,63.305683,64.709801,63.305683,64.056549,60.432209,55500
2012-11-12,64.356895,64.634720,63.876343,64.529594,60.878490,51300
2012-11-13,64.356895,64.627213,63.966446,64.094093,60.467628,48500
2012-11-14,64.176689,64.724823,63.883850,64.281807,60.644722,78200
2012-11-15,64.401947,64.627213,63.598518,63.876343,60.262199,87400
2012-11-16,64.109108,64.311844,62.997826,63.598518,60.000095,48700
2012-11-19,63.778728,64.634720,63.778728,64.199211,60.566799,277100
2012-11-20,63.823780,64.912537,63.575993,64.852470,61.183098,96400
2012-11-21,64.567139,65.197868,64.507072,64.769875,61.105175,43900
2012-11-23,64.672264,65.956245,64.672264,65.941231,62.210255,16400
2012-11-26,65.603340,66.894829,65.603340,66.834763,63.053230,76900
2012-11-27,66.474342,66.909851,66.158981,66.316666,62.564449,56400
2012-11-28,66.031334,66.909851,65.182854,66.639534,62.869049,51500
2012-11-29,66.857285,67.157631,66.391747,66.782204,63.003647,51800
2012-11-30,66.774689,68.028641,66.436798,68.028641,64.179558,123900
2012-12-03,68.328987,68.554245,67.623169,67.938538,64.094551,65000
2012-12-04,67.660713,68.411583,67.660713,68.223869,64.363739,69000
2012-12-05,68.043655,68.043655,65.851128,66.481850,62.720287,440800
2012-12-06,66.301643,67.007462,66.264099,66.639534,62.869049,2180900
2012-12-07,66.429291,67.037498,66.406769,66.939880,63.152401,139000
2012-12-10,67.195175,67.195175,65.700951,66.008804,62.274006,350700
2012-12-11,66.331680,66.692093,65.993790,66.399254,62.642365,219300
2012-12-12,66.699608,66.699608,66.076385,66.354202,62.599861,298100
2012-12-13,62.517269,62.840145,61.781418,62.231941,62.231941,384300
2012-12-14,61.976646,62.517269,61.578686,61.653770,61.653770,218200
2012-12-17,61.691315,62.036713,61.503597,62.006680,62.006680,170500
2012-12-18,61.879032,62.892704,61.676296,62.314537,62.314537,214400
2012-12-19,62.517269,62.689968,62.126820,62.224430,62.224430,302600
2012-12-20,62.464710,63.493397,62.322044,62.757549,62.757549,357900
2012-12-21,62.314537,62.652428,62.239449,62.464710,62.464710,493900
2012-12-24,61.946609,62.442184,61.946609,62.292011,62.292011,40000
2012-12-26,62.412148,62.659935,61.886539,62.074257,62.074257,127300
2012-12-27,62.044224,62.224430,61.668789,62.126820,62.126820,148200
2012-12-28,61.773911,62.329552,61.496090,62.006680,62.006680,127100
2012-12-31,61.728859,63.072914,61.548649,62.922737,62.922737,93800
2013-01-02,63.786236,64.003990,63.102947,63.966446,63.966446,229400
2013-01-03,63.823780,64.439491,63.163017,63.440838,63.440838,172300
2013-01-04,63.343224,64.334373,63.343224,64.296829,64.296829,128700
2013-01-07,64.191704,64.522087,63.448345,64.049042,64.049042,137600
2013-01-08,64.199211,64.221741,63.223087,63.898869,63.898869,171800
2013-01-09,64.116615,64.364403,63.801254,64.184196,64.184196,71800
2013-01-10,64.184196,64.184196,63.771221,63.823780,63.823780,145200
2013-01-11,64.003990,64.191704,63.433331,63.913883,63.913883,348300
2013-01-14,63.560978,63.748695,62.990318,63.403294,63.403294,337600
2013-01-15,63.463364,64.124130,63.283154,63.936409,63.936409,198200
2013-01-16,63.658588,64.199211,63.658588,63.921394,63.921394,271100
2013-01-17,64.131638,65.265450,63.958935,64.890015,64.890015,184600
2013-01-18,64.950081,65.430641,64.762367,65.333023,65.333023,145600
2013-01-22,65.408112,65.625862,64.882507,65.490707,65.490707,108700
2013-01-23,65.618355,65.881157,64.995132,65.115273,65.115273,151600
2013-01-24,65.070221,66.038841,64.935066,65.843613,65.843613,172100
2013-01-25,65.708458,66.234070,65.272957,66.151474,66.151474,121400
2013-01-28,66.158981,66.827255,65.978775,66.624519,66.624519,192600
2013-01-29,66.429291,67.630684,66.429291,67.600647,67.600647,250700
2013-01-30,67.390404,68.328987,67.232719,67.976082,67.976082,250800
2013-01-31,68.216354,68.614319,67.743309,68.306465,68.306465,250300
2013-02-01,68.249519,69.090912,68.036751,68.520309,68.520309,321500
2013-02-04,67.727272,68.597679,67.669243,68.056091,68.056091,303300
2013-02-05,68.452614,68.897484,68.162476,68.655708,68.655708,279500
2013-02-06,68.655708,69.264992,68.626694,69.119919,69.119919,154400
2013-02-07,68.829788,69.487427,68.829788,69.052223,69.052223,200600
2013-02-08,69.042557,69.361702,68.887817,69.177948,69.177948,95500
2013-02-11,69.032883,69.206963,68.733078,68.781433,68.781433,92700
2013-02-12,68.858803,69.719536,68.858803,69.439072,69.439072,93900
2013-02-13,69.439072,69.748550,69.158607,69.216637,69.216637,93100
2013-02-14,69.651840,70.589943,69.429398,70.116051,70.116051,135800
2013-02-15,70.338493,70.338493,69.226303,69.535782,69.535782,208000
2013-02-19,69.593811,70.483559,69.323021,70.261124,70.261124,406000
2013-02-20,69.912956,70.377174,69.158607,69.158607,69.158607,126200
2013-02-21,69.042557,69.100578,67.698257,68.220505,68.220505,139700
2013-02-22,68.704063,68.781433,67.852997,68.558990,68.558990,119000
2013-02-25,68.887817,69.003868,66.827850,67.030945,67.030945,63400
2013-02-26,67.108315,67.562866,66.615089,67.301743,67.301743,75500
2013-02-27,66.943909,68.230171,66.682785,67.823982,67.823982,135800
2013-02-28,67.253387,68.307541,66.837524,67.195358,67.195358,154800
2013-03-01,66.740814,66.924568,66.092842,66.615089,66.615089,116600
2013-03-04,66.353966,66.750481,65.531914,65.928436,65.928436,132300
2013-03-05,66.228241,67.214699,66.063828,66.943909,66.943909,184800
2013-03-06,66.876205,67.504837,66.634430,67.408127,67.408127,266000
2013-03-07,67.524178,68.636360,67.524178,68.462280,68.462280,162600
2013-03-08,68.868469,69.003868,68.007736,68.752419,68.752419,133100
2013-03-11,68.646034,69.168282,68.433266,68.926498,68.926498,185800
2013-03-12,69.100578,69.361702,68.471954,68.965187,68.965187,166800
2013-03-13,69.023209,69.342361,68.636360,68.655708,68.655708,98700
2013-03-14,68.655708,69.245651,68.607353,69.129593,69.129593,218800
2013-03-15,69.390717,69.390717,68.907158,69.284332,69.284332,426500
2013-03-18,68.723404,69.497101,68.481628,69.197289,69.197289,235500
2013-03-19,69.487427,69.719536,68.568665,69.032883,69.032883,52900
2013-03-20,69.168282,69.526115,68.849129,69.168282,69.168282,42600
2013-03-21,69.052223,69.245651,68.433266,68.858803,68.858803,191400
2013-03-22,68.858803,70.029015,68.858803,69.468086,69.468086,72700
2013-03-25,70.841393,73.046425,69.574471,70.125725,70.125725,508500
2013-03-26,70.599609,71.034813,70.251450,70.812378,70.812378,342800
2013-03-27,70.812378,71.276596,70.348160,71.025146,71.025146,203500
2013-03-28,71.199226,71.411995,70.599609,71.257256,71.257256,186900
2013-04-01,71.595741,71.595741,70.019341,70.106384,70.106384,139200
2013-04-02,70.493233,70.996132,70.125725,70.967117,70.967117,243400
2013-04-03,70.812378,71.005806,69.245651,69.941971,69.941971,191800
2013-04-04,69.883949,69.883949,69.264992,69.642166,69.642166,137000
2013-04-05,69.148933,70.048355,68.907158,69.980659,69.980659,105400
2013-04-08,70.319145,71.257256,70.193420,71.189552,71.189552,137100
2013-04-09,71.179886,71.934235,71.179886,71.721474,71.721474,254000
2013-04-10,72.040619,72.485497,71.972923,72.311409,72.311409,228300
2013-04-11,72.485497,72.640236,71.779495,72.427467,72.427467,133300
2013-04-12,72.350098,72.533852,71.460350,72.117989,72.117989,95500
2013-04-15,72.214699,72.214699,69.883949,70.125725,70.125725,271600
2013-04-16,70.406189,70.822052,69.294006,69.767891,69.767891,142600
2013-04-17,69.690521,69.690521,68.317215,68.413925,68.413925,165700
2013-04-18,68.781433,69.052223,67.765961,68.955513,68.955513,169400
2013-04-19,69.332687,69.332687,68.162476,68.771759,68.771759,60700
2013-04-22,69.226303,69.439072,68.413925,69.158607,69.158607,62200
2013-04-23,69.448746,69.874275,69.168282,69.845261,69.845261,71900
2013-04-24,70.145065,70.705994,69.738876,70.444878,70.444878,157400
2013-04-25,70.783363,71.431335,70.193420,70.251450,70.251450,117400
2013-04-26,69.990326,70.589943,69.932304,70.270790,70.270790,52300
2013-04-29,70.396515,71.373306,69.932304,70.512573,70.512573,117000
2013-04-30,68.675049,69.951645,67.485497,69.738876,69.738876,364000
2013-05-01,69.535782,70.106384,69.003868,69.216637,69.216637,140000
2013-05-02,69.680855,70.599609,69.526115,70.502899,70.502899,130500
2013-05-03,71.479691,72.427467,71.276596,71.392647,71.392647,122600
2013-05-06,71.344292,71.779495,71.092842,71.547386,71.547386,93200
2013-05-07,71.421661,72.301743,71.295937,72.195358,72.195358,74300
2013-05-08,72.408127,73.994194,72.350098,73.974854,73.974854,126900
2013-05-09,74.023209,74.313347,73.201164,73.433266,73.433266,64800
2013-05-10,73.307541,73.704063,73.133461,73.210831,73.210831,75300
2013-05-13,73.307541,73.384911,72.969055,73.056091,73.056091,67600
2013-05-14,73.249519,73.907158,72.998062,73.791100,73.791100,99200
2013-05-15,73.549324,74.613152,73.452614,74.584137,74.584137,182600
2013-05-16,74.700195,74.709862,74.197289,74.390717,74.390717,83400
2013-05-17,74.709862,75.425529,74.555122,75.415863,75.415863,131600
2013-05-20,75.435204,76.943909,75.164413,76.237907,76.237907,94400
2013-05-21,76.537720,76.711800,75.909088,76.653770,76.653770,129100
2013-05-22,76.644104,76.740814,74.758217,75.106384,75.106384,117800
2013-05-23,74.332687,75.299805,74.119919,75.174080,75.174080,98700
2013-05-24,74.941971,75.328819,74.274658,75.145065,75.145065,69300
2013-05-28,75.589943,76.025146,74.719536,75.222435,75.222435,111300
2013-05-29,74.806580,75.802711,74.748550,74.912956,74.912956,91700
2013-05-30,74.854935,75.145065,74.555122,74.874275,74.874275,60500
2013-05-31,74.758217,74.970985,74.168282,74.264992,74.264992,142200
2013-06-03,74.139267,75.338493,74.061897,75.299805,75.299805,88900
2013-06-04,75.348160,75.667313,74.284332,74.961319,74.961319,51200
2013-06-05,74.951645,75.299805,74.226303,74.883949,74.883949,106100
2013-06-06,74.835587,75.822052,74.390717,75.793037,75.793037,71800
2013-06-07,76.015472,76.015472,75.502899,75.773697,75.773697,111600
2013-06-10,75.609283,76.324951,75.087044,76.295937,76.295937,104300
2013-06-11,75.609283,76.431335,74.970985,76.112183,76.112183,75800
2013-06-12,76.644104,76.769829,74.864601,75.203094,75.203094,80300
2013-06-13,75.038681,77.137329,75.038681,77.137329,77.137329,245900
2013-06-14,77.224373,77.843330,76.895554,77.176018,77.176018,71600
2013-06-17,77.359764,77.814316,77.234039,77.475822,77.475822,145800
2013-06-18,77.359764,77.901352,77.301743,77.785301,77.785301,96900
2013-06-19,77.601547,78.297874,77.562866,77.698257,77.698257,64300
2013-06-20,76.508705,77.475822,76.382980,77.050293,77.050293,183600
2013-06-21,77.311409,77.330757,76.392647,76.508705,76.508705,276000
2013-06-24,76.218567,77.630562,74.951645,77.427467,77.427467,186100
2013-06-25,77.736946,78.529984,77.398453,78.307541,78.307541,210000
2013-06-26,78.762093,80.048355,78.568665,79.864601,79.864601,281700
2013-06-27,80.270790,81.441010,79.951645,80.686653,80.686653,227000
2013-06-28,80.657639,80.657639,79.110252,80.319145,80.319145,1710800
2013-07-01,80.029015,82.495163,79.545456,81.537720,81.537720,197700
2013-07-02,81.334625,82.263054,81.015472,81.489365,81.489365,156900
2013-07-03,81.363640,81.576401,80.367508,80.493233,80.493233,115300
2013-07-05,81.402321,82.959381,80.570602,82.852997,82.852997,123200
2013-07-08,82.756287,83.297874,82.359764,82.572533,82.572533,126100
2013-07-09,82.688591,83.520309,82.408127,83.085106,83.085106,120800
2013-07-10,83.094780,83.297874,81.334625,81.692459,81.692459,190500
2013-07-11,82.485497,83.259186,82.243713,83.172150,83.172150,77000
2013-07-12,82.978722,83.907158,82.698257,83.549324,83.549324,88700
2013-07-15,83.539650,83.568665,82.959381,83.326889,83.326889,45000
2013-07-16,83.326889,83.568665,82.591873,83.481628,83.481628,65600
2013-07-17,83.500969,83.733078,82.882011,83.471954,83.471954,127600
2013-07-18,83.375244,84.090912,83.346230,83.926498,83.926498,77800
2013-07-19,83.520309,84.139267,83.162476,84.119919,84.119919,105500
2013-07-22,84.119919,85.396515,83.810448,84.719536,84.719536,97800
2013-07-23,84.516441,85.087044,84.206963,84.632492,84.632492,90000
2013-07-24,84.516441,84.526115,83.607353,83.907158,83.907158,111100
2013-07-25,83.849129,84.206963,82.572533,83.868469,83.868469,172100
2013-07-26,83.346230,83.829788,82.166344,83.017410,83.017410,81100
2013-07-29,83.027077,83.288200,82.205032,82.582207,82.582207,66000
2013-07-30,82.901352,83.085106,81.934235,82.707932,82.707932,61400
2013-07-31,82.601547,85.705994,82.243713,84.680855,84.680855,188300
2013-08-01,85.164413,85.686653,84.419731,84.545456,84.545456,113700
2013-08-02,84.168282,85.164413,83.897484,84.777565,84.777565,109800
2013-08-05,84.961319,85.996132,84.506767,85.715668,85.715668,171800
2013-08-06,85.473885,86.073502,83.491295,83.868469,83.868469,159700
2013-08-07,84.042557,84.042557,81.586075,82.369438,82.369438,219500
2013-08-08,82.292068,83.220505,81.866539,82.882011,82.882011,133000
2013-08-09,82.940041,83.201164,81.914894,82.988396,82.988396,59100
2013-08-12,82.601547,84.390717,82.514503,83.442940,83.442940,156800
2013-08-13,83.713730,85.193420,83.230171,84.671181,84.671181,89500
2013-08-14,84.535782,85.087044,84.032883,84.090912,84.090912,48800
2013-08-15,83.481628,83.839455,82.195358,82.340424,82.340424,75800
2013-08-16,81.876205,82.659576,81.731140,82.292068,82.292068,47900
2013-08-19,82.195358,82.514503,81.450676,81.624756,81.624756,47400
2013-08-20,81.528046,82.794968,81.237907,82.088974,82.088974,60400
2013-08-21,81.963249,82.253387,80.889748,81.499031,81.499031,62500
2013-08-22,81.499031,83.201164,81.131531,82.553192,82.553192,55000
2013-08-23,82.408127,83.413925,81.866539,82.678917,82.678917,71400
2013-08-26,82.466148,83.027077,82.137329,82.611221,82.611221,46000
2013-08-27,81.914894,82.379112,80.938103,81.557060,81.557060,111000
2013-08-28,81.489365,82.272728,81.460350,81.653770,81.653770,35500
2013-08-29,81.721474,82.388779,81.392647,82.117989,82.117989,56800
2013-08-30,81.905220,81.992264,79.835587,80.348160,80.348160,78600
2013-09-03,81.576401,82.572533,81.121857,81.721474,81.721474,96300
2013-09-04,81.798836,82.234039,81.228241,81.905220,81.905220,111700
2013-09-05,81.789169,82.882011,81.266922,82.678917,82.678917,67400
2013-09-06,82.688591,83.462280,81.334625,82.823982,82.823982,66500
2013-09-09,83.210831,85.560928,82.940041,85.551254,85.551254,105200
2013-09-10,85.502899,86.508705,85.135399,86.266922,86.266922,115300
2013-09-11,86.373306,86.876205,85.589943,85.938103,85.938103,96300
2013-09-12,86.315277,87.011604,85.270790,85.473885,85.473885,86700
2013-09-13,85.957443,85.957443,84.738876,85.164413,85.164413,53900
2013-09-16,85.880081,85.880081,84.719536,85.367508,85.367508,93100
2013-09-17,85.357834,87.030945,85.357834,86.615089,86.615089,84100
2013-09-18,86.634430,87.185684,85.976791,86.644104,86.644104,93300
2013-09-19,86.528046,87.311409,86.179886,87.059959,87.059959,84500
2013-09-20,87.485497,89.361702,87.475822,89.361702,89.361702,293000
2013-09-23,89.361702,89.487427,88.094780,88.143135,88.143135,117900
2013-09-24,88.230171,89.574471,87.794968,88.704063,88.704063,85300
2013-09-25,89.294006,89.564796,88.210831,88.326889,88.326889,79500
2013-09-26,88.259186,89.013542,87.514503,88.152802,88.152802,70200
2013-09-27,87.466148,88.249519,86.798836,88.046425,88.046425,89900
2013-09-30,87.475822,87.843330,86.885880,87.466148,87.466148,109000
2013-10-01,87.611221,88.588005,86.905220,88.588005,88.588005,115400
2013-10-02,88.065765,89.671181,87.630562,89.564796,89.564796,175500
2013-10-03,89.584137,89.584137,87.601547,88.684723,88.684723,156500
2013-10-04,88.413925,89.922630,88.413925,89.487427,89.487427,115600
2013-10-07,89.235977,89.777565,88.375244,88.471954,88.471954,116600
2013-10-08,88.346230,90.038681,88.346230,89.816246,89.816246,234900
2013-10-09,89.439072,90.029015,87.872337,88.143135,88.143135,178000
2013-10-10,89.100578,90.967117,88.607353,90.851067,90.851067,132200
2013-10-11,90.328819,91.779495,89.584137,91.315277,91.315277,212400
2013-10-14,90.541588,92.437134,90.454544,92.369438,92.369438,119200
2013-10-15,92.340424,92.456482,91.005806,91.411995,91.411995,81600
2013-10-16,92.156670,93.810448,92.156670,93.220505,93.220505,120400
2013-10-17,92.785301,93.684723,92.117989,92.756287,92.756287,470000
2013-10-18,93.675049,93.713730,93.172150,93.558990,93.558990,131200
2013-10-21,93.810448,94.042557,92.949707,93.152802,93.152802,91500
2013-10-22,93.268860,94.603485,93.268860,93.800774,93.800774,86400
2013-10-23,93.452614,93.733078,92.137329,92.911026,92.911026,92700
2013-10-24,92.630562,93.588005,92.630562,93.085106,93.085106,99100
2013-10-25,93.646034,93.733078,92.495163,92.969055,92.969055,78400
2013-10-28,93.278526,93.510635,92.214699,92.833656,92.833656,123100
2013-10-29,93.288200,95.444878,93.268860,95.212769,95.212769,207900
2013-10-30,95.125725,95.744682,94.535782,94.671181,94.671181,105700
2013-10-31,94.854935,95.299805,94.245651,94.584137,94.584137,166500
2013-11-01,94.352028,95.116051,91.479691,92.098648,92.098648,180100
2013-11-04,92.427467,93.597679,92.359764,93.413925,93.413925,286500
2013-11-05,92.736946,93.404259,92.156670,93.075432,93.075432,145400
2013-11-06,92.794968,92.920700,88.007736,88.626694,88.626694,583700
2013-11-07,89.883949,91.470016,89.400391,90.425529,90.425529,1374000
2013-11-08,90.280464,92.688591,90.203094,92.582207,92.582207,383200
2013-11-11,92.263054,93.558990,92.263054,92.698257,92.698257,143300
2013-11-12,92.620888,92.969055,91.441010,92.940041,92.940041,213700
2013-11-13,92.224373,94.245651,91.914894,94.216637,94.216637,267500
2013-11-14,93.984528,94.603485,92.891685,94.555122,94.555122,187700
2013-11-15,94.390717,94.651840,93.849129,94.458412,94.458412,105600
2013-11-18,95.000000,95.309479,92.205032,92.446808,92.446808,113800
2013-11-19,92.253387,92.485497,91.257256,91.479691,91.479691,144200
2013-11-20,91.595741,92.098648,90.657639,90.831718,90.831718,170700
2013-11-21,90.909088,92.137329,90.667313,91.489365,91.489365,150600
2013-11-22,91.798836,92.137329,90.793037,92.021278,92.021278,229800
2013-11-25,92.098648,92.098648,90.038681,90.270790,90.270790,151200
2013-11-26,90.135399,90.889748,89.651840,90.696327,90.696327,91900
2013-11-27,90.357834,90.889748,89.632492,90.067696,90.067696,64900
2013-11-29,90.251450,90.580269,89.535782,89.990326,89.990326,22800
2013-12-02,89.671181,91.073502,89.448746,90.667313,90.667313,141800
2013-12-03,90.483559,91.160545,89.177948,89.893616,89.893616,173000
2013-12-04,89.361702,89.961319,87.794968,89.071564,89.071564,98000
2013-12-05,88.887817,89.584137,88.249519,89.477753,89.477753,142800
2013-12-06,90.357834,90.357834,89.332687,89.506767,89.506767,63700
2013-12-09,89.564796,90.232109,88.297874,89.187622,89.187622,117300
2013-12-10,88.646034,89.313347,87.408127,87.930367,87.930367,119700
2013-12-11,87.804642,87.804642,86.257256,86.634430,86.634430,111300
2013-12-12,86.856865,88.162476,86.382980,87.301743,87.301743,118700
2013-12-13,87.408127,87.601547,86.595741,87.224373,87.224373,166800
2013-12-16,87.301743,88.839455,86.682785,88.249519,88.249519,108500
2013-12-17,88.056091,88.800774,86.566734,87.688591,87.688591,141800
2013-12-18,87.533852,88.152802,86.634430,87.882011,87.882011,128900
2013-12-19,87.823982,88.230171,86.653770,87.176018,87.176018,61000
2013-12-20,86.982590,88.288200,86.353966,87.765961,87.765961,301300
2013-12-23,87.872337,88.404259,86.402321,86.740814,86.740814,76100
2013-12-24,86.595741,87.485497,86.595741,87.253387,87.253387,129700
2013-12-26,87.727272,88.230171,86.934235,87.456482,87.456482,90200
2013-12-27,87.978722,88.694389,87.524178,88.636360,88.636360,136500
2013-12-30,88.607353,89.323021,88.230171,88.384911,88.384911,142100
2013-12-31,89.226303,89.226303,87.852997,88.201164,88.201164,90500
2014-01-02,87.804642,88.268860,85.822052,86.818184,86.818184,91500
2014-01-03,86.644104,87.214699,86.644104,86.953575,86.953575,201900
2014-01-06,86.963249,86.992264,85.889748,86.305611,86.305611,157100
2014-01-07,86.363640,87.185684,85.822052,86.499031,86.499031,146000
2014-01-08,86.237907,86.586075,85.087044,86.015472,86.015472,110600
2014-01-09,86.034813,86.499031,84.497101,84.903290,84.903290,142800
2014-01-10,85.270790,86.363640,84.758217,86.218567,86.218567,164900
2014-01-13,85.802711,86.634430,85.029015,85.270790,85.270790,141700
2014-01-14,85.444878,86.827850,85.241783,86.702126,86.702126,118700
2014-01-15,86.702126,86.702126,86.702126,86.702126,86.702126,0
2014-01-16,85.270790,85.270790,85.270790,85.270790,85.270790,0
2014-01-17,85.270790,85.270790,85.270790,85.270790,85.270790,0
2014-01-21,84.777565,85.270790,83.094780,84.439072,84.439072,184300
2014-01-22,84.381042,84.545456,83.355896,83.462280,83.462280,300700
2014-01-23,83.239845,83.994194,82.601547,83.897484,83.897484,205100
2014-01-24,83.558990,83.858803,81.518372,81.731140,81.731140,171600
2014-01-27,81.982590,82.050293,80.638298,81.073502,81.073502,203200
2014-01-28,80.957443,81.025146,79.777565,80.773697,80.773697,239100
2014-01-29,79.980659,81.005806,79.951645,80.667313,80.667313,141000
2014-01-30,81.112183,82.524178,80.986458,81.982590,81.982590,516600
2014-01-31,80.783363,82.292068,80.783363,81.411995,81.411995,141600
2014-02-03,81.411995,82.050293,79.487427,79.941971,79.941971,167400
2014-02-04,80.116051,81.179886,79.787231,80.290138,80.290138,120700
2014-02-05,80.058029,80.058029,78.549324,79.129593,79.129593,175400
2014-02-06,79.342361,80.647972,79.206963,79.961319,79.961319,280200
2014-02-07,80.048355,80.764023,79.100578,79.593811,79.593811,268400
2014-02-10,79.835587,80.425529,79.332687,80.067696,80.067696,112800
2014-02-11,80.009674,82.059959,80.009674,81.644104,81.644104,126500
2014-02-12,81.595741,82.659576,81.344292,81.798836,81.798836,124100
2014-02-13,81.837524,83.394585,81.334625,82.930367,82.930367,141400
2014-02-14,83.094780,83.481628,82.630562,83.027077,83.027077,103700
2014-02-18,82.649902,83.249519,81.634430,82.446808,82.446808,152200
2014-02-19,82.040619,83.433266,82.040619,82.475822,82.475822,107700
2014-02-20,82.785301,83.442940,82.475822,83.191490,83.191490,139000
2014-02-21,83.027077,83.491295,82.698257,82.727272,82.727272,159700
2014-02-24,82.765961,84.613152,82.765961,83.974854,83.974854,146200
2014-02-25,83.607353,84.332687,82.717598,84.264992,84.264992,170900
2014-02-26,84.603485,84.622826,83.723404,84.352028,84.352028,120300
2014-02-27,84.119919,84.816246,83.423599,84.661507,84.661507,75300
2014-02-28,85.009674,86.353966,84.158607,85.551254,85.551254,79800
2014-03-03,85.154739,86.189552,84.961319,85.280464,85.280464,122500
2014-03-04,86.189552,87.359764,85.367508,86.460350,86.460350,252500
2014-03-05,86.702126,86.808510,84.690521,85.019341,85.019341,208800
2014-03-06,85.038681,86.837524,84.893616,86.334625,86.334625,83100
2014-03-07,86.876205,87.707932,86.518372,87.088974,87.088974,162000
2014-03-10,86.769829,86.982590,85.222435,85.396515,85.396515,201600
2014-03-11,85.338493,85.705994,84.226303,84.613152,84.613152,183200
2014-03-12,84.168282,84.381042,83.617020,83.868469,83.868469,67700
2014-03-13,83.916824,83.916824,79.845261,80.280464,80.280464,209900
2014-03-14,80.058029,80.560928,78.984528,79.148933,79.148933,142800
2014-03-17,79.303673,80.541588,79.235977,79.806580,79.806580,126800
2014-03-18,79.864601,80.986458,79.864601,80.899422,80.899422,118500
2014-03-19,81.073502,81.324951,80.319145,80.880081,80.880081,95800
2014-03-20,80.851067,81.982590,80.773697,81.895554,81.895554,101400
2014-03-21,82.137329,83.500969,82.137329,82.959381,82.959381,140900
2014-03-24,83.027077,84.013542,82.350098,82.765961,82.765961,137900
2014-03-25,82.998062,83.665375,82.485497,83.317215,83.317215,83200
2014-03-26,83.800774,83.839455,82.852997,82.920700,82.920700,238600
2014-03-27,82.998062,83.897484,82.620888,82.717598,82.717598,87400
2014-03-28,83.123795,84.052223,82.959381,83.539650,83.539650,95900
2014-03-31,83.781433,84.023209,82.920700,83.578339,83.578339,136600
2014-04-01,83.800774,83.926498,83.143135,83.762093,83.762093,116000
2014-04-02,83.723404,84.680855,83.307541,84.545456,84.545456,67600
2014-04-03,84.613152,85.029015,83.945839,84.555122,84.555122,140200
2014-04-04,84.806580,85.386848,83.191490,83.800774,83.800774,174100
2014-04-07,83.433266,83.433266,81.479691,81.595741,81.595741,111400
2014-04-08,81.760155,82.504837,81.692459,82.147003,82.147003,88300
2014-04-09,82.166344,82.862671,81.295937,82.301743,82.301743,80500
2014-04-10,82.050293,82.640236,80.773697,81.170212,81.170212,123300
2014-04-11,80.725342,81.644104,80.386848,80.647972,80.647972,121200
2014-04-14,81.382980,82.069633,80.367508,81.179886,81.179886,120200
2014-04-15,81.208900,82.127663,80.386848,81.866539,81.866539,83300
2014-04-16,82.166344,82.591873,81.586075,82.234039,82.234039,63700
2014-04-17,82.340424,83.355896,81.876205,82.959381,82.959381,65600
2014-04-21,82.659576,83.268860,82.572533,82.978722,82.978722,89900
2014-04-22,82.495163,83.655708,82.475822,83.288200,83.288200,153800
2014-04-23,83.230171,84.671181,82.920700,84.003868,84.003868,114400
2014-04-24,84.284332,84.893616,83.597679,84.342361,84.342361,151200
2014-04-25,84.323021,84.323021,79.700195,80.512573,80.512573,195100
2014-04-28,80.715668,80.715668,77.862671,79.052223,79.052223,179900
2014-04-29,79.535782,81.286270,79.352028,80.793037,80.793037,320300
2014-04-30,80.464218,80.841393,78.965187,80.647972,80.647972,174700
2014-05-01,80.338493,81.112183,78.539650,79.313347,79.313347,219100
2014-05-02,79.526115,80.116051,79.003868,79.158607,79.158607,87200
2014-05-05,78.617020,79.400391,78.123795,78.500969,78.500969,75200
2014-05-06,78.249519,79.003868,77.176018,77.417793,77.417793,138700
2014-05-07,77.514503,77.640236,76.257256,77.176018,77.176018,185600
2014-05-08,76.595741,77.466148,75.754349,75.899422,75.899422,293100
2014-05-09,75.493233,76.885880,74.961319,76.779495,76.779495,159300
2014-05-12,76.934235,78.694389,76.876205,78.675049,78.675049,142300
2014-05-13,78.568665,78.926498,77.823982,78.433266,78.433266,187600
2014-05-14,78.007736,78.365570,76.914894,77.030945,77.030945,139100
2014-05-15,76.634430,76.663445,75.000000,76.247581,76.247581,164400
2014-05-16,76.063828,77.079300,75.396515,76.972923,76.972923,248700
2014-05-19,76.982590,77.998062,76.653770,77.582207,77.582207,104600
2014-05-20,77.330757,77.330757,75.822052,75.841393,75.841393,143000
2014-05-21,76.431335,76.837524,75.783363,76.576401,76.576401,149800
2014-05-22,76.518372,77.156670,76.092842,76.982590,76.982590,158800
2014-05-23,77.234039,77.852997,76.885880,77.591873,77.591873,174800
2014-05-27,78.056091,78.336555,77.717598,78.094780,78.094780,101900
2014-05-28,77.814316,78.181816,77.001938,77.350098,77.350098,136200
2014-05-29,77.717598,77.823982,77.185684,77.359764,77.359764,284000
2014-05-30,77.562866,78.085106,77.282402,77.446808,77.446808,175500
2014-06-02,77.475822,77.514503,76.421661,77.234039,77.234039,117500
2014-06-03,77.137329,78.201164,76.963249,77.978722,77.978722,189300
2014-06-04,77.514503,78.558990,77.514503,78.133461,78.133461,81600
2014-06-05,78.481628,79.690521,77.949707,79.671181,79.671181,121100
2014-06-06,79.980659,80.531914,79.642166,80.241783,80.241783,136100
2014-06-09,80.319145,81.479691,80.135399,80.647972,80.647972,96000
2014-06-10,80.628624,80.744682,79.864601,80.541588,80.541588,93600
2014-06-11,80.270790,80.541588,79.758217,80.183754,80.183754,109200
2014-06-12,80.415863,80.415863,79.835587,80.106384,80.106384,80500
2014-06-13,79.932304,80.058029,79.303673,80.038681,80.038681,95400
2014-06-16,80.048355,80.444878,79.342361,79.874275,79.874275,39300
2014-06-17,80.058029,80.357834,79.419731,80.048355,80.048355,112300
2014-06-18,79.845261,80.386848,79.303673,80.077370,80.077370,92900
2014-06-19,80.444878,80.773697,79.864601,80.203094,80.203094,82900
2014-06-20,80.522247,80.812378,79.883949,80.087044,80.087044,178600
2014-06-23,80.290138,80.473885,79.787231,80.290138,80.290138,104600
2014-06-24,80.251450,81.121857,79.206963,79.313347,79.313347,136500
2014-06-25,79.284332,79.400391,77.998062,79.323021,79.323021,101400
2014-06-26,79.139267,79.593811,78.568665,79.100578,79.100578,65900
2014-06-27,78.626694,79.932304,78.626694,79.622826,79.622826,133900
2014-06-30,79.390717,80.164413,78.829788,79.545456,79.545456,84000
2014-07-01,79.545456,80.638298,79.216637,79.245651,79.245651,160100
2014-07-02,79.284332,79.661507,78.239845,78.413925,78.413925,76100
2014-07-03,78.481628,79.361702,78.481628,79.071564,79.071564,35200
2014-07-07,78.984528,78.984528,77.920700,77.959381,77.959381,157100
2014-07-08,77.901352,78.839455,77.069633,78.462280,78.462280,160300
2014-07-09,78.558990,78.984528,77.050293,77.214699,77.214699,111900
2014-07-10,76.025146,76.566734,75.705994,76.208900,76.208900,171800
2014-07-11,76.015472,76.102516,75.444878,75.686653,75.686653,157400
2014-07-14,76.257256,76.576401,75.918762,76.266922,76.266922,74600
2014-07-15,76.305611,76.624756,75.628624,76.324951,76.324951,106900
2014-07-16,76.431335,77.108315,76.160545,76.431335,76.431335,86500
2014-07-17,75.947777,76.160545,75.203094,75.570602,75.570602,158500
2014-07-18,75.280464,76.963249,75.280464,76.895554,76.895554,185300
2014-07-21,76.479691,76.866539,75.812378,75.918762,75.918762,89500
2014-07-22,76.218567,77.359764,76.218567,76.924568,76.924568,187300
2014-07-23,76.924568,76.972923,76.257256,76.402321,76.402321,102000
2014-07-24,76.441010,76.963249,75.831718,76.363640,76.363640,186900
2014-07-25,75.918762,76.208900,75.444878,75.764023,75.764023,108300
2014-07-28,75.976791,75.976791,74.564796,75.009674,75.009674,85800
2014-07-29,75.009674,75.425529,74.574471,74.758217,74.758217,87800
2014-07-30,75.048355,75.048355,74.042557,74.632492,74.632492,61500
2014-07-31,73.936172,74.429398,72.775627,73.462280,73.462280,250100
2014-08-01,73.481628,74.767891,72.804642,74.226303,74.226303,202700
2014-08-04,74.584137,77.079300,74.052223,76.653770,76.653770,300200
2014-08-05,76.295937,76.895554,75.860733,76.528046,76.528046,214900
2014-08-06,76.266922,77.379112,75.705994,76.392647,76.392647,218100
2014-08-07,76.740814,77.156670,76.218567,76.605415,76.605415,199700
2014-08-08,76.673111,78.326889,76.586075,77.794968,77.794968,205000
2014-08-11,77.969055,78.771759,77.969055,78.529984,78.529984,144400
2014-08-12,78.288200,78.916824,77.998062,78.355896,78.355896,191600
2014-08-13,78.636360,78.897484,77.591873,78.191490,78.191490,180900
2014-08-14,78.297874,78.781433,77.698257,77.823982,77.823982,95200
2014-08-15,78.442940,78.752419,77.504837,78.433266,78.433266,161800
2014-08-18,78.820114,79.584137,78.336555,78.704063,78.704063,127300
2014-08-19,78.762093,79.148933,78.336555,78.529984,78.529984,57200
2014-08-20,78.355896,78.355896,77.301743,77.969055,77.969055,85300
2014-08-21,77.843330,78.433266,77.263054,78.133461,78.133461,128000
2014-08-22,78.133461,78.133461,76.963249,77.243713,77.243713,119800
2014-08-25,77.620888,78.259186,77.263054,77.969055,77.969055,64900
2014-08-26,77.978722,79.216637,77.978722,79.003868,79.003868,325000
2014-08-27,78.984528,79.216637,78.462280,78.607353,78.607353,71600
2014-08-28,78.481628,78.684723,78.114120,78.346230,78.346230,57400
2014-08-29,78.423599,79.023209,77.553192,78.916824,78.916824,148700
2014-09-02,79.168282,79.168282,77.292068,78.123795,78.123795,151500
2014-09-03,78.510635,78.887817,77.959381,78.278526,78.278526,131500
2014-09-04,78.588005,78.588005,76.924568,77.591873,77.591873,130200
2014-09-05,77.359764,78.114120,77.224373,77.736946,77.736946,118300
2014-09-08,77.456482,77.456482,76.402321,76.586075,76.586075,94800
2014-09-09,76.644104,76.905220,76.092842,76.402321,76.402321,102900
2014-09-10,76.721474,76.953575,75.831718,76.615089,76.615089,118700
2014-09-11,76.015472,77.350098,75.802711,77.088974,77.088974,118000
2014-09-12,77.214699,77.214699,75.560928,75.938103,75.938103,96700
2014-09-15,76.131531,76.179886,75.009674,75.676979,75.676979,136400
2014-09-16,75.831718,76.092842,75.396515,75.628624,75.628624,83900
2014-09-17,75.522247,76.083176,75.338493,75.793037,75.793037,90600
2014-09-18,76.005806,76.044487,75.319145,75.735008,75.735008,80700
2014-09-19,75.841393,76.044487,74.487427,74.555122,74.555122,249200
2014-09-22,74.216637,74.303673,73.520309,73.907158,73.907158,105900
2014-09-23,73.800774,74.864601,73.800774,74.245651,74.245651,153800
2014-09-24,74.613152,75.154739,73.452614,74.651840,74.651840,118400
2014-09-25,74.361702,74.526115,73.520309,73.626694,73.626694,214600
2014-09-26,73.704063,74.709862,73.442940,74.061897,74.061897,193700
2014-09-29,73.433266,74.323021,73.017410,74.090912,74.090912,135400
2014-09-30,73.916824,74.564796,72.340424,72.340424,72.340424,250900
2014-10-01,72.176018,73.617020,71.305611,71.760155,71.760155,253500
2014-10-02,71.789169,73.297874,71.170212,72.707932,72.707932,235100
2014-10-03,73.278526,73.317215,71.972923,71.972923,71.972923,231600
2014-10-06,72.340424,73.210831,72.079300,72.369438,72.369438,202300
2014-10-07,72.263054,73.133461,71.798836,72.272728,72.272728,260000
2014-10-08,72.340424,74.477753,71.731140,74.419731,74.419731,188100
2014-10-09,74.119919,74.119919,71.305611,71.441010,71.441010,174200
2014-10-10,71.150871,73.220505,70.735008,72.862671,72.862671,228600
2014-10-13,72.533852,74.651840,72.369438,73.007736,73.007736,197200
2014-10-14,73.500969,75.715668,73.114120,74.100578,74.100578,220500
2014-10-15,73.800774,74.767891,72.533852,73.597679,73.597679,337300
2014-10-16,72.514503,75.473885,72.514503,75.009674,75.009674,295200
2014-10-17,76.131531,76.353966,74.081238,74.458412,74.458412,199200
2014-10-20,74.410057,75.299805,74.119919,74.535782,74.535782,190200
2014-10-21,74.893616,75.841393,74.709862,75.396515,75.396515,151100
2014-10-22,75.531914,75.705994,73.820114,74.071564,74.071564,248100
2014-10-23,74.545456,76.382980,74.226303,75.947777,75.947777,130300
2014-10-24,76.092842,76.199226,74.903290,75.232109,75.232109,75900
2014-10-27,74.796906,74.796906,73.423599,74.535782,74.535782,152200
2014-10-28,76.644104,79.042557,75.058029,79.013542,79.013542,221100
2014-10-29,79.042557,80.357834,78.123795,78.713730,78.713730,233800
2014-10-30,78.694389,79.168282,77.272728,78.539650,78.539650,148000
2014-10-31,79.690521,79.883949,78.036751,79.738876,79.738876,237400
2014-11-03,79.864601,80.386848,76.847198,77.301743,77.301743,268500
2014-11-04,76.557060,77.176018,74.893616,75.473885,75.473885,228100
2014-11-05,75.531914,76.189552,74.816246,75.570602,75.570602,290400
2014-11-06,75.754349,75.909088,74.187622,74.758217,74.758217,482200
2014-11-07,74.961319,76.353966,74.806580,75.735008,75.735008,448100
2014-11-10,76.054161,76.344292,73.675049,74.177948,74.177948,289700
2014-11-11,74.235977,74.961319,73.520309,74.535782,74.535782,269500
2014-11-12,74.052223,74.671181,73.791100,74.081238,74.081238,184900
2014-11-13,74.071564,74.429398,72.214699,72.969055,72.969055,212400
2014-11-14,72.794968,74.129593,72.601547,73.578339,73.578339,158500
2014-11-17,73.365570,73.684723,72.205032,72.466148,72.466148,174100
2014-11-18,72.775627,73.162476,72.156670,72.205032,72.205032,154200
2014-11-19,72.050293,72.466148,71.460350,71.508705,71.508705,168700
2014-11-20,71.083176,73.094780,71.083176,72.862671,72.862671,124900
2014-11-21,74.042557,74.535782,73.123795,73.675049,73.675049,144800
2014-11-24,73.588005,74.419731,72.814316,73.887817,73.887817,180900
2014-11-25,74.197289,74.535782,72.417793,72.514503,72.514503,101600
2014-11-26,72.620888,72.862671,71.247581,71.295937,71.295937,158700
2014-11-28,70.889748,70.889748,68.355896,68.800774,68.800774,301600
2014-12-01,68.907158,70.541588,68.558990,69.864601,69.864601,285000
2014-12-02,70.116051,71.518372,69.883949,70.415863,70.415863,295500
2014-12-03,70.667313,72.659576,70.580269,71.731140,71.731140,156000
2014-12-04,71.576401,71.750481,70.299805,70.502899,70.502899,242100
2014-12-05,70.309479,71.063828,69.787231,69.961319,69.961319,230800
2014-12-08,69.825920,69.941971,67.379112,67.804642,67.804642,255500
2014-12-09,67.127663,69.700195,66.711800,69.516441,69.516441,289400
2014-12-10,68.868469,68.955513,67.794968,68.655708,68.655708,187700
2014-12-11,68.907158,70.222435,68.887817,69.352028,69.352028,261000
2014-12-12,68.181816,69.680855,67.862671,68.065765,68.065765,179500
2014-12-15,68.201164,68.897484,66.963249,66.992264,66.992264,377500
2014-12-16,66.382980,67.446808,65.831718,66.305611,66.305611,650100
2014-12-17,66.528046,68.491295,66.353966,68.075432,68.075432,747800
2014-12-18,68.365570,69.506767,67.446808,68.123795,68.123795,273600
2014-12-19,68.181816,69.197289,67.959381,69.052223,69.052223,674100
2014-12-22,69.264992,69.264992,67.698257,69.100578,69.100578,202600
2014-12-23,69.013542,70.647972,68.994194,70.406189,70.406189,179800
2014-12-24,70.415863,70.570602,69.516441,70.000000,70.000000,60300
2014-12-26,70.502899,71.353966,70.290138,70.609283,70.609283,55800
2014-12-29,70.822052,71.644104,70.628624,71.295937,71.295937,116200
2014-12-30,71.518372,71.885880,70.947777,71.499031,71.499031,169200
2014-12-31,71.276596,71.856865,70.377174,71.382980,71.382980,144400
2015-01-02,71.924568,72.417793,70.918762,71.663445,71.663445,125300
2015-01-05,70.793037,71.102516,68.926498,69.303673,69.303673,150300
2015-01-06,69.013542,69.342361,67.533852,67.940041,67.940041,145800
2015-01-07,68.317215,68.868469,66.789169,67.649902,67.649902,187500
2015-01-08,67.978722,68.336555,67.214699,68.133461,68.133461,311300
2015-01-09,68.027077,68.036751,66.769829,67.475822,67.475822,160700
2015-01-12,67.263054,67.263054,65.667313,66.499031,66.499031,207000
2015-01-13,66.798836,67.707932,65.406189,66.160545,66.160545,257100
2015-01-14,65.860733,67.234039,65.280464,67.030945,67.030945,273400
2015-01-15,67.698257,67.698257,65.909088,65.947777,65.947777,141600
2015-01-16,66.083176,69.284332,66.083176,69.206963,69.206963,254100
2015-01-20,69.081238,69.497101,67.543518,69.458412,69.458412,241800
2015-01-21,69.468086,71.392647,69.206963,71.315277,71.315277,218600
2015-01-22,71.334625,71.837524,70.551254,71.286270,71.286270,226900
2015-01-23,71.257256,71.441010,69.854935,70.164413,70.164413,146600
2015-01-26,70.222435,71.547386,69.661507,71.392647,71.392647,120400
2015-01-27,70.947777,72.214699,70.947777,71.673111,71.673111,107000
2015-01-28,71.605415,71.624756,68.259186,68.568665,68.568665,127500
2015-01-29,68.887817,68.926498,67.166344,68.771759,68.771759,65900
2015-01-30,68.336555,70.232109,68.326889,69.584137,69.584137,169600
2015-02-02,70.328819,71.711800,70.096710,71.634430,71.634430,113900
2015-02-03,72.079300,73.607353,71.972923,72.862671,72.862671,185300
2015-02-04,72.079300,72.398453,70.261124,71.131531,71.131531,144100
2015-02-05,71.866539,72.475822,71.470016,72.030945,72.030945,143400
2015-02-06,72.234039,72.872337,71.634430,72.301743,72.301743,110300
2015-02-09,72.359764,73.065765,72.321083,72.852997,72.852997,137600
2015-02-10,72.901352,72.901352,70.415863,71.247581,71.247581,139900
2015-02-11,70.589943,71.121857,69.477753,70.560928,70.560928,119900
2015-02-12,71.228241,72.272728,69.825920,70.029015,70.029015,87600
2015-02-13,70.841393,71.634430,70.667313,71.218567,71.218567,116800
2015-02-17,70.764023,71.576401,70.212769,71.518372,71.518372,66200
2015-02-18,70.928436,71.895554,70.928436,71.692459,71.692459,77900
2015-02-19,70.822052,72.998062,70.676979,72.640236,72.640236,119200
2015-02-20,72.736946,73.230171,71.392647,71.547386,71.547386,214700
2015-02-23,70.986458,71.566734,70.096710,70.996132,70.996132,144300
2015-02-24,71.083176,71.508705,69.912956,70.454544,70.454544,116600
2015-02-25,70.696327,70.967117,69.593811,70.589943,70.589943,182500
2015-02-26,70.464218,70.715668,68.907158,69.632492,69.632492,149200
2015-02-27,69.719536,70.357834,68.413925,70.125725,70.125725,223200
2015-03-02,69.951645,69.951645,67.040619,68.878143,68.878143,243700
2015-03-03,68.646034,70.048355,67.582207,69.468086,69.468086,199400
2015-03-04,69.255318,70.261124,68.607353,69.874275,69.874275,197300
2015-03-05,69.767891,69.874275,68.007736,69.197289,69.197289,167300
2015-03-06,68.462280,69.613152,68.017410,68.191490,68.191490,158800
2015-03-09,67.978722,68.162476,67.147003,67.930367,67.930367,159900
2015-03-10,67.321083,67.379112,66.740814,67.030945,67.030945,207100
2015-03-11,66.885880,67.514503,66.382980,67.446808,67.446808,159300
2015-03-12,67.852997,68.094780,67.098648,67.775627,67.775627,130300
2015-03-13,67.504837,67.611221,67.030945,67.369438,67.369438,187400
2015-03-16,67.166344,67.282402,66.373306,66.682785,66.682785,176200
2015-03-17,66.276596,66.847198,65.880081,66.634430,66.634430,192100
2015-03-18,66.199226,67.649902,65.145065,66.914894,66.914894,186000
2015-03-19,66.247581,66.827850,65.212769,65.986458,65.986458,114800
2015-03-20,66.499031,66.847198,66.044487,66.421661,66.421661,239800
2015-03-23,66.537720,67.117989,65.696327,65.957443,65.957443,190600
2015-03-24,65.957443,66.102516,65.193420,65.783363,65.783363,112800
2015-03-25,66.073502,66.595741,65.522247,66.218567,66.218567,132900
2015-03-26,66.731140,67.620888,66.479691,66.827850,66.827850,102500
2015-03-27,66.798836,66.963249,65.676979,66.798836,66.798836,76200
2015-03-30,67.088974,68.655708,67.030945,67.823982,67.823982,186100
2015-03-31,67.330757,67.553192,66.673111,67.379112,67.379112,141700
2015-04-01,67.369438,67.901352,65.909088,66.266922,66.266922,236100
2015-04-02,66.034813,66.586075,65.676979,66.315277,66.315277,128000
2015-04-06,66.547386,68.907158,66.547386,68.597679,68.597679,136900
2015-04-07,68.442940,70.125725,68.355896,69.177948,69.177948,131300
2015-04-08,69.255318,70.116051,68.810448,69.477753,69.477753,126800
2015-04-09,69.671181,70.841393,69.458412,70.174080,70.174080,143400
2015-04-10,70.628624,71.363640,70.164413,71.112183,71.112183,91900
2015-04-13,71.421661,71.547386,70.715668,71.508705,71.508705,121100
2015-04-14,71.595741,72.930367,71.508705,72.243713,72.243713,129300
2015-04-15,72.176018,75.715668,72.030945,75.096710,75.096710,199100
2015-04-16,74.990326,76.353966,74.206963,74.410057,74.410057,152600
2015-04-17,74.023209,74.197289,72.746613,73.413925,73.413925,151700
2015-04-20,73.684723,74.439072,72.466148,72.978722,72.978722,156700
2015-04-21,73.027077,73.027077,70.299805,70.841393,70.841393,122100
2015-04-22,70.822052,71.624756,69.680855,71.334625,71.334625,118500
2015-04-23,71.441010,72.823982,70.725342,72.417793,72.417793,106800
2015-04-24,70.831718,70.831718,67.214699,67.814316,67.814316,461400
2015-04-27,67.717598,68.336555,67.717598,68.104446,68.104446,142300
2015-04-28,68.162476,68.916824,67.485497,68.375244,68.375244,209000
2015-04-29,68.230171,70.957443,68.162476,70.928436,70.928436,206400
2015-04-30,70.676979,70.860733,69.787231,70.270790,70.270790,224800
2015-05-01,70.009674,70.512573,68.481628,68.742744,68.742744,138400
2015-05-04,68.849129,69.651840,68.578339,69.342361,69.342361,227300
2015-05-05,69.632492,71.015472,69.410057,69.903290,69.903290,173900
2015-05-06,70.309479,70.918762,70.125725,70.764023,70.764023,154800
2015-05-07,70.522247,70.705994,69.216637,70.609283,70.609283,204800
2015-05-08,70.802711,71.856865,70.116051,71.295937,71.295937,205900
2015-05-11,71.605415,71.605415,70.367508,70.986458,70.986458,111700
2015-05-12,70.783363,72.127663,70.425529,71.382980,71.382980,94100
2015-05-13,71.760155,72.243713,70.822052,71.034813,71.034813,234900
2015-05-14,71.286270,72.311409,70.560928,70.880081,70.880081,167400
2015-05-15,70.580269,71.266922,69.825920,70.773697,70.773697,213000
2015-05-18,70.551254,71.315277,70.164413,71.015472,71.015472,180600
2015-05-19,70.657639,70.909088,69.148933,69.593811,69.593811,181200
2015-05-20,69.613152,70.038681,69.032883,69.545456,69.545456,154800
2015-05-21,69.980659,70.793037,69.941971,70.396515,70.396515,112400
2015-05-22,69.961319,70.812378,69.313347,69.622826,69.622826,129800
2015-05-26,68.994194,69.352028,68.288200,68.578339,68.578339,118000
2015-05-27,68.462280,68.771759,67.272728,67.698257,67.698257,188800
2015-05-28,67.591873,68.075432,67.069633,67.852997,67.852997,194100
2015-05-29,67.630562,68.249519,67.466148,67.814316,67.814316,225500
2015-06-01,67.765961,68.172150,66.847198,67.611221,67.611221,164800
2015-06-02,67.707932,68.413925,67.340424,67.843330,67.843330,182100
2015-06-03,67.727272,68.597679,67.330757,67.833656,67.833656,95100
2015-06-04,67.562866,67.756287,66.866539,67.437134,67.437134,128200
2015-06-05,67.398453,68.355896,67.272728,67.785301,67.785301,215700
2015-06-08,67.698257,68.317215,66.731140,67.243713,67.243713,151300
2015-06-09,67.678917,68.346230,67.185684,68.336555,68.336555,170400
2015-06-10,68.704063,70.377174,68.704063,69.912956,69.912956,179500
2015-06-11,69.854935,70.087044,69.061897,69.284332,69.284332,82200
2015-06-12,69.052223,69.448746,68.375244,68.800774,68.800774,87000
2015-06-15,68.384911,69.468086,67.959381,69.071564,69.071564,97800
2015-06-16,69.245651,69.642166,68.829788,69.390717,69.390717,117000
2015-06-17,69.835587,69.922630,68.926498,69.013542,69.013542,114400
2015-06-18,69.352028,69.352028,68.375244,68.713730,68.713730,136000
2015-06-19,68.762093,69.071564,68.336555,68.365570,68.365570,171600
2015-06-22,68.752419,68.926498,67.930367,68.452614,68.452614,137500
2015-06-23,68.375244,69.526115,68.104446,69.429398,69.429398,146900
2015-06-24,69.410057,69.854935,68.481628,69.187622,69.187622,171300
2015-06-25,69.352028,69.729210,68.626694,68.752419,68.752419,161200
2015-06-26,68.723404,70.899422,68.394585,70.570602,70.570602,302200
2015-06-29,69.642166,70.541588,69.023209,69.197289,69.197289,110000
2015-06-30,69.700195,69.700195,67.988396,68.607353,68.607353,166000
2015-07-01,68.578339,68.704063,66.131531,66.876205,66.876205,130900
2015-07-02,67.137329,67.379112,66.228241,67.243713,67.243713,100400
2015-07-06,66.276596,66.663445,65.744682,66.054161,66.054161,139200
2015-07-07,65.899422,66.982590,64.400391,66.798836,66.798836,132100
2015-07-08,66.353966,66.885880,66.063828,66.286270,66.286270,243700
2015-07-09,67.069633,67.176018,66.121857,66.276596,66.276596,193700
2015-07-10,66.586075,67.156670,65.425529,66.170212,66.170212,114600
2015-07-13,66.121857,66.702126,65.764023,66.150871,66.150871,258000
2015-07-14,65.812378,67.456482,65.812378,67.369438,67.369438,193600
2015-07-15,67.011604,67.127663,65.406189,65.512573,65.512573,81600
2015-07-16,65.754349,66.353966,65.367508,65.425529,65.425529,120100
2015-07-17,65.348160,65.348160,63.065765,64.187622,64.187622,206400
2015-07-20,64.274658,64.274658,62.717602,62.814312,62.814312,122400
2015-07-21,62.911026,63.588009,62.311413,62.514507,62.514507,303500
2015-07-22,62.156673,63.036751,61.740814,62.021278,62.021278,249500
2015-07-23,62.446808,62.998066,61.740814,62.717602,62.717602,251900
2015-07-24,62.088974,62.088974,59.796906,60.415859,60.415859,278900
2015-07-27,59.816246,61.150871,59.303677,60.009670,60.009670,252100
2015-07-28,60.454544,62.533848,60.087040,62.253384,62.253384,200600
2015-07-29,62.040619,63.665379,62.040619,62.485493,62.485493,186600
2015-07-30,62.292068,62.649902,60.599613,61.131527,61.131527,236900
2015-07-31,60.889748,61.663445,60.618954,61.092842,61.092842,290900
2015-08-03,60.618954,61.353966,59.748550,59.893616,59.893616,160600
2015-08-04,59.816246,60.357834,59.235977,59.961315,59.961315,153400
2015-08-05,60.357834,61.624760,60.357834,60.909092,60.909092,136700
2015-08-06,60.735008,62.717602,60.222439,62.524178,62.524178,108600
2015-08-07,61.953579,62.640232,60.938103,61.005802,61.005802,132200
2015-08-10,60.899418,62.940041,60.860737,62.862671,62.862671,127800
2015-08-11,61.914894,62.185688,60.928432,61.682785,61.682785,121000
2015-08-12,61.615086,62.446808,61.276596,62.272728,62.272728,103800
2015-08-13,62.001934,62.001934,60.493229,60.754353,60.754353,126000
2015-08-14,60.812378,61.295937,60.589943,60.860737,60.860737,82600
2015-08-17,60.686653,61.808510,60.541588,61.179882,61.179882,96600
2015-08-18,61.276596,61.276596,60.154739,60.502903,60.502903,69500
2015-08-19,60.145069,60.367504,58.916828,59.970985,59.970985,123300
2015-08-20,59.758221,60.425533,58.849129,58.936169,58.936169,120100
2015-08-21,58.481625,60.415859,56.092842,59.081238,59.081238,176700
2015-08-24,58.481625,59.410057,56.092842,57.330753,57.330753,247500
2015-08-25,58.133461,59.187622,57.756287,57.814312,57.814312,159300
2015-08-26,58.945843,58.945843,57.446808,57.978722,57.978722,199500
2015-08-27,58.123791,60.058025,58.065765,59.651836,59.651836,365700
2015-08-28,59.023212,61.305611,59.023212,60.909092,60.909092,217500
2015-08-31,60.667313,62.543522,60.038685,62.388783,62.388783,292200
2015-09-01,61.566730,62.427467,60.696323,61.034817,61.034817,197300
2015-09-02,61.566730,62.205029,60.299805,61.421665,61.421665,174900
2015-09-03,61.286266,62.504837,60.773693,61.315281,61.315281,131800
2015-09-04,60.396519,60.909092,60.212765,60.435204,60.435204,90400
2015-09-08,60.560928,61.750484,59.845261,60.851063,60.851063,167600
2015-09-09,61.102516,61.905224,59.100582,59.381046,59.381046,260000
2015-09-10,59.497097,60.183754,58.926498,59.332687,59.332687,154800
2015-09-11,57.940041,59.032883,57.475822,58.317215,58.317215,270200
2015-09-14,57.959381,58.230175,57.127659,57.794971,57.794971,261200
2015-09-15,57.823986,59.323017,57.823986,59.100582,59.100582,118800
2015-09-16,59.448742,61.218567,59.448742,61.102516,61.102516,179200
2015-09-17,61.102516,62.862671,60.425533,61.982594,61.982594,259900
2015-09-18,61.295937,61.934235,60.145069,60.270794,60.270794,376000
2015-09-21,60.560928,61.682785,60.058025,60.386848,60.386848,90700
2015-09-22,59.642166,60.735008,59.574467,59.690521,59.690521,68000
2015-09-23,59.980659,59.980659,58.607349,58.665379,58.665379,105300
2015-09-24,58.317215,59.584141,57.611217,58.945843,58.945843,159500
2015-09-25,59.381046,59.690521,58.075436,59.332687,59.332687,185200
2015-09-28,58.907158,58.955513,57.736942,57.765957,57.765957,139700
2015-09-29,58.239845,58.617020,57.059959,57.862671,57.862671,90600
2015-09-30,58.027081,58.046421,57.021278,57.843327,57.843327,233700
2015-10-01,58.365570,59.013538,55.967117,56.489361,56.489361,224400
2015-10-02,56.141201,59.796906,55.870407,59.709866,59.709866,192600
2015-10-05,60.290134,61.856865,59.835590,61.315281,61.315281,180100
2015-10-06,61.528046,63.027081,61.179882,62.475822,62.475822,183800
2015-10-07,63.094776,64.264992,61.605415,62.611217,62.611217,251800
2015-10-08,62.582207,64.632492,61.914894,64.419731,64.419731,178200
2015-10-09,64.545456,65.377174,63.181820,64.448746,64.448746,143700
2015-10-12,64.700195,64.700195,62.504837,63.259186,63.259186,120700
2015-10-13,63.123791,64.003868,62.504837,62.949711,62.949711,102600
2015-10-14,62.911026,63.317215,62.359768,62.611217,62.611217,68800
2015-10-15,62.379108,63.849129,62.001934,63.588009,63.588009,120600
2015-10-16,63.810444,63.810444,61.702129,62.582207,62.582207,122100
2015-10-19,62.001934,62.882011,61.682785,61.905224,61.905224,144900
2015-10-20,61.798840,62.872341,61.547390,62.794971,62.794971,117300
2015-10-21,62.427467,62.582207,61.334621,61.489361,61.489361,85600
2015-10-22,61.943909,62.514507,61.141201,61.866539,61.866539,133600
2015-10-23,61.566730,61.750484,60.145069,60.502903,60.502903,155500
2015-10-26,60.261124,60.261124,58.926498,59.187622,59.187622,127600
2015-10-27,58.336555,58.375240,56.537716,57.040619,57.040619,190900
2015-10-28,56.914894,57.272728,54.970985,56.025146,56.025146,263000
2015-10-29,55.783367,56.586075,55.251450,56.179882,56.179882,195400
2015-10-30,56.237911,56.992264,55.754353,56.499031,56.499031,215200
2015-11-02,56.286266,56.518375,55.183754,56.025146,56.025146,244900
2015-11-03,56.150871,57.814312,55.531914,57.147003,57.147003,298400
2015-11-04,57.088974,57.379108,55.551258,55.812378,55.812378,135100
2015-11-05,55.676983,55.889748,54.709866,55.096710,55.096710,144600
2015-11-06,54.729206,55.164410,54.235977,54.777561,54.777561,124000
2015-11-09,54.816246,55.241779,53.791103,54.439072,54.439072,133900
2015-11-10,54.400387,55.135395,54.148937,54.506771,54.506771,87200
2015-11-11,54.632496,54.632496,52.553192,52.736942,52.736942,151600
2015-11-12,52.011604,52.911026,51.189556,51.324951,51.324951,171100
2015-11-13,51.054157,51.808510,50.077370,51.373306,51.373306,131700
2015-11-16,51.266926,52.350098,51.112186,52.059959,52.059959,89300
2015-11-17,51.740814,52.050289,50.570599,50.609283,50.609283,94800
2015-11-18,51.015472,51.847195,50.551258,51.228241,51.228241,98800
2015-11-19,50.996132,51.025146,49.477757,50.386848,50.386848,93600
2015-11-20,50.541588,51.286266,50.116055,50.754353,50.754353,173000
2015-11-23,50.793037,51.972919,49.806576,51.247581,51.247581,156500
2015-11-24,51.653770,52.649902,51.112186,52.485493,52.485493,135200
2015-11-25,52.079304,53.133461,51.760155,52.156673,52.156673,145400
2015-11-27,51.586075,52.253384,51.586075,51.837524,51.837524,50800
2015-11-30,52.224373,55.222439,52.108318,54.912960,54.912960,279400
2015-12-01,54.787235,56.537716,54.787235,55.773693,55.773693,270200
2015-12-02,55.193424,55.918762,53.771759,53.926498,53.926498,122300
2015-12-03,54.458412,55.415859,53.916828,54.206963,54.206963,162900
2015-12-04,53.452610,54.555126,53.307545,53.800774,53.800774,223100
2015-12-07,52.911026,53.259186,51.324951,53.230175,53.230175,200200
2015-12-08,52.301743,53.607349,51.905224,52.882011,52.882011,220600
2015-12-09,53.433270,54.951645,52.456478,53.481625,53.481625,212300
2015-12-10,53.220505,54.661510,53.220505,54.129593,54.129593,84100
2015-12-11,53.336555,53.336555,52.205029,52.736942,52.736942,143700
2015-12-14,52.717602,52.978722,51.702129,51.972919,51.972919,148700
2015-12-15,52.253384,53.239845,52.001934,52.852997,52.852997,103600
2015-12-16,52.727272,53.413925,51.750484,52.030949,52.030949,72300
2015-12-17,51.721470,51.856865,50.270794,50.377174,50.377174,131600
2015-12-18,50.183754,50.183754,48.384914,48.742748,48.742748,295000
2015-12-21,48.713734,50.493229,48.162476,50.435204,50.435204,313100
2015-12-22,50.348164,52.823986,50.348164,52.466152,52.466152,106800
2015-12-23,52.988396,54.700195,52.582207,54.564796,54.564796,101400
2015-12-24,54.429401,54.545456,52.940041,53.646034,53.646034,74500
2015-12-28,53.036751,53.201160,52.176014,52.224373,52.224373,153300
2015-12-29,52.940041,53.056091,50.851063,52.388783,52.388783,165000
2015-12-30,51.682785,52.263058,50.938103,50.996132,50.996132,100800
2015-12-31,50.638298,51.450676,50.232109,50.831722,50.831722,126100
2016-01-04,50.996132,51.353966,49.825920,50.976788,50.976788,166900
2016-01-05,50.764023,50.841393,49.439072,49.845261,49.845261,91900
2016-01-06,48.568665,49.148937,47.427467,47.920696,47.920696,183700
2016-01-07,46.847195,47.398453,45.116055,45.290134,45.290134,113200
2016-01-08,45.512573,45.512573,43.675049,44.410057,44.410057,174100
2016-01-11,43.945843,44.255318,43.336555,44.090908,44.090908,118900
2016-01-12,44.864605,44.864605,42.446808,43.926498,43.926498,201800
2016-01-13,43.926498,45.038685,42.292068,42.649902,42.649902,149900
2016-01-14,43.046421,44.148937,42.562862,43.539650,43.539650,86400
2016-01-15,42.021278,43.094776,41.692455,42.988396,42.988396,127300
2016-01-19,43.249516,43.278530,42.369438,43.075436,43.075436,178900
2016-01-20,42.205029,43.075436,39.883945,42.591877,42.591877,355400
2016-01-21,42.147003,44.264992,41.866539,43.268860,43.268860,197000
2016-01-22,44.564796,44.912960,42.446808,43.375240,43.375240,102600
2016-01-25,42.301743,43.191490,41.034817,41.073502,41.073502,138400
2016-01-26,41.789169,42.640232,41.199226,42.611217,42.611217,285100
2016-01-27,42.504837,44.439072,42.437138,43.114120,43.114120,109700
2016-01-28,44.883945,46.334621,42.359768,43.800774,43.800774,133900
2016-01-29,44.032883,44.912960,43.278530,44.497097,44.497097,310800
2016-02-01,44.032883,44.961315,43.297871,44.738876,44.738876,125400
2016-02-02,43.404255,44.168278,42.282398,42.379108,42.379108,113900
2016-02-03,43.143135,44.119923,41.557060,43.829788,43.829788,95200
2016-02-04,44.235977,46.721470,44.235977,45.154739,45.154739,173500
2016-02-05,44.671181,45.618954,44.052223,44.158607,44.158607,112100
2016-02-08,43.346230,45.241779,43.346230,44.883945,44.883945,97000
2016-02-09,44.226307,44.970985,43.423599,44.100582,44.100582,141900
2016-02-10,43.858799,44.439072,41.963249,42.011604,42.011604,86000
2016-02-11,41.421665,41.605415,40.029015,40.957447,40.957447,89800
2016-02-12,40.473888,42.543522,40.473888,41.054157,41.054157,249600
2016-02-16,41.818180,41.818180,40.232109,40.986462,40.986462,304800
2016-02-17,41.566730,44.487427,41.566730,44.226307,44.226307,212600
2016-02-18,44.632496,44.632496,43.046421,44.100582,44.100582,136100
2016-02-19,43.810444,44.845261,43.365570,43.713734,43.713734,192800
2016-02-22,44.690521,45.212765,44.100582,44.197292,44.197292,170500
2016-02-23,43.955513,44.709866,43.326885,43.404255,43.404255,147200
2016-02-24,42.475822,43.259186,41.924564,43.036751,43.036751,99800
2016-02-25,43.065765,43.723404,41.189556,42.640232,42.640232,123000
2016-02-26,43.268860,46.112186,42.940041,45.116055,45.116055,111100
2016-02-29,45.251450,47.195358,45.251450,46.798840,46.798840,241400
2016-03-01,46.818180,49.448742,46.721470,46.905224,46.905224,466500
2016-03-02,46.450676,47.823986,45.967117,47.765957,47.765957,428200
2016-03-03,47.398453,49.613152,47.398453,49.206963,49.206963,487800
2016-03-04,49.090908,50.270794,48.626694,49.158607,49.158607,318500
2016-03-07,48.172146,52.166344,47.969051,51.470020,51.470020,448000
2016-03-08,51.382980,51.382980,49.526112,49.796906,49.796906,268100
2016-03-09,50.357834,50.976788,49.032883,50.232109,50.232109,290200
2016-03-10,49.903290,49.932301,48.704063,49.110252,49.110252,190100
2016-03-11,49.574467,50.435204,49.429401,50.145069,50.145069,131300
2016-03-14,49.390717,50.164410,48.820118,49.526112,49.526112,214500
2016-03-15,49.081238,49.177948,48.036751,48.307545,48.307545,117700
2016-03-16,48.529980,50.164410,48.114120,49.922630,49.922630,317500
2016-03-17,50.280464,51.895550,49.903290,51.305611,51.305611,136400
2016-03-18,51.779495,51.779495,50.957447,51.595745,51.595745,271100
2016-03-21,51.353966,52.011604,50.831722,51.905224,51.905224,118300
2016-03-22,51.615086,52.021278,50.860737,50.909092,50.909092,130900
2016-03-23,50.512573,51.083172,49.622826,49.622826,49.622826,169600
2016-03-24,49.023212,50.870407,48.916828,50.232109,50.232109,254100
2016-03-28,50.357834,50.802708,49.593811,50.193424,50.193424,107800
2016-03-29,49.709866,51.856865,49.487427,51.721470,51.721470,197400
2016-03-30,52.292068,52.882011,50.541588,51.508705,51.508705,159200
2016-03-31,51.576401,52.891682,51.092842,52.659573,52.659573,264600
2016-04-01,51.595745,51.818180,51.063831,51.392651,51.392651,151700
2016-04-04,51.247581,52.001934,50.570599,50.889748,50.889748,206400
2016-04-05,50.406189,51.218567,50.222439,50.773693,50.773693,169200
2016-04-06,51.112186,52.079304,50.309479,50.851063,50.851063,285300
2016-04-07,50.512573,50.860737,49.177948,49.303677,49.303677,234300
2016-04-08,50.125725,51.015472,49.990330,50.377174,50.377174,134000
2016-04-11,50.705997,51.334621,50.464218,51.083172,51.083172,110500
2016-04-12,51.460350,53.307545,51.092842,53.143135,53.143135,138900
2016-04-13,53.307545,54.168278,52.775627,54.032883,54.032883,132000
2016-04-14,54.168278,54.342361,53.259186,53.994198,53.994198,224700
2016-04-15,53.646034,53.897484,52.243713,52.814312,52.814312,164600
2016-04-18,51.634430,54.574467,51.634430,54.477757,54.477757,104200
2016-04-19,55.009670,55.986462,54.700195,55.502903,55.502903,102800
2016-04-20,55.232109,56.199226,54.729206,55.502903,55.502903,88600
2016-04-21,55.464218,55.860737,54.700195,54.864605,54.864605,128500
2016-04-22,54.777561,56.963249,54.777561,56.160542,56.160542,118300
2016-04-25,56.344296,56.499031,54.883945,55.454544,55.454544,153100
2016-04-26,55.812378,55.976788,54.912960,55.444874,55.444874,104600
2016-04-27,55.299805,56.760155,54.448742,54.980659,54.980659,188300
2016-04-28,54.603481,57.253384,54.294003,56.034817,56.034817,172800
2016-04-29,56.266926,57.746616,55.696323,56.837524,56.837524,131300
2016-05-02,57.292068,58.027081,55.628628,55.986462,55.986462,158900
2016-05-03,55.290134,55.599613,54.294003,54.903290,54.903290,114200
2016-05-04,55.019341,56.189556,54.516441,54.651836,54.651836,140800
2016-05-05,55.377174,55.551258,53.994198,54.274662,54.274662,145600
2016-05-06,54.061897,55.860737,53.713734,54.216633,54.216633,179900
2016-05-09,53.781433,54.294003,52.040619,52.117989,52.117989,145600
2016-05-10,52.214699,53.336555,52.050289,52.775627,52.775627,156700
2016-05-11,52.891682,53.346230,52.214699,52.340427,52.340427,107100
2016-05-12,52.717602,53.346230,52.001934,52.591877,52.591877,216900
2016-05-13,52.253384,52.640232,51.673115,52.176014,52.176014,215400
2016-05-16,53.133461,55.222439,53.133461,53.781433,53.781433,95500
2016-05-17,53.655704,55.125725,53.655704,53.897484,53.897484,143000
2016-05-18,53.829788,53.829788,52.427467,52.765957,52.765957,143800
2016-05-19,52.311413,53.404255,52.311413,52.988396,52.988396,134400
2016-05-20,53.075436,54.400387,52.611217,54.352032,54.352032,113900
2016-05-23,54.061897,54.622826,53.413925,54.013538,54.013538,114800
2016-05-24,54.245647,54.835590,53.597679,54.709866,54.709866,117500
2016-05-25,55.106384,56.363636,55.048355,56.160542,56.160542,97800
2016-05-26,56.460350,56.528046,54.680851,54.758221,54.758221,86100
2016-05-27,54.564796,55.377174,54.410057,55.309479,55.309479,66600
2016-05-31,55.493229,56.479691,54.854931,55.483559,55.483559,146500
2016-06-01,55.174080,55.744682,53.781433,55.560928,55.560928,142200
2016-06-02,55.145069,55.241779,54.400387,54.854931,54.854931,110000
2016-06-03,55.106384,55.618954,54.680851,55.232109,55.232109,75400
2016-06-06,55.425533,58.713734,55.425533,58.558994,58.558994,111100
2016-06-07,58.675049,60.319149,58.675049,59.516441,59.516441,121700
2016-06-08,60.000000,60.686653,59.787235,60.618954,60.618954,65000
2016-06-09,59.719536,60.860737,59.342361,60.425533,60.425533,92700
2016-06-10,59.593811,60.106384,57.920696,58.172146,58.172146,129100
2016-06-13,57.601547,58.839458,57.069633,57.882011,57.882011,93400
2016-06-14,57.495163,58.075436,56.943909,57.843327,57.843327,62800
2016-06-15,57.794971,58.423599,57.030949,57.379108,57.379108,136700
2016-06-16,56.711800,56.866539,55.773693,56.237911,56.237911,154100
2016-06-17,56.170212,57.988396,56.170212,57.437138,57.437138,172800
2016-06-20,58.268860,58.268860,57.030949,57.475822,57.475822,134000
2016-06-21,57.205029,58.239845,56.557060,57.533848,57.533848,127500
2016-06-22,57.746616,58.375240,57.059959,57.582207,57.582207,122900
2016-06-23,58.384914,58.926498,57.930367,58.916828,58.916828,81200
2016-06-24,56.141201,57.514507,55.589943,57.137329,57.137329,214400
2016-06-27,56.460350,56.953579,54.845261,54.951645,54.951645,180600
2016-06-28,55.860737,56.044487,54.613152,54.700195,54.700195,149700
2016-06-29,55.367504,56.025146,55.038685,55.599613,55.599613,104300
2016-06-30,55.676983,56.044487,54.497097,56.044487,56.044487,132400
2016-07-01,55.957447,57.321083,55.957447,57.263058,57.263058,138400
2016-07-05,56.595745,56.808510,53.820118,54.458412,54.458412,143200
2016-07-06,54.061897,54.584141,53.346230,53.781433,53.781433,213300
2016-07-07,54.274662,55.096710,53.520309,53.849129,53.849129,92300
2016-07-08,54.332687,55.000000,54.032883,54.555126,54.555126,103800
2016-07-11,54.932301,55.009670,54.090908,54.168278,54.168278,104900
2016-07-12,54.883945,56.692455,54.816246,56.228241,56.228241,111600
2016-07-13,56.092842,56.237911,54.429401,54.564796,54.564796,151300
2016-07-14,55.058025,55.609283,54.429401,54.584141,54.584141,75100
2016-07-15,55.145069,55.348164,54.342361,54.497097,54.497097,71200
2016-07-18,54.284332,55.570599,53.423599,55.473888,55.473888,188100
2016-07-19,55.464218,55.464218,53.849129,53.907158,53.907158,167600
2016-07-20,53.578335,54.574467,52.543522,54.139263,54.139263,298500
2016-07-21,54.545456,55.280464,54.129593,54.274662,54.274662,118900
2016-07-22,54.448742,54.613152,53.810444,54.245647,54.245647,98400
2016-07-25,53.955513,54.381046,53.433270,53.887814,53.887814,95900
2016-07-26,53.617020,54.352032,53.617020,54.197292,54.197292,110900
2016-07-27,54.497097,55.145069,53.568665,54.361702,54.361702,169600
2016-07-28,53.984528,55.280464,53.684719,54.090908,54.090908,105900
2016-07-29,53.858799,55.125725,53.839458,54.661510,54.661510,117800
2016-08-01,54.458412,54.458412,53.191490,53.423599,53.423599,149800
2016-08-02,53.578335,53.578335,52.398453,53.017406,53.017406,423200
2016-08-03,52.872341,53.500969,52.340427,53.307545,53.307545,267800
2016-08-04,52.988396,53.829788,52.765957,53.500969,53.500969,343800
2016-08-05,53.704063,53.800774,53.114120,53.442940,53.442940,185100
2016-08-08,53.907158,54.671181,53.346230,54.371372,54.371372,78500
2016-08-09,54.642166,55.241779,54.003868,54.477757,54.477757,150700
2016-08-10,54.129593,54.206963,52.601547,52.707932,52.707932,87900
2016-08-11,53.162476,53.800774,52.707932,53.210831,53.210831,85900
2016-08-12,53.549324,53.549324,52.117989,52.466152,52.466152,74700
2016-08-15,52.553192,53.994198,52.553192,53.694389,53.694389,57900
2016-08-16,53.839458,53.839458,53.094776,53.617020,53.617020,54200
2016-08-17,53.675049,54.100582,52.852997,53.607349,53.607349,74500
2016-08-18,53.868473,56.131527,53.568665,55.822052,55.822052,95100
2016-08-19,55.773693,55.773693,54.545456,55.212765,55.212765,73200
2016-08-22,55.038685,55.415859,54.410057,55.038685,55.038685,86800
2016-08-23,55.077370,56.083172,54.845261,55.522243,55.522243,42200
2016-08-24,56.441006,59.119923,56.441006,57.949711,57.949711,268900
2016-08-25,57.640232,58.423599,57.011604,57.417793,57.417793,133300
2016-08-26,57.408123,58.123791,56.576401,57.350098,57.350098,76400
2016-08-29,57.669247,57.669247,56.837524,57.417793,57.417793,46800
2016-08-30,57.678917,58.036751,57.079304,57.301743,57.301743,125100
2016-08-31,56.885880,57.234043,55.880077,56.847195,56.847195,180300
2016-09-01,56.653770,57.195358,55.744682,56.644100,56.644100,85200
2016-09-02,57.234043,57.872341,56.866539,56.943909,56.943909,103200
2016-09-06,57.079304,57.408123,56.218567,56.953579,56.953579,46300
2016-09-07,56.895550,57.814312,56.624760,57.311413,57.311413,54300
2016-09-08,57.533848,58.723404,56.450676,58.558994,58.558994,112300
2016-09-09,57.978722,57.978722,56.382980,56.402321,56.402321,120600
2016-09-12,55.764023,57.330753,54.961315,57.311413,57.311413,99300
2016-09-13,56.682785,57.185688,54.603481,55.280464,55.280464,117000
2016-09-14,55.270794,55.531914,54.400387,55.009670,55.009670,94500
2016-09-15,55.038685,55.067699,54.390717,54.632496,54.632496,86600
2016-09-16,54.410057,54.835590,53.936169,54.274662,54.274662,216400
2016-09-19,54.787235,55.222439,53.955513,54.139263,54.139263,96300
2016-09-20,54.119923,54.216633,53.326885,53.375240,53.375240,76600
2016-09-21,53.994198,54.700195,53.810444,54.613152,54.613152,123400
2016-09-22,55.299805,55.841393,55.009670,55.261124,55.261124,145300
2016-09-23,55.154739,55.725338,54.023212,54.129593,54.129593,84200
2016-09-26,54.332687,55.212765,54.177948,54.661510,54.661510,187200
2016-09-27,54.361702,54.400387,53.471954,54.061897,54.061897,142000
2016-09-28,54.477757,55.396519,53.172146,55.367504,55.367504,169100
2016-09-29,55.580273,57.321083,55.580273,56.353966,56.353966,124000
2016-09-30,56.818180,57.659573,56.199226,57.533848,57.533848,169500
2016-10-03,57.640232,58.007736,56.595745,57.736942,57.736942,100600
2016-10-04,57.959381,58.220505,57.079304,57.369438,57.369438,60500
2016-10-05,57.969051,59.023212,57.882011,58.926498,58.926498,177500
2016-10-06,59.139263,59.439072,58.568665,59.342361,59.342361,89900
2016-10-07,59.284332,59.448742,58.510639,58.704063,58.704063,89900
2016-10-10,59.603481,59.961315,58.945843,59.284332,59.284332,148100
2016-10-11,59.177948,59.177948,57.930367,58.172146,58.172146,118900
2016-10-12,57.901356,58.017406,57.524178,57.640232,57.640232,100100
2016-10-13,57.282398,57.649902,56.586075,57.301743,57.301743,110400
2016-10-14,57.591877,57.930367,56.218567,56.324951,56.324951,128700
2016-10-17,56.421665,56.789169,55.570599,56.615086,56.615086,80400
2016-10-18,57.205029,57.205029,56.179882,56.450676,56.450676,48900
2016-10-19,56.769825,58.317215,56.421665,57.920696,57.920696,90900
2016-10-20,57.533848,58.104450,57.098644,57.814312,57.814312,65000
2016-10-21,57.272728,57.930367,57.069633,57.127659,57.127659,54800
2016-10-24,57.176014,57.930367,56.324951,56.905224,56.905224,78100
2016-10-25,56.905224,57.688587,55.676983,55.725338,55.725338,81400
2016-10-26,55.174080,56.353966,54.226307,55.909092,55.909092,113200
2016-10-27,55.957447,55.957447,54.545456,54.903290,54.903290,88500
2016-10-28,54.274662,54.274662,49.197292,51.644100,51.644100,353200
2016-10-31,51.228241,51.228241,46.470020,47.688587,47.688587,503600
2016-11-01,48.065765,48.597679,46.711800,47.282398,47.282398,262700
2016-11-02,46.827854,47.050289,43.994198,45.203094,45.203094,353400
2016-11-03,45.406189,46.266926,44.835590,46.189556,46.189556,179700
2016-11-04,45.986462,46.789169,45.241779,45.251450,45.251450,133500
2016-11-07,45.899418,46.692455,45.251450,46.528046,46.528046,128400
2016-11-08,46.131527,47.224373,45.754353,46.982594,46.982594,114500
2016-11-09,46.711800,49.245647,46.421665,49.148937,49.148937,134500
2016-11-10,49.216633,51.566730,49.216633,50.831722,50.831722,152800
2016-11-11,50.551258,52.040619,50.348164,51.905224,51.905224,125800
2016-11-14,51.972919,53.926498,51.972919,53.887814,53.887814,149500
2016-11-15,54.468086,55.454544,54.177948,55.222439,55.222439,99900
2016-11-16,55.212765,56.034817,54.419727,55.628628,55.628628,137500
2016-11-17,55.628628,56.827854,54.729206,54.980659,54.980659,140900
2016-11-18,55.570599,56.015472,54.767891,55.174080,55.174080,134300
2016-11-21,55.860737,56.363636,55.386848,56.257252,56.257252,150900
2016-11-22,56.324951,57.630562,55.947777,57.601547,57.601547,111000
2016-11-23,57.079304,59.081238,57.079304,58.916828,58.916828,73700
2016-11-25,58.626694,58.665379,57.756287,58.065765,58.065765,37700
2016-11-28,58.085106,58.849129,57.321083,57.417793,57.417793,124400
2016-11-29,56.615086,57.272728,55.841393,56.237911,56.237911,144000
2016-11-30,58.655704,60.348164,58.452610,59.951645,59.951645,193300
2016-12-01,60.870407,61.411991,59.477757,61.112186,61.112186,123600
2016-12-02,60.812378,62.369438,60.154739,61.353966,61.353966,105500
2016-12-05,61.847195,62.823986,61.847195,62.514507,62.514507,156900
2016-12-06,62.108318,63.858799,62.108318,63.491295,63.491295,152400
2016-12-07,63.172146,64.032883,62.543522,63.878143,63.878143,68000
2016-12-08,64.226303,65.725342,63.694389,65.609283,65.609283,130800
2016-12-09,66.150871,67.427467,65.319145,67.001938,67.001938,168500
2016-12-12,68.462280,68.597679,66.711800,68.346230,68.346230,158900
2016-12-13,68.665375,68.858803,67.214699,68.181816,68.181816,155900
2016-12-14,67.098648,68.104446,64.825920,65.116051,65.116051,139700
2016-12-15,64.680855,66.982590,63.955513,66.982590,66.982590,200300
2016-12-16,66.992264,68.104446,66.885880,67.224373,67.224373,273400
2016-12-19,67.514503,68.394585,66.914894,68.268860,68.268860,103900
2016-12-20,68.800774,69.700195,68.394585,69.187622,69.187622,114200
2016-12-21,69.216637,71.102516,68.413925,70.570602,70.570602,156700
2016-12-22,70.541588,70.735008,68.704063,68.781433,68.781433,105100
2016-12-23,68.926498,69.545456,68.210831,69.235977,69.235977,63300
2016-12-27,69.506767,70.802711,69.013542,70.193420,70.193420,62400
2016-12-28,70.145065,70.715668,69.458412,69.642166,69.642166,61700
2016-12-29,69.235977,69.294006,68.568665,69.129593,69.129593,69700
2016-12-30,69.071564,70.019341,68.742744,68.936172,68.936172,101500
2017-01-03,70.077370,71.653770,69.903290,70.996132,70.996132,114700
2017-01-04,71.189552,73.810448,70.415863,72.988396,72.988396,161900
2017-01-05,73.210831,73.491295,71.025146,71.644104,71.644104,157600
2017-01-06,71.818184,72.746613,71.237907,72.272728,72.272728,73500
2017-01-09,71.731140,71.808510,70.406189,70.473885,70.473885,77300
2017-01-10,70.783363,70.783363,69.545456,69.980659,69.980659,93400
2017-01-11,70.261124,71.421661,69.642166,70.696327,70.696327,86500
2017-01-12,71.179886,71.179886,68.849129,69.816246,69.816246,90700
2017-01-13,70.019341,71.557060,70.019341,70.531914,70.531914,63300
2017-01-17,70.996132,70.996132,69.651840,70.580269,70.580269,59400
2017-01-18,70.290138,71.431335,69.081238,70.976791,70.976791,77700
2017-01-19,70.986458,71.411995,69.845261,70.164413,70.164413,49000
2017-01-20,70.996132,71.489365,70.638298,71.218567,71.218567,63000
2017-01-23,70.609283,70.647972,68.423599,69.235977,69.235977,117100
2017-01-24,69.564796,71.711800,69.023209,71.353966,71.353966,114300
2017-01-25,71.499031,72.611221,70.841393,72.340424,72.340424,66300
2017-01-26,72.852997,72.852997,72.069633,72.272728,72.272728,53400
2017-01-27,72.350098,72.475822,71.189552,71.750481,71.750481,44200
2017-01-30,71.131531,71.131531,68.984528,69.961319,69.961319,83100
2017-01-31,70.299805,71.421661,68.868469,71.150871,71.150871,101200
2017-02-01,71.615089,72.088974,70.493233,71.363640,71.363640,47200
2017-02-02,71.557060,71.557060,70.348160,70.831718,70.831718,53300
2017-02-03,71.315277,73.027077,70.319145,72.891685,72.891685,63100
2017-02-06,72.785301,73.375244,71.721474,72.147003,72.147003,122000
2017-02-07,72.021278,72.446808,69.526115,70.483559,70.483559,84800
2017-02-08,69.893616,70.589943,68.617020,70.009674,70.009674,102400
2017-02-09,70.599609,71.189552,70.135399,70.406189,70.406189,83200
2017-02-10,71.218567,71.237907,70.638298,71.092842,71.092842,129800
2017-02-13,71.092842,71.808510,70.744682,71.518372,71.518372,61300
2017-02-14,71.518372,72.388779,71.324951,71.760155,71.760155,163400
2017-02-15,71.692459,71.692459,70.019341,70.609283,70.609283,70200
2017-02-16,70.473885,70.957443,68.781433,68.955513,68.955513,96500
2017-02-17,68.529984,68.675049,67.707932,68.210831,68.210831,133400
2017-02-21,68.936172,69.748550,68.626694,68.897484,68.897484,83600
2017-02-22,68.636360,69.564796,67.756287,68.017410,68.017410,77900
2017-02-23,68.346230,69.177948,67.359764,67.949707,67.949707,69600
2017-02-24,67.263054,68.191490,66.247581,67.669243,67.669243,57900
2017-02-27,67.659576,68.520309,67.495163,68.056091,68.056091,148200
2017-02-28,67.456482,67.891685,66.460350,66.586075,66.586075,180200
2017-03-01,67.340424,69.526115,67.340424,69.294006,69.294006,107000
2017-03-02,65.851067,68.394585,64.177948,66.808510,66.808510,184500
2017-03-03,66.818184,67.388779,65.851067,66.160545,66.160545,54600
2017-03-06,65.628624,66.015472,64.893616,65.744682,65.744682,94900
2017-03-07,65.976791,65.976791,64.303673,64.816246,64.816246,137700
2017-03-08,64.787231,64.893616,63.829788,64.061897,64.061897,126700
2017-03-09,63.607349,64.226303,63.452610,63.965183,63.965183,131100
2017-03-10,64.671181,65.241783,63.346230,64.216637,64.216637,97200
2017-03-13,64.206963,64.835587,63.713734,64.090912,64.090912,57800
2017-03-14,63.317215,63.597679,61.779495,63.365570,63.365570,75100
2017-03-15,63.936169,64.245651,62.669247,63.297871,63.297871,271500
2017-03-16,63.452610,63.655704,62.514507,63.336555,63.336555,113800
2017-03-17,62.698257,64.661507,62.698257,64.564796,64.564796,323000
2017-03-20,64.177948,64.912956,63.268860,64.825920,64.825920,83600
2017-03-21,65.212769,65.212769,63.887814,63.926498,63.926498,69600
2017-03-22,63.626694,63.878143,62.388783,62.911026,62.911026,66000
2017-03-23,62.630562,64.342361,62.408123,63.878143,63.878143,85300
2017-03-24,64.023209,64.497101,63.278530,63.529980,63.529980,84500
2017-03-27,62.649902,63.452610,61.982594,63.365570,63.365570,48900
2017-03-28,63.462284,65.261124,62.620892,65.135399,65.135399,69800
2017-03-29,64.177948,65.793037,63.723404,65.628624,65.628624,92000
2017-03-30,65.764023,66.914894,65.676979,66.005806,66.005806,87100
2017-03-31,65.918762,67.630562,65.705994,66.914894,66.914894,150600
2017-04-03,66.856865,66.943909,64.090912,64.119919,64.119919,150000
2017-04-04,64.013542,64.564796,63.636364,63.868473,63.868473,70500
2017-04-05,64.593811,65.522247,62.495163,62.533848,62.533848,83700
2017-04-06,62.794971,63.578335,62.408123,63.404255,63.404255,100700
2017-04-07,63.201160,63.336555,62.321083,62.649902,62.649902,88900
2017-04-10,63.017406,63.733074,62.949711,63.462284,63.462284,50300
2017-04-11,63.268860,64.206963,62.775627,64.090912,64.090912,91700
2017-04-12,64.061897,64.071564,62.543522,62.678917,62.678917,76500
2017-04-13,62.562862,63.085106,61.566730,61.798840,61.798840,60700
2017-04-17,61.866539,62.050289,61.228241,62.050289,62.050289,47800
2017-04-18,61.673115,62.543522,61.237911,62.369438,62.369438,74800
2017-04-19,62.736942,63.549324,62.127659,62.234043,62.234043,115400
2017-04-20,62.533848,63.375240,62.205029,63.036751,63.036751,85400
2017-04-21,62.717602,63.636364,62.514507,62.843327,62.843327,79500
2017-04-24,64.013542,64.555122,63.114120,64.419731,64.419731,84000
2017-04-25,64.535782,66.025146,64.323021,65.522247,65.522247,103100
2017-04-26,65.232109,67.059959,64.709862,66.150871,66.150871,201400
2017-04-27,66.034813,66.034813,63.684719,65.154739,65.154739,74800
2017-04-28,65.715668,65.715668,63.433270,63.500969,63.500969,74300
2017-05-01,63.800774,64.593811,63.462284,63.675049,63.675049,72300
2017-05-02,64.555122,64.555122,63.404255,64.013542,64.013542,95300
2017-05-03,63.684719,64.158607,63.143135,63.752419,63.752419,68200
2017-05-04,63.384914,63.384914,62.108318,62.862671,62.862671,69600
2017-05-05,63.143135,64.294006,62.930367,63.471954,63.471954,101500
2017-05-08,63.172146,63.529980,61.624760,62.678917,62.678917,148800
2017-05-09,62.640232,63.365570,61.818180,63.288200,63.288200,59100
2017-05-10,63.056091,63.288200,61.827854,62.504837,62.504837,86100
2017-05-11,62.688587,63.123791,62.156673,62.940041,62.940041,68700
2017-05-12,62.514507,63.471954,62.040619,62.456478,62.456478,113900
2017-05-15,63.075436,63.936169,62.011604,62.166344,62.166344,81100
2017-05-16,62.108318,62.814312,60.996132,61.605415,61.605415,159200
2017-05-17,61.605415,61.876209,60.386848,61.305611,61.305611,115700
2017-05-18,61.276596,63.539650,61.015472,62.814312,62.814312,141700
2017-05-19,63.065765,63.733074,62.591877,63.007736,63.007736,132600
2017-05-22,63.462284,63.771759,62.195358,62.301743,62.301743,108500
2017-05-23,62.524178,63.027081,61.827854,62.872341,62.872341,85200
2017-05-24,62.765957,62.930367,61.431335,61.586075,61.586075,54200
2017-05-25,61.431335,61.837524,60.183754,60.657639,60.657639,116500
2017-05-26,60.531914,61.266926,60.077370,60.396519,60.396519,94600
2017-05-30,60.241779,62.417793,59.497097,59.874275,59.874275,92000
2017-05-31,59.700195,60.174080,58.878143,59.197292,59.197292,149600
2017-06-01,59.506771,60.541588,59.168278,60.058025,60.058025,132000
2017-06-02,44.294003,44.603481,34.709866,36.199226,36.199226,401700
2017-06-05,35.957447,36.228241,34.545456,35.000000,35.000000,385600
2017-06-06,34.777561,35.377174,34.148937,35.038685,35.038685,368000
2017-06-07,35.058025,35.087040,33.646034,34.429401,34.429401,222600
2017-06-08,34.274662,34.912960,33.704063,34.603481,34.603481,141700
2017-06-09,34.748550,35.725338,34.448742,35.464218,35.464218,228100
2017-06-12,35.793037,36.914894,35.793037,35.870407,35.870407,196700
2017-06-13,35.880077,36.421665,35.667313,35.880077,35.880077,188800
2017-06-14,35.696323,35.696323,33.849129,33.945843,33.945843,170900
2017-06-15,33.617020,34.197292,33.056091,33.065765,33.065765,156100
2017-06-16,32.882011,33.239845,32.649902,33.094776,33.094776,339200
2017-06-19,32.949711,33.172146,32.427467,32.727272,32.727272,100100
2017-06-20,32.214699,32.872341,31.818182,32.543522,32.543522,170900
2017-06-21,32.475822,32.698257,30.967117,31.005802,31.005802,196500
2017-06-22,31.073502,31.411993,30.851065,31.092844,31.092844,251400
2017-06-23,31.141199,31.711800,30.860735,31.528046,31.528046,216600
2017-06-26,31.595745,31.740812,31.179884,31.237911,31.237911,181700
2017-06-27,31.382978,31.934237,31.179884,31.421663,31.421663,494100
2017-06-28,31.566730,32.978722,31.566730,32.717602,32.717602,302400
2017-06-29,32.640232,33.394585,32.475822,32.794971,32.794971,305500
2017-06-30,32.862671,33.433270,32.388783,33.172146,33.172146,137600
2017-07-03,33.462284,34.796906,33.462284,34.574467,34.574467,91000
2017-07-05,34.332687,34.613152,32.611217,33.133461,33.133461,146700
2017-07-06,33.249516,33.578335,32.688587,33.007736,33.007736,170800
2017-07-07,32.785301,33.172146,32.253384,33.085106,33.085106,154100
2017-07-10,32.901356,33.704063,32.901356,33.143135,33.143135,69000
2017-07-11,33.201160,33.626694,32.466152,33.404255,33.404255,136300
2017-07-12,33.752419,34.506771,32.988396,33.133461,33.133461,113500
2017-07-13,33.143135,33.800774,32.804642,33.723404,33.723404,166500
2017-07-14,33.771759,34.352032,33.704063,34.158607,34.158607,177800
2017-07-17,33.994198,34.903290,33.916828,34.632496,34.632496,111100
2017-07-18,34.671181,34.874275,33.878143,34.264992,34.264992,152900
2017-07-19,34.255318,35.667313,34.255318,35.493229,35.493229,99100
2017-07-20,35.522243,35.686653,34.574467,34.806576,34.806576,108800
2017-07-21,34.806576,35.096710,33.771759,34.139263,34.139263,116200
2017-07-24,34.342361,34.738876,33.646034,33.916828,33.916828,108900
2017-07-25,34.371372,35.290134,34.226307,34.313347,34.313347,117200
2017-07-26,34.458412,34.767891,33.752419,33.965183,33.965183,98400
2017-07-27,33.974854,34.255318,33.491295,33.549324,33.549324,93600
2017-07-28,33.558994,34.255318,33.307545,33.568665,33.568665,95900
2017-07-31,33.452610,33.694389,32.630562,32.969051,32.969051,188400
2017-08-01,33.056091,33.675049,32.456478,33.288200,33.288200,146200
2017-08-02,33.065765,33.694389,32.359768,33.384914,33.384914,104100
2017-08-03,33.452610,33.810444,32.901356,33.123791,33.123791,68400
2017-08-04,33.114120,35.976788,33.114120,35.560928,35.560928,175800
2017-08-07,35.096710,37.011604,34.854931,36.566730,36.566730,201100
2017-08-08,36.218567,37.205029,35.541588,35.570599,35.570599,133500
2017-08-09,35.802708,35.967117,34.951645,35.802708,35.802708,132800
2017-08-10,35.773693,36.644100,35.415859,35.473888,35.473888,92500
2017-08-11,34.777561,35.435204,34.487427,35.019341,35.019341,95500
2017-08-14,35.038685,35.725338,34.603481,35.415859,35.415859,172800
2017-08-15,35.328819,35.676983,34.545456,35.212765,35.212765,81200
2017-08-16,35.386848,35.880077,34.806576,34.922630,34.922630,70000
2017-08-17,34.700195,35.541588,34.593811,34.613152,34.613152,57600
2017-08-18,34.371372,35.222439,34.042553,34.951645,34.951645,75800
2017-08-21,34.874275,35.280464,34.622826,34.980659,34.980659,70600
2017-08-22,35.029015,35.541588,35.009670,35.251450,35.251450,50100
2017-08-23,35.077370,35.938103,34.951645,35.454544,35.454544,49400
2017-08-24,35.377174,35.754353,35.222439,35.367504,35.367504,52300
2017-08-25,35.483559,36.015472,35.357834,35.773693,35.773693,78700
2017-08-28,35.812378,36.295937,35.154739,35.464218,35.464218,75300
2017-08-29,35.280464,36.547390,35.280464,36.518375,36.518375,160600
2017-08-30,36.150871,37.001934,35.764023,36.750484,36.750484,203800
2017-08-31,36.934235,37.707932,36.711800,37.108318,37.108318,201400
2017-09-01,37.292068,38.201160,36.972919,38.085106,38.085106,92600
2017-09-05,38.346230,39.042553,38.152805,38.926498,38.926498,104700
2017-09-06,38.346230,39.690521,38.346230,38.675049,38.675049,231300
2017-09-07,38.558994,38.704063,38.075436,38.249516,38.249516,282500
2017-09-08,38.123791,38.162476,37.253384,37.446808,37.446808,106700
2017-09-11,37.485493,37.717602,37.301743,37.688587,37.688587,104900
2017-09-12,37.756287,39.090908,37.756287,38.916828,38.916828,89400
2017-09-13,39.110252,40.174080,39.110252,39.719536,39.719536,99000
2017-09-14,39.932301,40.464218,39.516441,39.709866,39.709866,73000
2017-09-15,39.767891,39.767891,38.974854,39.545456,39.545456,200800
2017-09-18,39.526112,40.676983,38.781433,40.580273,40.580273,93500
2017-09-19,40.647968,41.624760,40.415859,41.508705,41.508705,128100
2017-09-20,41.653770,42.727272,41.305611,42.408123,42.408123,149800
2017-09-21,42.359768,42.717602,41.972919,42.253384,42.253384,101300
2017-09-22,42.185688,42.804642,41.885880,42.243713,42.243713,94300
2017-09-25,42.475822,43.317215,42.224373,42.475822,42.475822,148900
2017-09-26,42.562862,43.646034,42.214699,43.471954,43.471954,61300
2017-09-27,43.510639,44.729206,43.259186,44.651836,44.651836,146900
2017-09-28,44.748550,45.232109,44.110252,44.680851,44.680851,112700
2017-09-29,44.564796,44.893616,44.390717,44.593811,44.593811,119300
2017-10-02,44.390717,44.912960,43.655704,44.912960,44.912960,108300
2017-10-03,44.941975,45.270794,44.458412,45.154739,45.154739,103600
2017-10-04,45.299805,45.725338,44.506771,44.922630,44.922630,107400
2017-10-05,45.241779,45.522243,44.961315,45.212765,45.212765,91800
2017-10-06,44.825920,45.009670,44.245647,44.419727,44.419727,108300
2017-10-09,44.410057,45.425533,44.081238,45.125725,45.125725,73800
2017-10-10,45.599613,45.686653,44.584141,44.603481,44.603481,131200
2017-10-11,44.487427,44.584141,44.177948,44.284332,44.284332,93000
2017-10-12,43.974854,43.974854,43.365570,43.597679,43.597679,95300
2017-10-13,43.675049,43.926498,43.384914,43.665379,43.665379,77100
2017-10-16,44.052223,44.661510,43.617020,43.636364,43.636364,78400
2017-10-17,43.617020,43.704063,42.717602,42.823986,42.823986,99800
2017-10-18,42.978722,43.384914,42.611217,43.143135,43.143135,73700
2017-10-19,42.823986,43.462284,42.649902,42.978722,42.978722,70200
2017-10-20,43.297871,43.452610,42.901356,43.162476,43.162476,61400
2017-10-23,43.065765,43.375240,42.678917,43.114120,43.114120,58900
2017-10-24,43.375240,44.352032,43.201160,43.945843,43.945843,71100
2017-10-25,43.945843,44.400387,43.317215,44.158607,44.158607,57900
2017-10-26,44.081238,45.309479,44.081238,44.622826,44.622826,78900
2017-10-27,44.613152,45.125725,43.694389,45.058025,45.058025,79400
2017-10-30,44.893616,45.154739,43.820118,44.226307,44.226307,61900
2017-10-31,44.487427,46.218567,44.410057,45.647968,45.647968,91100
2017-11-01,46.189556,46.566730,44.893616,45.396519,45.396519,111400
2017-11-02,46.102516,49.893616,45.425533,49.371372,49.371372,260200
2017-11-03,49.245647,49.767891,47.843327,48.191490,48.191490,261600
2017-11-06,47.098644,49.410057,47.098644,48.394585,48.394585,202600
2017-11-07,48.791103,49.148937,47.253384,47.427467,47.427467,137200
2017-11-08,47.427467,48.646034,47.098644,48.220505,48.220505,109600
2017-11-09,47.872341,48.839458,47.630562,48.423599,48.423599,135700
2017-11-10,48.355900,49.110252,47.350098,47.408123,47.408123,91800
2017-11-13,47.388783,48.384914,46.808510,47.649902,47.649902,207300
2017-11-14,47.591877,48.210831,46.537716,46.866539,46.866539,138400
2017-11-15,46.673115,46.992264,46.199226,46.557060,46.557060,68600
2017-11-16,46.605415,46.943909,45.822052,46.537716,46.537716,204200
2017-11-17,46.537716,48.433270,46.431335,47.398453,47.398453,166600
2017-11-20,47.166344,47.640232,46.499031,47.572533,47.572533,233600
2017-11-21,47.930367,48.413925,46.769825,47.359768,47.359768,156800
2017-11-22,47.504837,48.027081,46.315281,46.528046,46.528046,137600
2017-11-24,46.605415,46.605415,45.077370,46.315281,46.315281,111700
2017-11-27,46.315281,47.069633,46.218567,46.470020,46.470020,78000
2017-11-28,46.431335,47.030949,45.899418,46.305611,46.305611,66300
2017-11-29,46.392651,47.214699,46.044487,46.441006,46.441006,137600
2017-11-30,46.663445,47.321083,46.044487,46.276596,46.276596,146800
2017-12-01,46.731140,47.969051,46.731140,47.456478,47.456478,125700
2017-12-04,47.572533,48.442940,46.885880,47.243713,47.243713,129800
2017-12-05,47.205029,47.688587,45.802708,46.131527,46.131527,86000
2017-12-06,45.889748,46.537716,45.338490,46.382980,46.382980,119400
2017-12-07,46.580002,47.009998,45.619999,46.070000,46.070000,99700
2017-12-08,46.450001,46.450001,45.610001,45.709999,45.709999,170700
2017-12-11,45.740002,47.020000,45.740002,46.360001,46.360001,79000
2017-12-12,46.680000,47.419998,46.310001,46.549999,46.549999,78600
2017-12-13,46.380001,47.029999,46.220001,46.500000,46.500000,235600
2017-12-14,46.400002,46.950001,45.110001,45.259998,45.259998,106600
2017-12-15,45.349998,45.610001,44.939999,44.990002,44.990002,229700
2017-12-18,45.299999,47.169998,45.299999,46.939999,46.939999,112000
2017-12-19,46.970001,47.400002,46.430000,46.750000,46.750000,84100
2017-12-20,47.070000,48.790001,47.049999,48.380001,48.380001,147500
2017-12-21,48.490002,49.150002,48.330002,48.369999,48.369999,199900
2017-12-22,48.599998,48.599998,46.959999,47.070000,47.070000,123400
2017-12-26,46.799999,47.189999,46.509998,46.959999,46.959999,57100
2017-12-27,46.889999,47.360001,45.970001,46.540001,46.540001,75400
2017-12-28,46.520000,47.060001,46.509998,46.820000,46.820000,56800
2017-12-29,46.750000,46.759998,46.060001,46.220001,46.220001,58000
2018-01-02,46.490002,47.810001,46.340000,47.740002,47.740002,83100
2018-01-03,47.759998,48.459999,47.540001,48.369999,48.369999,117400
2018-01-04,48.560001,48.970001,47.860001,48.810001,48.810001,127500
2018-01-05,48.830002,49.189999,48.580002,49.150002,49.150002,68100
2018-01-08,49.130001,49.990002,48.619999,49.849998,49.849998,71300
2018-01-09,49.830002,49.840000,48.669998,48.680000,48.680000,101000
2018-01-10,48.669998,48.750000,48.029999,48.349998,48.349998,68800
2018-01-11,48.470001,49.820000,48.470001,49.560001,49.560001,162700
2018-01-12,49.619999,50.360001,49.330002,49.590000,49.590000,103300
2018-01-16,49.840000,49.840000,47.840000,48.000000,48.000000,102900
2018-01-17,48.290001,48.869999,47.520000,47.619999,47.619999,159700
2018-01-18,47.450001,47.470001,46.209999,46.250000,46.250000,117400
2018-01-19,45.959999,46.950001,45.720001,46.930000,46.930000,198500
2018-01-22,46.919998,47.369999,46.520000,47.360001,47.360001,100600
2018-01-23,47.439999,47.470001,46.549999,47.240002,47.240002,54400
2018-01-24,47.310001,48.020000,46.360001,46.889999,46.889999,121500
2018-01-25,47.189999,47.759998,46.560001,47.369999,47.369999,94500
2018-01-26,47.540001,47.720001,46.980000,47.410000,47.410000,68700
2018-01-29,47.049999,47.480000,46.290001,46.340000,46.340000,63300
2018-01-30,46.090000,47.169998,45.490002,46.869999,46.869999,107400
2018-01-31,47.040001,47.209999,46.459999,46.580002,46.580002,94600
2018-02-01,46.400002,47.650002,45.639999,47.470001,47.470001,49400
2018-02-02,46.889999,46.990002,46.029999,46.160000,46.160000,76900
2018-02-05,45.790001,46.689999,44.930000,44.980000,44.980000,106500
2018-02-06,44.189999,46.880001,43.770000,46.139999,46.139999,220400
2018-02-07,46.130001,46.840000,44.700001,44.840000,44.840000,74500
2018-02-08,44.919998,44.919998,42.639999,42.639999,42.639999,92000
2018-02-09,43.080002,43.110001,40.590000,42.029999,42.029999,187100
2018-02-12,42.240002,43.130001,41.820000,42.630001,42.630001,97800
2018-02-13,42.279999,43.250000,41.930000,43.009998,43.009998,72700
2018-02-14,43.000000,44.880001,42.980000,44.459999,44.459999,97300
2018-02-15,44.740002,44.799999,43.910000,44.599998,44.599998,63300
2018-02-16,44.369999,44.880001,43.590000,44.459999,44.459999,53700
2018-02-20,44.180000,44.509998,43.650002,43.950001,43.950001,52200
2018-02-21,44.049999,45.200001,43.990002,44.139999,44.139999,61200
2018-02-22,44.610001,45.189999,44.070000,44.450001,44.450001,88300
2018-02-23,44.750000,44.820000,44.250000,44.639999,44.639999,61800
2018-02-26,44.619999,45.200001,44.009998,44.709999,44.709999,122000
2018-02-27,44.619999,44.779999,43.200001,43.389999,43.389999,123900
2018-02-28,43.990002,44.180000,41.430000,41.509998,41.509998,147900
2018-03-01,41.360001,43.750000,41.360001,42.799999,42.799999,178700
2018-03-02,42.400002,44.480000,42.009998,44.060001,44.060001,122000
2018-03-05,43.630001,45.650002,43.540001,45.139999,45.139999,150800
2018-03-06,45.310001,46.650002,45.020000,46.490002,46.490002,131200
2018-03-07,46.009998,47.799999,46.009998,47.599998,47.599998,140000
2018-03-08,47.529999,47.529999,45.599998,46.000000,46.000000,132200
2018-03-09,46.340000,47.630001,46.180000,47.400002,47.400002,109000
2018-03-12,47.459999,48.450001,47.459999,48.130001,48.130001,143200
2018-03-13,48.290001,48.730000,47.400002,47.669998,47.669998,166200
2018-03-14,47.860001,48.250000,47.250000,47.639999,47.639999,141700
2018-03-15,47.669998,47.790001,46.959999,47.580002,47.580002,177900
2018-03-16,47.549999,49.400002,47.310001,49.340000,49.340000,222800
2018-03-19,49.139999,49.349998,48.299999,49.040001,49.040001,89500
2018-03-20,49.099998,49.900002,49.009998,49.270000,49.270000,95900
2018-03-21,49.310001,50.910000,48.580002,50.230000,50.230000,114800
2018-03-22,49.720001,50.900002,49.619999,49.680000,49.680000,73900
2018-03-23,49.869999,50.590000,49.080002,49.250000,49.250000,81900
2018-03-26,49.919998,50.919998,49.000000,50.700001,50.700001,121000
2018-03-27,50.750000,51.459999,50.070000,50.250000,50.250000,138800
2018-03-28,50.259998,50.759998,49.320000,50.389999,50.389999,115900
2018-03-29,50.439999,52.029999,50.400002,51.099998,51.099998,134800
2018-04-02,51.009998,51.410000,50.130001,51.049999,51.049999,142700
2018-04-03,51.340000,53.369999,51.000000,53.060001,53.060001,138400
2018-04-04,52.270000,53.889999,51.919998,53.750000,53.750000,186400
2018-04-05,54.160000,55.180000,53.779999,54.980000,54.980000,151000
2018-04-06,54.419998,55.080002,53.680000,54.259998,54.259998,74800
2018-04-09,54.849998,54.950001,53.430000,53.619999,53.619999,135400
2018-04-10,54.590000,55.369999,53.730000,55.130001,55.130001,195400
2018-04-11,54.849998,56.279999,54.139999,55.779999,55.779999,135100
2018-04-12,56.080002,56.779999,55.259998,55.919998,55.919998,123200
2018-04-13,56.529999,59.000000,56.259998,58.750000,58.750000,412300
2018-04-16,58.750000,58.930000,57.320000,57.599998,57.599998,202900
2018-04-17,58.029999,58.169998,57.349998,57.590000,57.590000,211400
2018-04-18,58.099998,58.619999,57.880001,58.009998,58.009998,360000
2018-04-19,58.080002,58.119999,57.240002,57.820000,57.820000,226000
2018-04-20,57.270000,57.770000,56.509998,57.040001,57.040001,226700
2018-04-23,57.119999,57.660000,56.790001,57.470001,57.470001,172800
2018-04-24,57.919998,57.919998,56.029999,56.160000,56.160000,156800
2018-04-25,56.160000,57.250000,55.910000,56.610001,56.610001,240700
2018-04-26,56.799999,57.250000,55.330002,55.400002,55.400002,222500
2018-04-27,55.400002,55.430000,53.349998,54.790001,54.790001,332500
2018-04-30,54.889999,55.630001,54.810001,54.840000,54.840000,174000
2018-05-01,54.840000,54.840000,53.580002,53.810001,53.810001,230100
2018-05-02,53.689999,54.570000,53.599998,54.180000,54.180000,104700
2018-05-03,54.119999,55.009998,53.400002,54.990002,54.990002,152700
2018-05-04,54.869999,55.590000,54.660000,55.000000,55.000000,108800
2018-05-07,55.000000,55.540001,54.599998,54.799999,54.799999,202600
2018-05-08,54.970001,55.720001,54.330002,55.130001,55.130001,164200
2018-05-09,55.500000,55.500000,52.430000,52.650002,52.650002,328500
2018-05-10,52.669998,53.049999,51.450001,52.529999,52.529999,219300
2018-05-11,52.639999,53.189999,52.150002,52.310001,52.310001,287200
2018-05-14,52.430000,52.759998,51.439999,51.799999,51.799999,244100
2018-05-15,51.520000,52.730000,51.400002,52.060001,52.060001,212000
2018-05-16,52.180000,52.610001,51.919998,52.200001,52.200001,147300
2018-05-17,52.180000,53.480000,52.180000,53.189999,53.189999,213900
2018-05-18,53.299999,53.310001,52.369999,53.029999,53.029999,122200
2018-05-21,53.240002,53.650002,52.889999,53.330002,53.330002,141200
2018-05-22,53.000000,53.000000,51.619999,51.790001,51.790001,109200
2018-05-23,51.500000,52.889999,51.430000,52.279999,52.279999,255600
2018-05-24,51.830002,51.910000,50.650002,51.139999,51.139999,246500
2018-05-25,50.639999,50.970001,50.310001,50.900002,50.900002,90600
2018-05-29,50.560001,52.230000,50.470001,52.000000,52.000000,171500
2018-05-30,52.389999,53.290001,52.189999,52.880001,52.880001,193100
2018-05-31,52.660000,53.020000,51.820000,52.230000,52.230000,140200
2018-06-01,52.349998,52.570000,51.700001,52.259998,52.259998,103100
2018-06-04,52.580002,53.200001,52.189999,52.880001,52.880001,132100
2018-06-05,52.820000,53.639999,51.419998,53.290001,53.290001,94300
2018-06-06,53.459999,53.459999,52.790001,53.000000,53.000000,80500
2018-06-07,53.299999,53.959999,52.810001,53.660000,53.660000,113500
2018-06-08,53.660000,53.810001,52.720001,53.680000,53.680000,96700
2018-06-11,53.700001,54.880001,53.630001,54.369999,54.369999,130000
2018-06-12,54.310001,54.759998,53.799999,54.119999,54.119999,107800
2018-06-13,54.080002,54.230000,53.230000,53.799999,53.799999,247700
2018-06-14,53.959999,54.380001,53.279999,53.990002,53.990002,123300
2018-06-15,53.470001,53.750000,53.099998,53.419998,53.419998,232600
2018-06-18,53.660000,55.520000,53.410000,55.369999,55.369999,167200
2018-06-19,55.119999,55.880001,54.770000,55.610001,55.610001,176000
2018-06-20,56.020000,57.700001,55.799999,57.029999,57.029999,167500
2018-06-21,57.009998,57.009998,56.000000,56.230000,56.230000,229200
2018-06-22,57.290001,57.849998,56.980000,57.430000,57.430000,248800
2018-06-25,57.150002,57.860001,56.410000,57.689999,57.689999,293200
2018-06-26,57.759998,57.869999,56.330002,56.540001,56.540001,201000
2018-06-27,56.830002,57.750000,56.299999,56.630001,56.630001,118700
2018-06-28,56.680000,57.639999,56.119999,57.180000,57.180000,118900
2018-06-29,57.180000,57.900002,56.980000,57.270000,57.270000,76000
2018-07-02,56.770000,57.029999,56.020000,56.270000,56.270000,127200
2018-07-03,56.779999,56.810001,55.599998,55.680000,55.680000,87700
2018-07-05,56.139999,56.160000,54.900002,55.369999,55.369999,189800
2018-07-06,55.189999,56.810001,55.189999,55.770000,55.770000,168600
2018-07-09,55.900002,56.320000,55.540001,55.849998,55.849998,140400
2018-07-10,55.889999,56.959999,54.720001,54.959999,54.959999,121000
2018-07-11,54.639999,55.369999,53.490002,54.450001,54.450001,148700
2018-07-12,54.860001,54.860001,52.759998,52.970001,52.970001,161300
2018-07-13,52.900002,53.880001,52.660000,53.590000,53.590000,82800
2018-07-16,53.299999,53.830002,51.860001,53.700001,53.700001,86000
2018-07-17,53.509998,54.080002,53.509998,53.570000,53.570000,116800
2018-07-18,53.470001,54.200001,53.330002,53.910000,53.910000,96600
2018-07-19,53.860001,54.799999,53.799999,54.500000,54.500000,99000
2018-07-20,54.529999,54.799999,53.900002,53.939999,53.939999,83600
2018-07-23,54.029999,54.950001,53.310001,53.950001,53.950001,61000
2018-07-24,54.330002,55.099998,53.930000,54.380001,54.380001,189600
2018-07-25,54.290001,54.790001,53.570000,53.980000,53.980000,62900
2018-07-26,57.950001,57.950001,53.119999,54.160000,54.160000,201300
2018-07-27,54.020000,54.430000,53.150002,53.250000,53.250000,105100
2018-07-30,53.369999,54.990002,53.020000,53.480000,53.480000,115400
2018-07-31,53.310001,53.570000,51.880001,52.770000,52.770000,153000
2018-08-01,52.669998,52.689999,51.060001,52.130001,52.130001,124800
2018-08-02,51.959999,52.459999,51.090000,51.660000,51.660000,112800
2018-08-03,51.459999,52.610001,50.590000,51.099998,51.099998,117300
2018-08-06,51.110001,51.740002,50.939999,51.380001,51.380001,128700
2018-08-07,51.490002,52.310001,51.439999,51.840000,51.840000,69500
2018-08-08,51.610001,51.919998,51.250000,51.430000,51.430000,153600
2018-08-09,51.520000,51.799999,50.830002,51.220001,51.220001,78200
2018-08-10,50.910000,51.799999,50.779999,51.419998,51.419998,54100
2018-08-13,51.380001,51.410000,50.020000,50.279999,50.279999,142600
2018-08-14,50.509998,51.860001,50.509998,51.709999,51.709999,108400
2018-08-15,51.430000,51.639999,50.380001,50.509998,50.509998,100600
2018-08-16,50.720001,51.439999,50.720001,51.029999,51.029999,89700
2018-08-17,51.020000,51.580002,50.000000,50.090000,50.090000,94900
2018-08-20,50.080002,50.970001,50.080002,50.910000,50.910000,56700
2018-08-21,51.139999,51.900002,51.139999,51.419998,51.419998,81400
2018-08-22,51.540001,52.080002,51.299999,51.959999,51.959999,68400
2018-08-23,51.750000,52.330002,51.660000,52.230000,52.230000,70200
2018-08-24,52.340000,53.580002,52.299999,53.099998,53.099998,106000
2018-08-27,53.130001,53.680000,52.020000,52.060001,52.060001,57600
2018-08-28,52.189999,52.500000,50.959999,51.680000,51.680000,70300
2018-08-29,51.820000,52.070000,51.220001,51.310001,51.310001,77700
2018-08-30,51.349998,51.750000,51.049999,51.380001,51.380001,83700
2018-08-31,51.189999,51.520000,50.799999,51.450001,51.450001,80200
2018-09-04,51.570000,51.599998,50.419998,51.020000,51.020000,86400
2018-09-05,50.990002,51.070000,49.880001,50.090000,50.090000,112900
2018-09-06,50.189999,50.259998,49.020000,49.360001,49.360001,130700
2018-09-07,49.060001,49.570000,48.369999,48.849998,48.849998,83000
2018-09-10,49.029999,49.869999,48.599998,48.689999,48.689999,111600
2018-09-11,48.650002,49.169998,48.480000,48.860001,48.860001,103600
2018-09-12,48.959999,49.560001,48.959999,49.230000,49.230000,91000
2018-09-13,49.340000,49.529999,48.759998,48.990002,48.990002,65500
2018-09-14,48.939999,49.889999,48.939999,49.450001,49.450001,84500
2018-09-17,48.849998,49.480000,48.560001,49.029999,49.029999,114100
2018-09-18,49.090000,49.610001,48.279999,48.700001,48.700001,91900
2018-09-19,48.750000,49.560001,48.250000,48.400002,48.400002,178500
2018-09-20,48.669998,49.750000,48.380001,49.029999,49.029999,83300
2018-09-21,49.099998,49.509998,48.740002,49.259998,49.259998,190100
2018-09-24,49.490002,49.910000,48.490002,49.380001,49.380001,74100
2018-09-25,49.529999,50.189999,49.410000,50.060001,50.060001,124500
2018-09-26,50.029999,50.230000,49.400002,49.470001,49.470001,84400
2018-09-27,49.500000,49.810001,48.930000,49.580002,49.580002,102600
2018-09-28,49.630001,50.430000,49.279999,49.410000,49.410000,125900
2018-10-01,49.770000,50.040001,49.360001,49.500000,49.500000,85100
2018-10-02,49.259998,49.799999,48.639999,49.029999,49.029999,80500
2018-10-03,49.130001,49.570000,48.459999,48.840000,48.840000,158800
2018-10-04,48.709999,49.709999,48.240002,48.540001,48.540001,96300
2018-10-05,48.549999,48.730000,47.669998,47.889999,47.889999,69400
2018-10-08,47.610001,47.810001,47.060001,47.650002,47.650002,91900
2018-10-09,47.549999,49.549999,47.549999,49.040001,49.040001,94200
2018-10-10,49.009998,49.009998,47.820000,47.849998,47.849998,98500
2018-10-11,47.599998,48.500000,46.830002,47.310001,47.310001,92200
2018-10-12,47.900002,48.110001,46.650002,47.099998,47.099998,70700
2018-10-15,47.110001,47.389999,46.439999,47.090000,47.090000,62100
2018-10-16,47.270000,48.349998,46.970001,48.090000,48.090000,65500
2018-10-17,48.049999,48.049999,47.150002,47.380001,47.380001,111900
2018-10-18,47.080002,47.160000,46.000000,46.570000,46.570000,71700
2018-10-19,46.490002,47.680000,46.490002,47.040001,47.040001,149900
2018-10-22,47.070000,47.509998,46.669998,47.389999,47.389999,57900
2018-10-23,46.709999,46.849998,45.389999,45.590000,45.590000,78500
2018-10-24,45.529999,47.360001,45.200001,46.070000,46.070000,180300
2018-10-25,46.570000,48.119999,46.570000,47.919998,47.919998,109300
2018-10-26,47.320000,48.580002,47.250000,47.910000,47.910000,87000
2018-10-29,48.320000,48.880001,46.930000,47.500000,47.500000,84400
2018-10-30,47.480000,49.849998,47.480000,49.419998,49.419998,76100
2018-10-31,49.840000,49.860001,47.820000,47.990002,47.990002,114900
2018-11-01,48.259998,48.950001,47.599998,48.099998,48.099998,104500
2018-11-02,48.349998,49.130001,48.349998,48.689999,48.689999,91600
2018-11-05,49.250000,49.990002,49.119999,49.779999,49.779999,90900
2018-11-06,49.910000,50.980000,49.470001,50.160000,50.160000,90200
2018-11-07,50.650002,51.240002,49.549999,50.820000,50.820000,113500
2018-11-08,50.639999,51.230000,50.500000,50.680000,50.680000,75700
2018-11-09,50.290001,50.290001,48.700001,49.000000,49.000000,85900
2018-11-12,49.049999,49.599998,47.990002,48.080002,48.080002,81400
2018-11-13,48.169998,48.169998,45.389999,45.439999,45.439999,104200
2018-11-14,46.070000,46.230000,44.680000,45.119999,45.119999,101500
2018-11-15,44.990002,45.740002,44.380001,45.430000,45.430000,73000
2018-11-16,45.529999,45.820000,45.020000,45.560001,45.560001,97200
2018-11-19,45.349998,45.779999,44.459999,44.529999,44.529999,101900
2018-11-20,43.880001,44.110001,42.450001,42.599998,42.599998,70900
2018-11-21,42.900002,43.639999,42.139999,42.250000,42.250000,114000
2018-11-23,41.520000,41.910000,40.590000,40.790001,40.790001,58200
2018-11-26,41.070000,41.619999,40.529999,41.419998,41.419998,81600
2018-11-27,41.150002,41.509998,40.150002,40.450001,40.450001,63100
2018-11-28,40.509998,42.080002,40.090000,41.759998,41.759998,86100
2018-11-29,41.720001,42.240002,41.240002,41.680000,41.680000,40100
2018-11-30,41.369999,41.770000,41.060001,41.540001,41.540001,111300
2018-12-03,42.279999,42.580002,41.200001,42.400002,42.400002,110400
2018-12-04,42.320000,42.400002,40.490002,40.639999,40.639999,82200
2018-12-06,39.959999,40.369999,39.400002,40.299999,40.299999,116400
2018-12-07,40.970001,41.340000,39.270000,39.599998,39.599998,127400
2018-12-10,39.230000,39.740002,38.549999,38.919998,38.919998,73000
2018-12-11,39.529999,40.029999,39.090000,39.869999,39.869999,77200
2018-12-12,40.430000,41.299999,40.270000,40.450001,40.450001,71900
2018-12-13,40.419998,40.490002,39.639999,39.820000,39.820000,63100
2018-12-14,39.490002,39.849998,38.939999,39.110001,39.110001,103000
2018-12-17,39.029999,40.160000,38.540001,38.730000,38.730000,131800
2018-12-18,38.840000,39.150002,38.099998,38.209999,38.209999,116900
2018-12-19,38.340000,38.779999,36.459999,36.790001,36.790001,107500
2018-12-20,36.310001,37.060001,36.270000,36.360001,36.360001,70400
2018-12-21,36.369999,37.410000,35.880001,36.110001,36.110001,264400
2018-12-24,35.939999,36.020000,34.959999,35.070000,35.070000,48900
2018-12-26,35.450001,36.500000,34.630001,36.419998,36.419998,76300
2018-12-27,35.720001,36.970001,34.630001,36.950001,36.950001,118800
2018-12-28,37.119999,37.900002,36.450001,37.230000,37.230000,83400
2018-12-31,37.560001,37.680000,36.070000,37.000000,37.000000,66900
2019-01-02,36.320000,37.939999,36.320000,37.919998,37.919998,71700
2019-01-03,37.820000,38.689999,37.060001,37.970001,37.970001,59500
2019-01-04,38.639999,40.020000,38.639999,39.990002,39.990002,103700
2019-01-07,40.369999,40.709999,39.910000,40.310001,40.310001,41100
2019-01-08,41.080002,41.080002,40.270000,40.709999,40.709999,49800
2019-01-09,41.230000,41.450001,40.799999,41.209999,41.209999,54500
2019-01-10,40.810001,41.410000,40.360001,40.869999,40.869999,37600
2019-01-11,40.560001,41.020000,39.869999,40.919998,40.919998,53400
2019-01-14,40.619999,41.029999,40.369999,40.580002,40.580002,53800
2019-01-15,40.709999,41.139999,40.200001,40.650002,40.650002,57300
2019-01-16,40.650002,41.580002,40.619999,41.320000,41.320000,56300
2019-01-17,40.880001,42.099998,40.700001,42.060001,42.060001,89000
2019-01-18,42.549999,42.630001,41.680000,42.459999,42.459999,58700
2019-01-22,41.980000,42.299999,40.950001,41.310001,41.310001,58400
2019-01-23,41.470001,41.470001,39.720001,40.279999,40.279999,66600
2019-01-24,40.259998,41.279999,40.090000,40.820000,40.820000,32900
2019-01-25,41.180000,42.459999,41.180000,42.169998,42.169998,53900
2019-01-28,41.529999,41.990002,40.779999,41.200001,41.200001,48000
2019-01-29,41.560001,42.279999,40.950001,41.310001,41.310001,61700
2019-01-30,41.529999,42.189999,41.259998,41.750000,41.750000,35200
2019-01-31,41.790001,42.189999,40.950001,41.389999,41.389999,46200
2019-02-01,41.470001,42.349998,41.040001,42.150002,42.150002,58600
2019-02-04,42.009998,42.310001,41.540001,42.209999,42.209999,49800
2019-02-05,42.220001,42.459999,41.560001,41.869999,41.869999,25700
2019-02-06,41.889999,42.160000,41.570000,41.880001,41.880001,33400
2019-02-07,41.669998,41.869999,41.160000,41.349998,41.349998,64500
2019-02-08,41.200001,42.180000,41.119999,42.160000,42.160000,58000
2019-02-11,42.090000,43.169998,41.470001,43.099998,43.099998,46400
2019-02-12,43.419998,44.330002,43.419998,44.230000,44.230000,73300
2019-02-13,44.470001,45.419998,44.470001,45.110001,45.110001,63500
2019-02-14,45.000000,45.849998,44.250000,45.020000,45.020000,83500
2019-02-15,45.470001,46.380001,45.439999,46.060001,46.060001,78700
2019-02-19,45.840000,47.119999,45.840000,47.090000,47.090000,76800
2019-02-20,47.029999,48.180000,47.029999,47.910000,47.910000,65600
2019-02-21,47.619999,47.650002,46.560001,47.509998,47.509998,55300
2019-02-22,47.990002,47.990002,47.459999,47.869999,47.869999,46400
2019-02-25,47.840000,48.419998,47.500000,48.110001,48.110001,64600
2019-02-26,48.320000,48.720001,47.560001,47.880001,47.880001,61100
2019-02-27,47.599998,48.410000,45.570000,46.029999,46.029999,80400
2019-02-28,45.750000,45.750000,44.209999,44.660000,44.660000,119500
2019-03-01,45.070000,45.700001,44.709999,45.189999,45.189999,95300
2019-03-04,45.459999,45.759998,42.730000,43.200001,43.200001,97700
2019-03-05,43.509998,43.509998,42.310001,42.490002,42.490002,86000
2019-03-06,42.549999,42.549999,41.209999,41.669998,41.669998,85600
2019-03-07,41.509998,41.509998,40.849998,41.029999,41.029999,110000
2019-03-08,40.720001,40.849998,39.750000,39.830002,39.830002,78300
2019-03-11,39.980000,41.270000,39.790001,41.119999,41.119999,174200
2019-03-12,41.119999,42.060001,41.119999,42.000000,42.000000,82700
2019-03-13,42.110001,42.830002,42.009998,42.410000,42.410000,90600
2019-03-14,42.380001,43.020000,42.270000,42.709999,42.709999,64200
2019-03-15,42.689999,43.410000,42.450001,42.599998,42.599998,187300
2019-03-18,42.840000,43.750000,42.099998,42.990002,42.990002,80100
2019-03-19,43.230000,43.660000,42.560001,42.599998,42.599998,46300
2019-03-20,42.529999,43.540001,42.110001,42.840000,42.840000,84900
2019-03-21,42.700001,43.849998,42.700001,43.169998,43.169998,87900
2019-03-22,42.889999,42.889999,41.060001,41.310001,41.310001,98300
2019-03-25,41.139999,42.560001,40.880001,42.439999,42.439999,71300
2019-03-26,42.889999,43.320000,42.639999,42.759998,42.759998,62100
2019-03-27,42.840000,43.459999,42.630001,43.110001,43.110001,54600
2019-03-28,43.040001,43.630001,42.580002,43.070000,43.070000,60800
2019-03-29,43.490002,43.590000,42.250000,42.279999,42.279999,91400
2019-04-01,42.919998,43.630001,42.590000,43.400002,43.400002,61400
2019-04-02,43.500000,43.770000,42.080002,42.119999,42.119999,38800
2019-04-03,42.450001,42.450001,41.520000,41.720001,41.720001,54400
2019-04-04,41.840000,42.529999,41.520000,42.419998,42.419998,37200
2019-04-05,42.500000,43.099998,42.090000,43.009998,43.009998,45800
2019-04-08,43.200001,43.439999,42.840000,43.009998,43.009998,39700
2019-04-09,42.830002,43.150002,42.389999,42.830002,42.830002,74200
2019-04-10,42.970001,44.459999,42.860001,44.110001,44.110001,111800
2019-04-11,44.060001,44.380001,42.950001,43.150002,43.150002,53100
2019-04-12,44.240002,44.240002,42.590000,42.799999,42.799999,49800
2019-04-15,42.849998,43.450001,42.259998,42.939999,42.939999,54600
2019-04-16,43.160000,44.090000,42.720001,43.740002,43.740002,49900
2019-04-17,44.009998,44.400002,43.669998,44.299999,44.299999,53600
2019-04-18,44.410000,44.650002,43.730000,43.990002,43.990002,38800
2019-04-22,44.070000,44.270000,43.389999,43.910000,43.910000,48500
2019-04-23,44.259998,44.730000,43.470001,44.430000,44.430000,48300
2019-04-24,44.369999,44.490002,43.680000,44.150002,44.150002,45200
2019-04-25,44.279999,44.730000,42.619999,43.930000,43.930000,58800
2019-04-26,43.650002,45.099998,43.490002,45.070000,45.070000,73600
2019-04-29,45.009998,45.439999,44.580002,45.310001,45.310001,45100
2019-04-30,45.619999,45.619999,44.529999,44.540001,44.540001,168300
2019-05-01,44.680000,44.840000,43.700001,44.080002,44.080002,123600
2019-05-02,44.060001,44.790001,43.720001,44.360001,44.360001,44300
2019-05-03,44.900002,46.279999,44.720001,45.910000,45.910000,50100
2019-05-06,44.990002,46.799999,44.990002,46.680000,46.680000,65600
2019-05-07,46.009998,46.369999,45.080002,45.660000,45.660000,66900
2019-05-08,45.650002,46.310001,43.880001,44.150002,44.150002,66000
2019-05-09,43.740002,44.520000,43.290001,44.090000,44.090000,39800
2019-05-10,43.849998,44.480000,43.119999,44.119999,44.119999,41100
2019-05-13,43.459999,44.150002,42.790001,43.930000,43.930000,62600
2019-05-14,44.209999,45.049999,44.099998,44.570000,44.570000,46300
2019-05-15,44.220001,45.180000,44.080002,45.130001,45.130001,48600
2019-05-16,45.349998,46.040001,45.150002,45.209999,45.209999,33400
2019-05-17,44.840000,45.459999,44.520000,44.570000,44.570000,36300
2019-05-20,44.320000,45.439999,44.080002,44.980000,44.980000,43900
2019-05-21,45.189999,45.820000,44.770000,45.000000,45.000000,36800
2019-05-22,44.700001,45.150002,43.759998,44.110001,44.110001,34200
2019-05-23,43.189999,43.189999,41.720001,42.160000,42.160000,74300
2019-05-24,42.830002,43.029999,42.360001,42.770000,42.770000,68700
2019-05-28,42.830002,43.840000,42.619999,43.770000,43.770000,115100
2019-05-29,43.509998,43.509998,41.980000,42.970001,42.970001,48800
2019-05-30,42.889999,43.639999,42.029999,42.470001,42.470001,40900
2019-05-31,41.720001,42.139999,41.209999,41.610001,41.610001,64000
2019-06-03,42.029999,42.509998,41.740002,41.980000,41.980000,61300
2019-06-04,42.360001,43.330002,41.889999,43.060001,43.060001,37100
2019-06-05,42.900002,43.360001,42.349998,42.730000,42.730000,64900
2019-06-06,42.930000,43.220001,42.090000,42.939999,42.939999,97200
2019-06-07,43.270000,44.070000,42.990002,43.220001,43.220001,73900
2019-06-10,43.450001,44.529999,43.060001,43.619999,43.619999,46000
2019-06-11,44.209999,44.230000,42.919998,43.240002,43.240002,69500
2019-06-12,43.169998,43.889999,41.619999,42.209999,42.209999,66800
2019-06-13,42.549999,43.549999,42.110001,43.000000,43.000000,52200
2019-06-14,42.910000,43.630001,42.340000,42.849998,42.849998,56500
2019-06-17,43.000000,44.130001,42.450001,43.930000,43.930000,51800
2019-06-18,44.230000,45.119999,44.230000,44.590000,44.590000,42000
2019-06-19,44.660000,45.169998,43.529999,44.560001,44.560001,51800
2019-06-20,45.220001,46.040001,45.060001,45.509998,45.509998,61100
2019-06-21,45.299999,46.000000,43.970001,44.180000,44.180000,102500
2019-06-24,44.560001,44.770000,42.910000,43.099998,43.099998,89100
2019-06-25,43.360001,45.770000,42.480000,45.400002,45.400002,143000
2019-06-26,45.820000,46.590000,45.419998,45.450001,45.450001,51800
2019-06-27,45.750000,46.389999,45.549999,46.220001,46.220001,54000
2019-06-28,46.119999,47.709999,46.119999,47.509998,47.509998,150100
2019-07-01,48.160000,49.070000,47.330002,47.750000,47.750000,55900
2019-07-02,47.689999,48.310001,46.450001,46.709999,46.709999,56400
2019-07-03,46.599998,47.259998,46.060001,47.259998,47.259998,22000
2019-07-05,46.980000,47.480000,46.590000,47.360001,47.360001,39600
2019-07-08,47.410000,48.230000,46.860001,47.509998,47.509998,86900
2019-07-09,47.310001,47.529999,46.799999,47.250000,47.250000,53100
2019-07-10,47.549999,47.959999,46.750000,47.360001,47.360001,66300
2019-07-11,47.430000,47.910000,46.689999,47.439999,47.439999,81500
2019-07-12,49.099998,49.099998,46.830002,47.770000,47.770000,65400
2019-07-15,47.810001,48.000000,47.049999,47.790001,47.790001,84800
2019-07-16,47.650002,48.630001,47.299999,47.990002,47.990002,96800
2019-07-17,47.959999,48.099998,46.860001,47.150002,47.150002,57800
2019-07-18,47.790001,47.820000,46.380001,47.610001,47.610001,49700
2019-07-19,47.419998,48.430000,47.169998,48.099998,48.099998,74400
2019-07-22,48.160000,49.000000,47.580002,47.610001,47.610001,92100
2019-07-23,48.049999,48.900002,47.680000,48.750000,48.750000,67900
2019-07-24,48.389999,49.700001,48.189999,49.209999,49.209999,94600
2019-07-25,49.970001,49.970001,47.779999,48.650002,48.650002,100200
2019-07-26,48.709999,50.380001,48.090000,49.700001,49.700001,113300
2019-07-29,49.720001,49.820000,47.750000,48.320000,48.320000,67900
2019-07-30,47.860001,48.619999,47.709999,48.430000,48.430000,144900
2019-07-31,48.279999,49.139999,47.520000,47.639999,47.639999,188700
2019-08-01,47.709999,47.900002,45.810001,46.669998,46.669998,88300
2019-08-02,46.459999,46.459999,45.200001,45.610001,45.610001,53100
2019-08-05,44.770000,45.709999,43.799999,45.560001,45.560001,79400
2019-08-06,46.099998,46.349998,45.080002,45.980000,45.980000,92200
2019-08-07,45.130001,46.119999,45.130001,45.919998,45.919998,74600
2019-08-08,46.299999,47.689999,45.750000,47.540001,47.540001,71400
2019-08-09,47.310001,47.389999,46.320000,46.389999,46.389999,77500
2019-08-12,46.090000,46.259998,44.560001,44.790001,44.790001,73600
2019-08-13,44.580002,46.500000,44.580002,45.369999,45.369999,50300
2019-08-14,44.419998,45.020000,43.360001,43.700001,43.700001,72900
2019-08-15,43.849998,44.200001,43.139999,44.029999,44.029999,77600
2019-08-16,44.180000,45.900002,44.180000,45.360001,45.360001,82900
2019-08-19,46.110001,47.650002,45.500000,47.020000,47.020000,57100
2019-08-20,46.750000,47.619999,46.450001,47.290001,47.290001,67200
2019-08-21,47.980000,48.259998,47.310001,47.529999,47.529999,69500
2019-08-22,47.770000,48.680000,47.250000,47.480000,47.480000,51600
2019-08-23,47.040001,47.709999,45.160000,45.490002,45.490002,74400
2019-08-26,46.130001,46.630001,45.160000,46.529999,46.529999,63900
2019-08-27,47.040001,47.320000,45.630001,45.840000,45.840000,79800
2019-08-28,45.820000,47.500000,45.700001,46.689999,46.689999,46700
2019-08-29,47.340000,48.150002,47.299999,47.450001,47.450001,80500
2019-08-30,47.919998,48.310001,46.419998,46.970001,46.970001,56900
2019-09-03,45.990002,47.060001,45.590000,46.919998,46.919998,105800
2019-09-04,47.720001,47.840000,46.450001,47.200001,47.200001,69700
2019-09-05,47.820000,49.720001,47.230000,48.549999,48.549999,69300
2019-09-06,48.599998,48.790001,46.880001,47.240002,47.240002,120300
2019-09-09,47.770000,47.880001,46.459999,47.299999,47.299999,137900
2019-09-10,47.459999,49.000000,46.570000,48.889999,48.889999,124300
2019-09-11,49.000000,49.730000,48.209999,49.090000,49.090000,126400
2019-09-12,48.689999,50.000000,47.349998,49.759998,49.759998,111200
2019-09-13,50.049999,50.980000,49.869999,49.980000,49.980000,98000
2019-09-16,50.320000,51.419998,49.660000,49.900002,49.900002,116400
2019-09-17,49.299999,49.810001,47.990002,48.020000,48.020000,73600
2019-09-18,47.459999,48.430000,47.049999,47.529999,47.529999,101100
2019-09-19,47.860001,48.450001,47.009998,47.189999,47.189999,85400
2019-09-20,47.340000,48.299999,46.660000,46.820000,46.820000,163500
2019-09-23,46.400002,48.139999,46.040001,48.000000,48.000000,110100
2019-09-24,47.919998,48.650002,47.169998,48.200001,48.200001,176900
2019-09-25,48.279999,50.720001,47.700001,49.810001,49.810001,130100
2019-09-26,49.580002,49.580002,47.889999,47.910000,47.910000,72200
2019-09-27,47.959999,48.490002,47.200001,47.340000,47.340000,80700
2019-09-30,47.389999,47.509998,47.020000,47.070000,47.070000,54100
2019-10-01,47.529999,48.349998,46.160000,46.160000,46.160000,101700
2019-10-02,45.880001,46.849998,45.459999,46.049999,46.049999,113000
2019-10-03,45.639999,46.750000,45.360001,46.389999,46.389999,81800
2019-10-04,46.349998,47.480000,46.189999,47.400002,47.400002,87300
2019-10-07,47.160000,48.009998,46.750000,47.230000,47.230000,192700
2019-10-08,46.799999,46.919998,44.509998,44.720001,44.720001,95600
2019-10-09,44.860001,45.820000,44.650002,45.340000,45.340000,68300
2019-10-10,45.490002,46.070000,45.090000,45.639999,45.639999,80800
2019-10-11,46.840000,47.689999,45.970001,47.380001,47.380001,152200
2019-10-14,47.250000,47.389999,46.009998,46.959999,46.959999,112000
2019-10-15,46.799999,47.470001,45.849998,46.560001,46.560001,102100
2019-10-16,46.360001,47.320000,45.860001,46.840000,46.840000,64300
2019-10-17,47.110001,47.830002,46.720001,47.459999,47.459999,78300
2019-10-18,47.250000,48.110001,46.450001,46.500000,46.500000,69100
2019-10-21,46.919998,47.799999,46.880001,47.040001,47.040001,85400
2019-10-22,47.000000,48.000000,46.540001,47.400002,47.400002,67400
2019-10-23,47.400002,48.459999,46.189999,47.830002,47.830002,109100
2019-10-24,48.029999,48.209999,45.810001,45.860001,45.860001,70500
2019-10-25,45.950001,46.549999,45.750000,46.369999,46.369999,62700
2019-10-28,46.529999,46.820000,45.709999,45.900002,45.900002,88600
2019-10-29,44.650002,46.000000,43.150002,45.750000,45.750000,141300
2019-10-30,45.000000,45.000000,42.709999,43.160000,43.160000,144000
2019-10-31,43.029999,43.230000,42.509998,42.910000,42.910000,71000
2019-11-01,43.400002,43.830002,43.029999,43.410000,43.410000,54100
2019-11-04,44.080002,44.779999,43.680000,44.400002,44.400002,71700
2019-11-05,44.419998,45.369999,43.750000,43.970001,43.970001,73200
2019-11-06,43.959999,44.000000,42.700001,42.709999,42.709999,147500
2019-11-07,43.389999,44.139999,42.180000,42.560001,42.560001,78200
2019-11-08,42.060001,42.869999,41.750000,42.310001,42.310001,91000
2019-11-11,42.009998,42.990002,41.869999,42.810001,42.810001,85800
2019-11-12,42.580002,43.000000,42.009998,42.320000,42.320000,60800
2019-11-13,42.049999,42.889999,41.820000,42.340000,42.340000,79700
2019-11-14,42.299999,43.009998,42.049999,42.299999,42.299999,48400
2019-11-15,42.570000,42.959999,42.200001,42.480000,42.480000,56400
2019-11-18,42.250000,42.869999,41.020000,41.049999,41.049999,61900
2019-11-19,40.970001,41.160000,40.439999,40.669998,40.669998,66900
2019-11-20,40.459999,41.119999,40.169998,40.509998,40.509998,81000
2019-11-21,40.529999,40.810001,39.810001,40.750000,40.750000,96800
2019-11-22,40.849998,41.209999,40.630001,41.000000,41.000000,82600
2019-11-25,41.130001,42.689999,41.000000,42.029999,42.029999,183000
2019-11-26,42.080002,42.529999,41.869999,42.000000,42.000000,99700
2019-11-27,42.160000,42.799999,41.900002,42.560001,42.560001,78000
2019-11-29,42.119999,42.580002,41.750000,42.340000,42.340000,51700
2019-12-02,42.230000,42.230000,41.189999,41.830002,41.830002,139700
2019-12-03,41.320000,41.480000,40.630001,40.740002,40.740002,106700
2019-12-04,41.020000,42.009998,41.020000,41.910000,41.910000,138300
2019-12-05,42.169998,42.209999,41.439999,41.580002,41.580002,200100
2019-12-06,41.790001,42.250000,41.610001,41.720001,41.720001,244700
2019-12-09,41.540001,42.070000,41.320000,42.000000,42.000000,136400
2019-12-10,41.990002,42.369999,41.860001,42.020000,42.020000,90700
2019-12-11,42.020000,42.299999,41.689999,42.060001,42.060001,91600
2019-12-12,41.930000,42.689999,41.759998,42.270000,42.270000,93600
2019-12-13,42.160000,42.770000,41.619999,41.849998,41.849998,160700
2019-12-16,42.130001,42.299999,41.580002,41.650002,41.650002,196900
2019-12-17,41.750000,42.330002,41.570000,42.270000,42.270000,178500
2019-12-18,42.360001,43.500000,42.220001,42.820000,42.820000,96900
2019-12-19,42.820000,43.070000,42.119999,42.189999,42.189999,62900
2019-12-20,42.369999,42.630001,42.040001,42.250000,42.250000,415000
2019-12-23,42.270000,44.020000,41.889999,43.770000,43.770000,99600
2019-12-24,43.759998,43.970001,43.480000,43.590000,43.590000,76700
2019-12-26,43.730000,44.189999,43.540001,43.810001,43.810001,54400
2019-12-27,43.910000,44.000000,42.880001,42.939999,42.939999,57800
2019-12-30,42.930000,43.389999,42.730000,42.990002,42.990002,53300
2019-12-31,42.750000,43.180000,42.680000,43.150002,43.150002,83700
2020-01-02,45.230000,47.700001,44.950001,45.630001,45.630001,130900
2020-01-03,45.520000,45.549999,43.790001,44.110001,44.110001,128000
2020-01-06,43.930000,44.500000,43.730000,44.230000,44.230000,84400
2020-01-07,43.840000,44.020000,42.700001,43.200001,43.200001,90600
2020-01-08,43.029999,43.250000,42.119999,42.119999,42.119999,71700
2020-01-09,42.160000,42.430000,41.720001,42.029999,42.029999,66200
2020-01-10,41.930000,41.950001,40.709999,41.180000,41.180000,67000
2020-01-13,41.160000,42.099998,40.700001,41.700001,41.700001,81800
2020-01-14,41.500000,42.029999,41.209999,41.520000,41.520000,68000
2020-01-15,41.310001,42.070000,41.310001,41.799999,41.799999,95600
2020-01-16,42.070000,42.820000,42.020000,42.119999,42.119999,101100
2020-01-17,42.419998,42.570000,41.869999,42.119999,42.119999,66000
2020-01-21,41.820000,42.110001,41.619999,41.849998,41.849998,72600
2020-01-22,41.799999,41.849998,41.060001,41.099998,41.099998,105400
2020-01-23,40.630001,40.790001,39.720001,39.880001,39.880001,115800
2020-01-24,39.750000,39.970001,39.110001,39.459999,39.459999,110300
2020-01-27,38.779999,38.950001,38.080002,38.490002,38.490002,100600
2020-01-28,38.700001,38.990002,38.360001,38.540001,38.540001,96800
2020-01-29,38.630001,38.720001,38.220001,38.630001,38.630001,130600
2020-01-30,38.150002,38.490002,37.869999,38.459999,38.459999,85200
2020-01-31,37.959999,38.410000,37.410000,37.590000,37.590000,145300
2020-02-03,37.500000,39.099998,37.500000,39.070000,39.070000,120600
2020-02-04,39.660000,39.889999,39.160000,39.470001,39.470001,155300
2020-02-05,40.060001,40.770000,39.939999,40.680000,40.680000,109900
2020-02-06,40.709999,41.180000,39.799999,39.900002,39.900002,66600
2020-02-07,39.490002,39.830002,39.250000,39.730000,39.730000,41200
2020-02-10,39.480000,39.480000,38.990002,39.360001,39.360001,52400
2020-02-11,39.849998,40.410000,39.450001,40.349998,40.349998,45400
2020-02-12,40.970001,41.020000,40.389999,40.520000,40.520000,60200
2020-02-13,40.320000,41.139999,40.279999,41.119999,41.119999,34700
2020-02-14,41.000000,41.230000,40.299999,40.720001,40.720001,68000
2020-02-18,40.700001,41.360001,40.570000,41.360001,41.360001,68600
2020-02-19,41.490002,42.419998,41.290001,42.320000,42.320000,66600
2020-02-20,42.240002,42.820000,42.189999,42.330002,42.330002,54700
2020-02-21,42.279999,42.279999,41.290001,41.560001,41.560001,55300
2020-02-24,39.759998,40.419998,39.720001,40.130001,40.130001,78500
2020-02-25,40.130001,40.369999,39.080002,39.139999,39.139999,72200
2020-02-26,39.540001,40.189999,37.470001,37.639999,37.639999,74800
2020-02-27,36.810001,38.490002,36.139999,36.150002,36.150002,85000
2020-02-28,34.840000,37.299999,34.840000,37.299999,37.299999,194800
2020-03-02,36.759998,37.599998,33.349998,35.070000,35.070000,191200
2020-03-03,35.040001,35.330002,33.509998,34.000000,34.000000,188900
2020-03-04,34.419998,34.419998,31.590000,32.650002,32.650002,198800
2020-03-05,31.850000,32.250000,29.639999,30.299999,30.299999,162300
2020-03-06,29.139999,30.540001,29.090000,30.070000,30.070000,153500
2020-03-09,27.799999,28.580000,24.780001,25.370001,25.370001,156000
2020-03-10,26.219999,28.219999,25.690001,28.170000,28.170000,188500
2020-03-11,27.190001,27.190001,25.049999,25.370001,25.370001,171800
2020-03-12,24.309999,25.459999,23.750000,23.770000,23.770000,161700
2020-03-13,25.219999,28.170000,24.389999,27.910000,27.910000,199600
2020-03-16,26.020000,28.700001,24.900000,26.330000,26.330000,151800
2020-03-17,26.870001,30.770000,26.299999,30.059999,30.059999,196100
2020-03-18,28.070000,30.650000,26.660000,28.750000,28.750000,176200
2020-03-19,28.969999,30.320000,24.889999,25.090000,25.090000,125400
2020-03-20,24.910000,25.879999,22.879999,23.090000,23.090000,160500
2020-03-23,23.240000,25.540001,22.230000,23.940001,23.940001,167900
2020-03-24,25.209999,26.950001,24.190001,26.770000,26.770000,149300